timestamp,disch1,disch2,disch3
1984-12-30 00:00:00,227.7,41.0,499.9
1984-12-31 00:00:00,296.6,76.0,279.44
1985-01-01 00:00:00,296.6,76.0,400.93
1985-01-02 00:00:00,271.1,94.0,305.53
1985-01-03 00:00:00,278.7,98.0,342.35
1985-01-04 00:00:00,282.4,98.0,454.29
1985-01-05 00:00:00,136.1,70.0,411.68
1985-01-06 00:00:00,153.3,53.0,406.12
1985-01-07 00:00:00,610.8,96.0,471.78
1985-01-08 00:00:00,425.8,87.0,859.47
1985-01-09 00:00:00,224.9,130.0,388.67
1985-01-10 00:00:00,331.4,128.0,450.3
1985-01-11 00:00:00,343.5,125.0,447.51
1985-01-12 00:00:00,197.4,110.0,471.26
1985-01-13 00:00:00,194.8,108.0,302.83
1985-01-14 00:00:00,293.2,86.0,372.08
1985-01-15 00:00:00,294.6,83.0,367.31
1985-01-16 00:00:00,385.9,88.0,440.79
1985-01-17 00:00:00,344.7,61.0,524.61
1985-01-18 00:00:00,460.1,38.0,603.95
1985-01-19 00:00:00,388.8,47.0,666.55
1985-01-20 00:00:00,494.3,2.0,472.71
1985-01-21 00:00:00,1378.3,50.0,2117.44
1985-01-22 00:00:00,1877.2,49.0,2785.67
1985-01-23 00:00:00,1255.8,59.0,1813.61
1985-01-24 00:00:00,819.0,70.0,1402.19
1985-01-25 00:00:00,969.0,88.0,1140.24
1985-01-26 00:00:00,1493.7,37.0,2244.73
1985-01-27 00:00:00,1457.4,12.0,1884.16
1985-01-28 00:00:00,1067.0,50.0,1548.93
1985-01-29 00:00:00,937.5,70.0,1169.65
1985-01-30 00:00:00,1313.1,47.0,1069.65
1985-01-31 00:00:00,801.8,56.0,999.5
1985-02-01 00:00:00,928.6,41.0,1065.0
1985-02-02 00:00:00,681.8,5.0,1009.31
1985-02-03 00:00:00,808.9,0.0,826.91
1985-02-04 00:00:00,650.9,76.0,906.93
1985-02-05 00:00:00,857.9,71.0,738.41
1985-02-06 00:00:00,1352.7,78.0,1563.75
1985-02-07 00:00:00,956.2,86.0,1427.28
1985-02-08 00:00:00,924.6,123.0,1540.26
1985-02-09 00:00:00,1078.4,502.0,2494.49
1985-02-10 00:00:00,1409.2,285.0,2461.11
1985-02-11 00:00:00,1203.0,357.0,2227.44
1985-02-12 00:00:00,1205.0,767.0,2577.85
1985-02-13 00:00:00,1407.9,590.0,2761.38
1985-02-14 00:00:00,1537.0,392.0,2554.36
1985-02-15 00:00:00,1486.2,471.0,2417.87
1985-02-16 00:00:00,1401.3,907.0,3102.4
1985-02-17 00:00:00,1556.0,857.0,3251.15
1985-02-18 00:00:00,1421.9,701.0,3132.42
1985-02-19 00:00:00,1024.3,440.0,2095.76
1985-02-20 00:00:00,1241.0,337.0,1898.2
1985-02-21 00:00:00,905.5,278.0,1456.15
1985-02-22 00:00:00,1018.6,223.0,1464.66
1985-02-23 00:00:00,805.9,192.0,1412.11
1985-02-24 00:00:00,677.5,190.0,1060.5
1985-02-25 00:00:00,1097.1,123.0,1272.06
1985-02-26 00:00:00,960.1,173.0,1429.37
1985-02-27 00:00:00,708.1,123.0,1191.82
1985-02-28 00:00:00,594.9,169.0,964.41
1985-03-01 00:00:00,482.7,227.0,938.54
1985-03-02 00:00:00,332.9,256.0,976.56
1985-03-03 00:00:00,97.9,144.0,398.29
1985-03-04 00:00:00,450.6,166.0,577.13
1985-03-05 00:00:00,393.9,140.0,661.88
1985-03-06 00:00:00,531.9,135.0,654.84
1985-03-07 00:00:00,669.5,165.0,969.66
1985-03-08 00:00:00,579.7,123.0,889.63
1985-03-09 00:00:00,300.8,123.0,636.35
1985-03-10 00:00:00,201.7,123.0,416.53
1985-03-11 00:00:00,640.0,113.0,479.07
1985-03-12 00:00:00,712.1,86.0,975.29
1985-03-13 00:00:00,580.8,74.0,838.55
1985-03-14 00:00:00,323.3,81.0,591.86
1985-03-15 00:00:00,178.9,95.0,368.24
1985-03-16 00:00:00,185.3,40.0,276.91
1985-03-17 00:00:00,375.9,2.0,289.9
1985-03-18 00:00:00,487.5,73.0,597.64
1985-03-19 00:00:00,169.9,86.0,415.05
1985-03-20 00:00:00,450.9,86.0,425.38
1985-03-21 00:00:00,563.8,78.0,652.3
1985-03-22 00:00:00,597.3,82.0,763.16
1985-03-23 00:00:00,9.8,78.0,410.22
1985-03-24 00:00:00,0.0,31.0,123.76
1985-03-25 00:00:00,288.7,72.0,136.95
1985-03-26 00:00:00,352.4,84.0,317.46
1985-03-27 00:00:00,201.8,75.0,417.73
1985-03-28 00:00:00,337.5,64.0,292.29
1985-03-29 00:00:00,200.4,75.0,455.57
1985-03-30 00:00:00,122.8,68.0,244.11
1985-03-31 00:00:00,52.1,44.0,178.76
1985-04-01 00:00:00,162.3,69.0,230.84
1985-04-02 00:00:00,290.2,55.0,320.31
1985-04-03 00:00:00,54.9,77.0,246.66
1985-04-04 00:00:00,232.4,75.0,206.35
1985-04-05 00:00:00,312.9,18.0,424.62
1985-04-06 00:00:00,247.9,41.0,329.34
1985-04-07 00:00:00,141.8,6.0,313.02
1985-04-08 00:00:00,213.4,81.0,340.2
1985-04-09 00:00:00,289.2,122.0,580.04
1985-04-10 00:00:00,232.5,121.0,375.86
1985-04-11 00:00:00,226.8,121.0,486.1
1985-04-12 00:00:00,122.7,121.0,354.15
1985-04-13 00:00:00,101.8,121.0,270.01
1985-04-14 00:00:00,30.9,48.0,202.31
1985-04-15 00:00:00,156.8,103.0,220.96
1985-04-16 00:00:00,241.5,47.0,252.23
1985-04-17 00:00:00,294.7,76.0,376.99
1985-04-18 00:00:00,280.8,73.0,406.92
1985-04-19 00:00:00,271.5,73.0,365.64
1985-04-20 00:00:00,239.6,87.0,397.85
1985-04-21 00:00:00,330.8,1.0,325.23
1985-04-22 00:00:00,199.5,82.0,412.47
1985-04-23 00:00:00,128.4,120.0,262.98
1985-04-24 00:00:00,154.5,118.0,324.45
1985-04-25 00:00:00,78.6,21.0,285.37
1985-04-26 00:00:00,176.5,80.0,292.25
1985-04-27 00:00:00,62.2,117.0,314.28
1985-04-28 00:00:00,154.1,86.0,243.33
1985-04-29 00:00:00,138.8,118.0,319.28
1985-04-30 00:00:00,264.6,108.0,380.12
1985-05-01 00:00:00,122.5,55.0,310.73
1985-05-02 00:00:00,253.6,90.0,279.71
1985-05-03 00:00:00,209.3,103.0,376.53
1985-05-04 00:00:00,111.8,97.0,318.26
1985-05-05 00:00:00,92.9,27.0,159.86
1985-05-06 00:00:00,304.3,77.0,283.99
1985-05-07 00:00:00,347.2,75.0,451.5
1985-05-08 00:00:00,459.7,72.0,519.0
1985-05-09 00:00:00,497.0,60.0,585.35
1985-05-10 00:00:00,420.0,72.0,525.06
1985-05-11 00:00:00,421.3,73.0,506.83
1985-05-12 00:00:00,422.3,14.0,459.58
1985-05-13 00:00:00,518.4,76.0,514.23
1985-05-14 00:00:00,308.6,68.0,600.9
1985-05-15 00:00:00,97.0,92.0,278.34
1985-05-16 00:00:00,300.6,46.0,308.0
1985-05-17 00:00:00,120.9,75.0,320.97
1985-05-18 00:00:00,55.0,61.0,232.12
1985-05-19 00:00:00,52.2,26.0,101.07
1985-05-20 00:00:00,176.1,32.0,199.5
1985-05-21 00:00:00,92.9,35.0,255.18
1985-05-22 00:00:00,92.8,42.0,169.37
1985-05-23 00:00:00,72.7,68.0,187.71
1985-05-24 00:00:00,52.8,80.0,214.08
1985-05-25 00:00:00,57.9,8.0,112.96
1985-05-26 00:00:00,21.9,2.0,107.54
1985-05-27 00:00:00,34.8,59.0,111.97
1985-05-28 00:00:00,17.3,59.0,131.41
1985-05-29 00:00:00,164.8,46.0,123.19
1985-05-30 00:00:00,270.7,34.0,384.95
1985-05-31 00:00:00,114.4,43.0,251.39
1985-06-01 00:00:00,70.1,11.0,159.06
1985-06-02 00:00:00,37.1,0.0,134.76
1985-06-03 00:00:00,186.1,31.0,168.29
1985-06-04 00:00:00,183.3,13.0,254.81
1985-06-05 00:00:00,200.9,46.0,263.55
1985-06-06 00:00:00,87.3,2.0,278.35
1985-06-07 00:00:00,318.5,47.0,236.84
1985-06-08 00:00:00,319.6,53.0,470.99
1985-06-09 00:00:00,127.2,27.0,307.67
1985-06-10 00:00:00,182.3,24.0,212.13
1985-06-11 00:00:00,217.1,59.0,271.41
1985-06-12 00:00:00,353.9,53.0,422.9
1985-06-13 00:00:00,420.4,72.0,512.64
1985-06-14 00:00:00,425.8,55.0,508.16
1985-06-15 00:00:00,220.9,38.0,347.02
1985-06-16 00:00:00,61.3,3.0,171.42
1985-06-17 00:00:00,381.5,55.0,371.86
1985-06-18 00:00:00,420.7,45.0,548.33
1985-06-19 00:00:00,358.3,58.0,457.73
1985-06-20 00:00:00,192.6,67.0,405.41
1985-06-21 00:00:00,230.1,92.0,272.14
1985-06-22 00:00:00,151.5,61.0,361.79
1985-06-23 00:00:00,79.5,0.0,95.96
1985-06-24 00:00:00,197.9,31.0,243.6
1985-06-25 00:00:00,288.9,52.0,272.89
1985-06-26 00:00:00,381.7,51.0,437.7
1985-06-27 00:00:00,351.4,41.0,429.31
1985-06-28 00:00:00,392.9,56.0,492.54
1985-06-29 00:00:00,66.9,22.0,263.99
1985-06-30 00:00:00,71.3,11.0,102.94
1985-07-01 00:00:00,303.9,43.0,287.72
1985-07-02 00:00:00,378.2,37.0,419.52
1985-07-03 00:00:00,351.0,37.0,430.04
1985-07-04 00:00:00,423.2,39.0,483.93
1985-07-05 00:00:00,312.2,50.0,402.0
1985-07-06 00:00:00,112.8,26.0,293.61
1985-07-07 00:00:00,135.3,13.0,171.06
1985-07-08 00:00:00,321.3,29.0,262.62
1985-07-09 00:00:00,238.4,32.0,419.04
1985-07-10 00:00:00,121.7,63.0,205.2
1985-07-11 00:00:00,146.4,55.0,254.7
1985-07-12 00:00:00,101.0,54.0,206.7
1985-07-13 00:00:00,100.5,57.0,218.46
1985-07-14 00:00:00,146.3,15.0,94.9
1985-07-15 00:00:00,165.3,33.0,265.23
1985-07-16 00:00:00,273.4,56.0,238.68
1985-07-17 00:00:00,332.9,45.0,406.33
1985-07-18 00:00:00,194.8,55.0,401.16
1985-07-19 00:00:00,226.0,46.0,215.7
1985-07-20 00:00:00,120.7,39.0,275.52
1985-07-21 00:00:00,0.0,16.0,103.97
1985-07-22 00:00:00,137.2,79.0,125.26
1985-07-23 00:00:00,154.2,97.0,256.39
1985-07-24 00:00:00,88.8,82.0,296.01
1985-07-25 00:00:00,79.7,68.0,189.03
1985-07-26 00:00:00,64.5,66.0,132.2
1985-07-27 00:00:00,16.6,65.0,147.37
1985-07-28 00:00:00,24.4,40.0,102.76
1985-07-29 00:00:00,44.6,64.0,92.42
1985-07-30 00:00:00,53.8,71.0,138.31
1985-07-31 00:00:00,24.6,64.0,137.6
1985-08-01 00:00:00,14.4,67.0,127.53
1985-08-02 00:00:00,0.0,49.0,93.57
1985-08-03 00:00:00,0.0,58.0,82.22
1985-08-04 00:00:00,0.0,41.0,64.36
1985-08-05 00:00:00,0.0,68.0,84.89
1985-08-06 00:00:00,15.4,79.0,103.89
1985-08-07 00:00:00,20.0,79.0,101.58
1985-08-08 00:00:00,20.7,98.0,120.0
1985-08-09 00:00:00,22.7,91.0,128.99
1985-08-10 00:00:00,0.0,73.0,114.76
1985-08-11 00:00:00,13.7,84.0,109.49
1985-08-12 00:00:00,0.0,77.0,101.47
1985-08-13 00:00:00,9.3,67.0,86.96
1985-08-14 00:00:00,8.6,73.0,100.97
1985-08-15 00:00:00,3.8,80.0,107.69
1985-08-16 00:00:00,19.3,96.0,107.66
1985-08-17 00:00:00,0.0,89.0,128.3
1985-08-18 00:00:00,8.8,82.0,102.98
1985-08-19 00:00:00,16.5,75.0,100.13
1985-08-20 00:00:00,14.7,83.0,112.66
1985-08-21 00:00:00,37.8,76.0,104.62
1985-08-22 00:00:00,20.1,80.0,105.21
1985-08-23 00:00:00,45.5,78.0,109.16
1985-08-24 00:00:00,61.1,89.0,162.99
1985-08-25 00:00:00,22.8,62.0,142.71
1985-08-26 00:00:00,150.1,80.0,163.39
1985-08-27 00:00:00,26.0,67.0,181.4
1985-08-28 00:00:00,27.6,78.0,120.64
1985-08-29 00:00:00,16.6,81.0,124.57
1985-08-30 00:00:00,76.1,90.0,132.77
1985-08-31 00:00:00,0.0,70.0,158.72
1985-09-01 00:00:00,0.0,58.0,80.96
1985-09-02 00:00:00,109.6,88.0,106.15
1985-09-03 00:00:00,230.8,87.0,266.36
1985-09-04 00:00:00,489.7,73.0,460.5
1985-09-05 00:00:00,301.6,67.0,529.28
1985-09-06 00:00:00,57.3,72.0,218.9
1985-09-07 00:00:00,0.0,53.0,131.78
1985-09-08 00:00:00,11.5,59.0,81.22
1985-09-09 00:00:00,123.8,85.0,137.08
1985-09-10 00:00:00,92.1,87.0,199.03
1985-09-11 00:00:00,15.3,84.0,185.78
1985-09-12 00:00:00,21.6,81.0,117.42
1985-09-13 00:00:00,166.6,41.0,142.09
1985-09-14 00:00:00,6.1,66.0,177.3
1985-09-15 00:00:00,0.0,50.0,70.05
1985-09-16 00:00:00,253.6,63.0,180.42
1985-09-17 00:00:00,22.2,84.0,233.07
1985-09-18 00:00:00,67.0,51.0,93.34
1985-09-19 00:00:00,269.7,59.0,201.04
1985-09-20 00:00:00,258.2,71.0,413.54
1985-09-21 00:00:00,134.0,78.0,296.72
1985-09-22 00:00:00,32.5,36.0,131.4
1985-09-23 00:00:00,74.0,55.0,107.2
1985-09-24 00:00:00,120.5,63.0,182.02
1985-09-25 00:00:00,64.6,78.0,203.23
1985-09-26 00:00:00,20.2,70.0,122.69
1985-09-27 00:00:00,16.4,90.0,103.97
1985-09-28 00:00:00,0.0,67.0,91.24
1985-09-29 00:00:00,50.8,42.0,75.05
1985-09-30 00:00:00,149.8,77.0,184.08
1985-10-01 00:00:00,122.1,77.4,262.1
1985-10-02 00:00:00,205.4,78.3,226.14
1985-10-03 00:00:00,91.3,57.0,326.01
1985-10-04 00:00:00,62.1,70.0,151.79
1985-10-05 00:00:00,61.0,70.4,172.58
1985-10-06 00:00:00,5.5,51.0,116.79
1985-10-07 00:00:00,87.4,86.4,130.02
1985-10-08 00:00:00,36.2,57.6,139.77
1985-10-09 00:00:00,62.2,60.1,124.29
1985-10-10 00:00:00,129.9,80.0,174.71
1985-10-11 00:00:00,142.7,69.2,235.55
1985-10-12 00:00:00,46.8,73.1,219.18
1985-10-13 00:00:00,18.3,59.4,105.84
1985-10-14 00:00:00,87.7,71.0,98.76
1985-10-15 00:00:00,111.5,58.0,185.5
1985-10-16 00:00:00,83.9,61.0,192.08
1985-10-17 00:00:00,149.3,83.0,221.49
1985-10-18 00:00:00,94.8,98.6,240.31
1985-10-19 00:00:00,22.7,88.0,185.5
1985-10-20 00:00:00,73.9,57.0,111.27
1985-10-21 00:00:00,85.3,83.1,194.29
1985-10-22 00:00:00,44.2,77.5,168.35
1985-10-23 00:00:00,17.3,105.3,176.85
1985-10-24 00:00:00,114.8,79.5,116.79
1985-10-25 00:00:00,74.5,85.0,247.5
1985-10-26 00:00:00,44.9,71.0,179.0
1985-10-27 00:00:00,48.5,62.0,137.8
1985-10-28 00:00:00,37.7,52.2,122.4
1985-10-29 00:00:00,26.9,48.6,104.06
1985-10-30 00:00:00,143.5,45.0,145.74
1985-10-31 00:00:00,88.9,55.0,207.73
1985-11-01 00:00:00,39.8,65.0,149.77
1985-11-02 00:00:00,77.5,76.0,157.93
1985-11-03 00:00:00,67.0,68.0,210.01
1985-11-04 00:00:00,36.3,50.0,131.95
1985-11-05 00:00:00,72.4,46.0,145.74
1985-11-06 00:00:00,82.2,40.0,187.68
1985-11-07 00:00:00,41.4,40.0,141.75
1985-11-08 00:00:00,36.0,41.0,100.51
1985-11-09 00:00:00,78.6,52.0,139.77
1985-11-10 00:00:00,14.8,36.0,97.01
1985-11-11 00:00:00,82.5,43.0,97.01
1985-11-12 00:00:00,185.7,38.0,179.0
1985-11-13 00:00:00,234.2,44.0,331.33
1985-11-14 00:00:00,207.6,41.0,297.29
1985-11-15 00:00:00,226.6,53.0,287.08
1985-11-16 00:00:00,134.6,80.0,372.18
1985-11-17 00:00:00,74.3,39.0,145.74
1985-11-18 00:00:00,450.4,62.0,272.0
1985-11-19 00:00:00,471.8,73.0,721.84
1985-11-20 00:00:00,360.5,70.0,498.09
1985-11-21 00:00:00,354.6,66.0,435.0
1985-11-22 00:00:00,209.4,75.0,449.75
1985-11-23 00:00:00,83.5,64.0,279.51
1985-11-24 00:00:00,156.8,54.0,174.71
1985-11-25 00:00:00,393.0,53.0,352.91
1985-11-26 00:00:00,362.4,68.0,659.83
1985-11-27 00:00:00,201.7,66.0,315.46
1985-11-28 00:00:00,43.4,69.0,328.67
1985-11-29 00:00:00,123.8,81.0,162.07
1985-11-30 00:00:00,44.7,75.0,240.31
1985-12-01 00:00:00,3.6,37.0,124.29
1985-12-02 00:00:00,119.9,50.0,98.76
1985-12-03 00:00:00,90.9,24.0,170.46
1985-12-04 00:00:00,149.5,48.0,203.22
1985-12-05 00:00:00,130.3,65.0,205.47
1985-12-06 00:00:00,110.3,73.0,252.33
1985-12-07 00:00:00,72.4,69.0,228.48
1985-12-08 00:00:00,24.3,33.0,145.74
1985-12-09 00:00:00,257.5,51.0,179.0
1985-12-10 00:00:00,259.8,76.0,369.4
1985-12-11 00:00:00,137.3,74.0,377.74
1985-12-12 00:00:00,188.6,68.0,294.73
1985-12-13 00:00:00,88.3,71.0,254.76
1985-12-14 00:00:00,43.0,77.0,198.74
1985-12-15 00:00:00,0.0,58.0,128.1
1985-12-16 00:00:00,112.4,62.0,128.1
1985-12-17 00:00:00,136.1,55.0,183.32
1985-12-18 00:00:00,593.8,45.0,391.79
1985-12-19 00:00:00,109.9,60.0,564.09
1985-12-20 00:00:00,176.5,54.0,216.87
1985-12-21 00:00:00,123.2,41.0,252.33
1985-12-22 00:00:00,96.1,35.0,166.25
1985-12-23 00:00:00,129.4,73.0,228.48
1985-12-24 00:00:00,103.1,58.0,294.73
1985-12-25 00:00:00,112.8,41.0,247.5
1985-12-26 00:00:00,71.8,51.0,294.73
1985-12-27 00:00:00,401.8,89.0,383.34
1985-12-28 00:00:00,190.5,72.0,774.98
1985-12-29 00:00:00,143.2,80.0,449.75
1985-12-30 00:00:00,70.0,79.0,334.0
1985-12-31 00:00:00,39.0,84.0,223.81
1986-01-01 00:00:00,101.0,57.0,216.87
1986-01-02 00:00:00,166.0,98.0,358.38
1986-01-03 00:00:00,41.0,86.0,397.46
1986-01-04 00:00:00,53.0,117.0,328.67
1986-01-05 00:00:00,29.0,107.0,302.45
1986-01-06 00:00:00,45.0,124.0,279.51
1986-01-07 00:00:00,189.0,118.0,352.91
1986-01-08 00:00:00,436.0,123.0,700.96
1986-01-09 00:00:00,365.0,121.0,926.78
1986-01-10 00:00:00,107.0,129.0,470.69
1986-01-11 00:00:00,55.0,131.0,350.19
1986-01-12 00:00:00,62.0,111.0,294.73
1986-01-13 00:00:00,184.0,121.0,318.09
1986-01-14 00:00:00,73.0,118.0,377.74
1986-01-15 00:00:00,118.0,95.0,289.62
1986-01-16 00:00:00,159.0,110.0,299.87
1986-01-17 00:00:00,212.0,109.0,377.74
1986-01-18 00:00:00,149.0,99.0,408.89
1986-01-19 00:00:00,57.0,78.0,207.73
1986-01-20 00:00:00,237.0,92.0,310.23
1986-01-21 00:00:00,359.0,113.0,432.07
1986-01-22 00:00:00,208.0,116.0,446.79
1986-01-23 00:00:00,221.0,115.0,435.0
1986-01-24 00:00:00,81.0,112.0,361.12
1986-01-25 00:00:00,47.0,131.0,233.19
1986-01-26 00:00:00,42.0,124.0,210.01
1986-01-27 00:00:00,201.0,130.0,307.63
1986-01-28 00:00:00,165.0,107.0,344.76
1986-01-29 00:00:00,136.0,99.0,302.45
1986-01-30 00:00:00,181.0,118.0,372.18
1986-01-31 00:00:00,189.0,127.0,548.12
1986-02-01 00:00:00,56.0,118.0,310.23
1986-02-02 00:00:00,34.0,115.0,274.49
1986-02-03 00:00:00,112.0,124.0,259.65
1986-02-04 00:00:00,82.0,123.0,320.72
1986-02-05 00:00:00,56.0,128.0,282.02
1986-02-06 00:00:00,59.0,128.0,257.2
1986-02-07 00:00:00,56.0,131.0,254.76
1986-02-08 00:00:00,45.0,121.0,247.5
1986-02-09 00:00:00,39.0,118.0,235.55
1986-02-10 00:00:00,124.0,116.0,287.08
1986-02-11 00:00:00,106.0,95.0,257.2
1986-02-12 00:00:00,263.0,122.0,334.0
1986-02-13 00:00:00,92.0,80.0,391.79
1986-02-14 00:00:00,613.0,86.0,535.45
1986-02-15 00:00:00,590.0,127.0,1157.16
1986-02-16 00:00:00,379.0,116.0,753.57
1986-02-17 00:00:00,485.0,95.0,911.56
1986-02-18 00:00:00,569.0,82.0,1128.42
1986-02-19 00:00:00,606.0,125.0,1019.95
1986-02-20 00:00:00,705.0,117.0,1153.04
1986-02-21 00:00:00,723.0,116.0,1480.46
1986-02-22 00:00:00,504.0,124.0,1120.25
1986-02-23 00:00:00,217.0,123.0,735.88
1986-02-24 00:00:00,446.0,126.0,616.27
1986-02-25 00:00:00,474.0,131.0,885.13
1986-02-26 00:00:00,632.0,131.0,1035.78
1986-02-27 00:00:00,649.0,131.0,877.63
1986-02-28 00:00:00,645.0,131.0,1063.68
1986-03-01 00:00:00,542.0,131.0,911.56
1986-03-02 00:00:00,204.0,123.0,538.61
1986-03-03 00:00:00,509.0,129.0,583.47
1986-03-04 00:00:00,493.0,131.0,659.83
1986-03-05 00:00:00,637.0,132.0,873.89
1986-03-06 00:00:00,676.0,122.0,870.15
1986-03-07 00:00:00,692.0,111.0,953.64
1986-03-08 00:00:00,475.0,102.0,949.78
1986-03-09 00:00:00,302.0,46.0,519.77
1986-03-10 00:00:00,421.0,88.0,576.98
1986-03-11 00:00:00,394.0,85.0,612.96
1986-03-12 00:00:00,287.0,120.0,504.25
1986-03-13 00:00:00,418.0,122.0,583.47
1986-03-14 00:00:00,241.0,100.0,425.88
1986-03-15 00:00:00,109.0,109.0,333.22
1986-03-16 00:00:00,77.0,82.0,289.14
1986-03-17 00:00:00,49.0,105.0,218.65
1986-03-18 00:00:00,248.0,121.0,300.58
1986-03-19 00:00:00,255.0,93.0,369.11
1986-03-20 00:00:00,263.0,124.0,400.95
1986-03-21 00:00:00,220.0,122.0,415.86
1986-03-22 00:00:00,183.0,96.0,376.4
1986-03-23 00:00:00,42.0,83.0,233.64
1986-03-24 00:00:00,261.0,125.0,268.82
1986-03-25 00:00:00,338.0,97.0,371.54
1986-03-26 00:00:00,352.0,101.0,474.27
1986-03-27 00:00:00,169.0,124.0,420.86
1986-03-28 00:00:00,49.0,121.0,242.32
1986-03-29 00:00:00,41.0,111.0,208.1
1986-03-30 00:00:00,29.0,30.0,128.81
1986-03-31 00:00:00,178.0,85.0,161.33
1986-04-01 00:00:00,94.0,95.0,300.58
1986-04-02 00:00:00,199.0,63.0,229.33
1986-04-03 00:00:00,174.0,58.0,307.51
1986-04-04 00:00:00,56.0,72.0,244.5
1986-04-05 00:00:00,152.0,37.0,151.58
1986-04-06 00:00:00,127.0,14.0,212.3
1986-04-07 00:00:00,153.0,71.0,208.1
1986-04-08 00:00:00,139.0,81.0,271.06
1986-04-09 00:00:00,116.0,64.0,253.27
1986-04-10 00:00:00,87.0,72.0,251.07
1986-04-11 00:00:00,154.0,77.0,199.75
1986-04-12 00:00:00,218.0,25.0,220.78
1986-04-13 00:00:00,194.0,20.0,337.95
1986-04-14 00:00:00,277.0,65.0,307.51
1986-04-15 00:00:00,180.0,46.0,342.7
1986-04-16 00:00:00,152.0,70.0,244.5
1986-04-17 00:00:00,110.0,75.0,244.5
1986-04-18 00:00:00,133.0,64.0,216.53
1986-04-19 00:00:00,68.0,25.0,197.68
1986-04-20 00:00:00,51.0,32.0,140.08
1986-04-21 00:00:00,135.0,91.0,208.1
1986-04-22 00:00:00,323.0,64.0,300.58
1986-04-23 00:00:00,180.0,72.0,388.62
1986-04-24 00:00:00,97.0,53.0,251.07
1986-04-25 00:00:00,120.0,3.0,173.24
1986-04-26 00:00:00,109.0,43.0,193.55
1986-04-27 00:00:00,120.0,27.0,159.37
1986-04-28 00:00:00,126.0,55.0,246.68
1986-04-29 00:00:00,36.0,71.0,173.24
1986-04-30 00:00:00,93.0,46.0,151.58
1986-05-01 00:00:00,62.0,8.0,115.97
1986-05-02 00:00:00,65.0,45.0,121.43
1986-05-03 00:00:00,15.0,77.0,169.25
1986-05-04 00:00:00,50.0,15.0,63.62
1986-05-05 00:00:00,140.0,58.0,165.28
1986-05-06 00:00:00,82.0,67.0,246.68
1986-05-07 00:00:00,140.0,35.0,187.4
1986-05-08 00:00:00,91.0,32.0,181.3
1986-05-09 00:00:00,97.0,60.0,195.61
1986-05-10 00:00:00,78.0,65.0,167.26
1986-05-11 00:00:00,21.0,37.0,123.26
1986-05-12 00:00:00,84.0,43.0,119.6
1986-05-13 00:00:00,48.0,67.0,125.1
1986-05-14 00:00:00,50.0,37.0,121.43
1986-05-15 00:00:00,91.0,43.0,119.6
1986-05-16 00:00:00,109.0,42.0,210.2
1986-05-17 00:00:00,33.0,73.0,175.25
1986-05-18 00:00:00,42.0,48.0,91.36
1986-05-19 00:00:00,223.0,71.0,208.1
1986-05-20 00:00:00,61.0,73.0,210.2
1986-05-21 00:00:00,64.0,51.0,163.3
1986-05-22 00:00:00,122.0,71.0,197.68
1986-05-23 00:00:00,148.0,51.0,208.1
1986-05-24 00:00:00,88.0,57.0,195.61
1986-05-25 00:00:00,66.0,34.0,141.98
1986-05-26 00:00:00,106.0,75.0,167.26
1986-05-27 00:00:00,82.0,37.0,140.08
1986-05-28 00:00:00,70.0,64.0,157.41
1986-05-29 00:00:00,87.0,49.0,181.3
1986-05-30 00:00:00,22.0,80.0,140.08
1986-05-31 00:00:00,19.0,49.0,86.29
1986-06-01 00:00:00,39.0,49.0,65.18
1986-06-02 00:00:00,24.0,70.0,119.6
1986-06-03 00:00:00,73.0,45.0,110.57
1986-06-04 00:00:00,34.0,59.0,132.54
1986-06-05 00:00:00,52.0,68.0,125.1
1986-06-06 00:00:00,69.0,83.0,185.36
1986-06-07 00:00:00,1.0,76.0,128.81
1986-06-08 00:00:00,6.0,79.0,86.29
1986-06-09 00:00:00,50.0,85.0,107.01
1986-06-10 00:00:00,54.0,43.0,96.51
1986-06-11 00:00:00,102.0,57.0,132.54
1986-06-12 00:00:00,96.0,100.0,222.91
1986-06-13 00:00:00,87.0,111.0,229.33
1986-06-14 00:00:00,80.0,52.0,163.3
1986-06-15 00:00:00,22.0,79.0,143.88
1986-06-16 00:00:00,90.0,77.0,130.67
1986-06-17 00:00:00,33.0,89.0,165.28
1986-06-18 00:00:00,46.0,81.0,136.29
1986-06-19 00:00:00,48.0,84.0,143.88
1986-06-20 00:00:00,41.0,90.0,155.46
1986-06-21 00:00:00,12.0,59.0,108.79
1986-06-22 00:00:00,6.0,50.0,69.92
1986-06-23 00:00:00,51.0,86.0,98.24
1986-06-24 00:00:00,24.0,61.0,128.81
1986-06-25 00:00:00,26.0,74.0,119.6
1986-06-26 00:00:00,91.0,74.0,123.26
1986-06-27 00:00:00,119.0,65.0,201.83
1986-06-28 00:00:00,120.0,64.0,218.65
1986-06-29 00:00:00,28.0,58.0,159.37
1986-06-30 00:00:00,55.0,88.0,140.08
1986-07-01 00:00:00,39.0,87.0,114.16
1986-07-02 00:00:00,90.0,58.0,149.65
1986-07-03 00:00:00,91.0,66.0,155.46
1986-07-04 00:00:00,80.0,65.0,173.24
1986-07-05 00:00:00,74.0,76.0,165.28
1986-07-06 00:00:00,70.0,50.0,141.98
1986-07-07 00:00:00,43.0,100.0,140.08
1986-07-08 00:00:00,23.0,73.0,117.78
1986-07-09 00:00:00,21.0,53.0,93.07
1986-07-10 00:00:00,57.0,39.0,73.12
1986-07-11 00:00:00,66.0,62.0,128.81
1986-07-12 00:00:00,91.0,60.0,169.25
1986-07-13 00:00:00,13.0,74.0,134.41
1986-07-14 00:00:00,39.0,83.0,112.36
1986-07-15 00:00:00,41.0,105.0,173.24
1986-07-16 00:00:00,49.0,113.0,169.25
1986-07-17 00:00:00,42.0,106.0,141.98
1986-07-18 00:00:00,42.0,101.0,149.65
1986-07-19 00:00:00,32.0,83.0,155.46
1986-07-20 00:00:00,47.0,79.0,123.26
1986-07-21 00:00:00,83.0,111.0,159.37
1986-07-22 00:00:00,107.0,114.0,222.91
1986-07-23 00:00:00,77.0,105.0,225.04
1986-07-24 00:00:00,74.0,79.0,175.25
1986-07-25 00:00:00,43.0,68.0,147.72
1986-07-26 00:00:00,0.0,72.0,115.97
1986-07-27 00:00:00,0.0,48.0,65.18
1986-07-28 00:00:00,39.0,64.0,79.63
1986-07-29 00:00:00,36.0,60.0,128.81
1986-07-30 00:00:00,112.0,58.0,119.6
1986-07-31 00:00:00,41.0,54.0,136.29
1986-08-01 00:00:00,75.0,70.0,132.54
1986-08-02 00:00:00,94.0,50.0,167.26
1986-08-03 00:00:00,57.0,17.0,119.6
1986-08-04 00:00:00,30.0,44.0,87.97
1986-08-05 00:00:00,24.0,62.0,91.36
1986-08-06 00:00:00,46.0,50.0,84.61
1986-08-07 00:00:00,57.0,35.0,96.51
1986-08-08 00:00:00,64.0,38.0,108.79
1986-08-09 00:00:00,41.0,45.0,115.97
1986-08-10 00:00:00,17.0,38.0,93.07
1986-08-11 00:00:00,23.0,38.0,60.53
1986-08-12 00:00:00,24.0,40.0,63.62
1986-08-13 00:00:00,18.0,43.0,71.51
1986-08-14 00:00:00,14.0,38.0,66.75
1986-08-15 00:00:00,0.0,40.0,54.46
1986-08-16 00:00:00,0.0,46.0,47.12
1986-08-17 00:00:00,11.0,50.0,51.49
1986-08-18 00:00:00,43.0,43.0,59.0
1986-08-19 00:00:00,41.0,59.0,98.24
1986-08-20 00:00:00,31.0,50.0,91.36
1986-08-21 00:00:00,3.0,40.0,69.92
1986-08-22 00:00:00,33.0,53.0,68.33
1986-08-23 00:00:00,0.0,43.0,76.36
1986-08-24 00:00:00,8.0,44.0,50.03
1986-08-25 00:00:00,28.0,45.0,82.94
1986-08-26 00:00:00,30.0,38.0,138.18
1986-08-27 00:00:00,31.0,45.0,101.73
1986-08-28 00:00:00,14.0,41.0,82.94
1986-08-29 00:00:00,13.0,47.0,54.46
1986-08-30 00:00:00,0.0,67.0,62.07
1986-08-31 00:00:00,0.0,49.0,54.46
1986-09-01 00:00:00,30.0,43.0,40.05
1986-09-02 00:00:00,11.0,45.0,40.05
1986-09-03 00:00:00,21.0,40.0,33.29
1986-09-04 00:00:00,24.0,74.0,59.0
1986-09-05 00:00:00,29.0,79.0,89.66
1986-09-06 00:00:00,31.0,79.0,117.78
1986-09-07 00:00:00,6.0,54.0,93.07
1986-09-08 00:00:00,13.0,65.0,94.78
1986-09-09 00:00:00,26.0,65.0,84.61
1986-09-10 00:00:00,16.0,63.0,110.57
1986-09-11 00:00:00,8.0,56.0,87.97
1986-09-12 00:00:00,34.0,51.0,63.62
1986-09-13 00:00:00,27.0,35.0,76.36
1986-09-14 00:00:00,14.0,34.0,63.62
1986-09-15 00:00:00,43.0,41.0,86.29
1986-09-16 00:00:00,96.0,24.0,130.67
1986-09-17 00:00:00,20.0,30.0,119.6
1986-09-18 00:00:00,22.0,31.0,84.61
1986-09-19 00:00:00,22.0,33.0,68.33
1986-09-20 00:00:00,12.0,44.0,86.29
1986-09-21 00:00:00,7.0,41.0,51.49
1986-09-22 00:00:00,87.0,36.0,66.75
1986-09-23 00:00:00,116.0,27.0,157.41
1986-09-24 00:00:00,73.0,24.0,136.29
1986-09-25 00:00:00,72.0,26.0,112.36
1986-09-26 00:00:00,96.0,26.0,123.26
1986-09-27 00:00:00,30.0,23.0,108.79
1986-09-28 00:00:00,38.0,19.0,54.46
1986-09-29 00:00:00,65.0,35.0,89.66
1986-09-30 00:00:00,122.0,39.0,132.54
1986-10-01 00:00:00,193.0,24.0,177.6
1986-10-02 00:00:00,208.0,32.0,216.52
1986-10-03 00:00:00,150.0,27.0,197.6
1986-10-04 00:00:00,68.0,22.0,140.84
1986-10-05 00:00:00,8.0,23.0,78.93
1986-10-06 00:00:00,157.0,35.0,59.65
1986-10-07 00:00:00,88.0,27.0,166.12
1986-10-08 00:00:00,97.0,30.0,109.91
1986-10-09 00:00:00,113.0,33.0,169.9
1986-10-10 00:00:00,119.0,26.0,112.98
1986-10-11 00:00:00,100.0,30.0,149.62
1986-10-12 00:00:00,40.0,35.0,116.1
1986-10-13 00:00:00,133.0,19.0,116.1
1986-10-14 00:00:00,88.0,28.0,140.84
1986-10-15 00:00:00,205.0,9.0,125.7
1986-10-16 00:00:00,91.0,24.0,155.02
1986-10-17 00:00:00,193.0,0.0,137.4
1986-10-18 00:00:00,18.0,42.0,177.6
1986-10-19 00:00:00,3.0,41.0,53.13
1986-10-20 00:00:00,98.0,26.0,50.01
1986-10-21 00:00:00,113.0,29.0,134.0
1986-10-22 00:00:00,174.0,26.0,151.41
1986-10-23 00:00:00,137.0,23.0,183.48
1986-10-24 00:00:00,189.0,9.0,162.37
1986-10-25 00:00:00,91.0,9.0,147.84
1986-10-26 00:00:00,52.0,38.0,103.89
1986-10-27 00:00:00,65.0,30.0,98.04
1986-10-28 00:00:00,111.0,8.0,72.61
1986-10-29 00:00:00,97.0,11.0,114.53
1986-10-30 00:00:00,110.0,11.0,80.23
1986-10-31 00:00:00,76.0,12.0,132.32
1986-11-01 00:00:00,53.0,10.0,77.65
1986-11-02 00:00:00,38.0,25.0,73.85
1986-11-03 00:00:00,95.0,19.0,77.65
1986-11-04 00:00:00,150.0,0.0,88.22
1986-11-05 00:00:00,59.0,27.0,142.57
1986-11-06 00:00:00,156.0,0.0,84.18
1986-11-07 00:00:00,144.0,15.0,142.57
1986-11-08 00:00:00,172.0,22.0,177.6
1986-11-09 00:00:00,57.0,0.0,127.34
1986-11-10 00:00:00,94.0,6.0,95.18
1986-11-11 00:00:00,133.0,10.0,86.86
1986-11-12 00:00:00,108.0,0.0,134.0
1986-11-13 00:00:00,329.0,0.0,169.9
1986-11-14 00:00:00,244.0,13.0,308.67
1986-11-15 00:00:00,57.0,16.0,273.69
1986-11-16 00:00:00,71.0,15.0,108.39
1986-11-17 00:00:00,127.0,28.0,109.91
1986-11-18 00:00:00,106.0,11.0,135.7
1986-11-19 00:00:00,257.0,19.0,171.81
1986-11-20 00:00:00,181.0,8.0,261.72
1986-11-21 00:00:00,209.0,6.0,183.48
1986-11-22 00:00:00,117.0,0.0,179.55
1986-11-23 00:00:00,56.0,0.0,98.04
1986-11-24 00:00:00,155.0,3.0,100.94
1986-11-25 00:00:00,223.0,1.0,166.12
1986-11-26 00:00:00,226.0,16.0,193.51
1986-11-27 00:00:00,255.0,23.0,301.0
1986-11-28 00:00:00,259.0,38.0,245.4
1986-11-29 00:00:00,51.0,74.0,240.84
1986-11-30 00:00:00,79.0,33.0,112.98
1986-12-01 00:00:00,97.0,13.0,92.37
1986-12-02 00:00:00,202.0,35.0,169.9
1986-12-03 00:00:00,164.0,89.0,240.84
1986-12-04 00:00:00,91.0,86.0,220.84
1986-12-05 00:00:00,141.0,61.0,164.24
1986-12-06 00:00:00,51.0,38.0,160.52
1986-12-07 00:00:00,40.0,13.0,76.37
1986-12-08 00:00:00,32.0,9.0,63.06
1986-12-09 00:00:00,98.0,71.0,96.61
1986-12-10 00:00:00,96.0,77.0,193.51
1986-12-11 00:00:00,158.0,36.0,149.62
1986-12-12 00:00:00,175.0,23.0,183.48
1986-12-13 00:00:00,136.0,11.0,201.73
1986-12-14 00:00:00,79.0,15.0,137.4
1986-12-15 00:00:00,109.0,12.0,166.12
1986-12-16 00:00:00,71.0,37.0,114.53
1986-12-17 00:00:00,63.0,56.0,130.65
1986-12-18 00:00:00,67.0,32.0,116.1
1986-12-19 00:00:00,99.0,20.0,124.07
1986-12-20 00:00:00,0.0,28.0,95.18
1986-12-21 00:00:00,47.0,19.0,39.39
1986-12-22 00:00:00,62.0,9.0,72.61
1986-12-23 00:00:00,90.0,17.0,92.37
1986-12-24 00:00:00,75.0,15.0,112.98
1986-12-25 00:00:00,103.0,15.0,100.94
1986-12-26 00:00:00,53.0,20.0,111.44
1986-12-27 00:00:00,70.0,16.0,70.16
1986-12-28 00:00:00,44.0,32.0,111.44
1986-12-29 00:00:00,73.0,22.0,77.65
1986-12-30 00:00:00,64.0,32.0,96.61
1986-12-31 00:00:00,21.0,38.0,102.41
1987-01-01 00:00:00,14.0,19.0,52.08
1987-01-02 00:00:00,80.0,3.0,48.99
1987-01-03 00:00:00,45.0,9.0,88.22
1987-01-04 00:00:00,72.0,0.0,55.26
1987-01-05 00:00:00,85.0,33.0,125.7
1987-01-06 00:00:00,46.0,55.0,114.53
1987-01-07 00:00:00,132.0,70.0,149.62
1987-01-08 00:00:00,74.0,94.0,175.66
1987-01-09 00:00:00,80.0,85.0,171.81
1987-01-10 00:00:00,201.0,30.0,273.69
1987-01-11 00:00:00,112.0,8.0,293.42
1987-01-12 00:00:00,124.0,22.0,191.48
1987-01-13 00:00:00,162.0,37.0,278.56
1987-01-14 00:00:00,210.0,43.0,319.06
1987-01-15 00:00:00,168.0,63.0,303.55
1987-01-16 00:00:00,67.0,33.0,195.55
1987-01-17 00:00:00,64.0,11.0,103.89
1987-01-18 00:00:00,76.0,16.0,114.53
1987-01-19 00:00:00,49.0,18.0,86.86
1987-01-20 00:00:00,77.0,25.0,102.41
1987-01-21 00:00:00,112.0,40.0,139.11
1987-01-22 00:00:00,67.0,34.0,137.4
1987-01-23 00:00:00,66.0,22.0,102.41
1987-01-24 00:00:00,32.0,10.0,85.52
1987-01-25 00:00:00,32.0,10.0,64.22
1987-01-26 00:00:00,86.0,8.0,71.33
1987-01-27 00:00:00,515.0,5.0,387.93
1987-01-28 00:00:00,731.0,10.0,1387.14
1987-01-29 00:00:00,668.0,11.0,1120.39
1987-01-30 00:00:00,634.0,9.0,1023.65
1987-01-31 00:00:00,153.0,10.0,613.44
1987-02-01 00:00:00,133.0,0.0,220.84
1987-02-02 00:00:00,440.0,37.0,479.57
1987-02-03 00:00:00,339.0,52.0,830.62
1987-02-04 00:00:00,230.0,84.0,367.96
1987-02-05 00:00:00,216.0,96.0,417.38
1987-02-06 00:00:00,361.0,88.0,444.82
1987-02-07 00:00:00,207.0,38.0,385.04
1987-02-08 00:00:00,143.0,29.0,285.94
1987-02-09 00:00:00,363.0,53.0,308.67
1987-02-10 00:00:00,407.0,71.0,617.09
1987-02-11 00:00:00,808.0,41.0,873.69
1987-02-12 00:00:00,396.0,107.0,1125.35
1987-02-13 00:00:00,269.0,75.0,411.4
1987-02-14 00:00:00,181.0,20.0,365.15
1987-02-15 00:00:00,83.0,0.0,214.37
1987-02-16 00:00:00,292.0,69.0,266.47
1987-02-17 00:00:00,301.0,75.0,423.4
1987-02-18 00:00:00,418.0,34.0,414.39
1987-02-19 00:00:00,374.0,82.0,595.34
1987-02-20 00:00:00,241.0,97.0,438.65
1987-02-21 00:00:00,283.0,44.0,405.47
1987-02-22 00:00:00,93.0,51.0,329.62
1987-02-23 00:00:00,307.0,102.0,245.4
1987-02-24 00:00:00,313.0,76.0,479.57
1987-02-25 00:00:00,814.0,10.0,1023.65
1987-02-26 00:00:00,230.0,67.0,878.06
1987-02-27 00:00:00,250.0,87.0,385.04
1987-02-28 00:00:00,95.0,51.0,354.02
1987-03-01 00:00:00,0.0,37.0,155.02
1987-03-02 00:00:00,52.0,25.0,119.25
1987-03-03 00:00:00,63.0,0.0,108.39
1987-03-04 00:00:00,94.0,35.0,140.84
1987-03-05 00:00:00,66.0,11.0,149.62
1987-03-06 00:00:00,138.0,18.0,147.84
1987-03-07 00:00:00,51.0,8.0,127.34
1987-03-08 00:00:00,53.0,18.0,147.84
1987-03-09 00:00:00,253.0,61.0,205.9
1987-03-10 00:00:00,173.0,64.0,276.12
1987-03-11 00:00:00,224.0,42.0,229.62
1987-03-12 00:00:00,206.0,34.0,298.46
1987-03-13 00:00:00,212.0,53.0,301.0
1987-03-14 00:00:00,169.0,0.0,264.09
1987-03-15 00:00:00,112.0,10.0,166.12
1987-03-16 00:00:00,254.0,52.0,240.84
1987-03-17 00:00:00,282.0,80.0,316.45
1987-03-18 00:00:00,184.0,31.0,402.52
1987-03-19 00:00:00,10.0,59.0,146.08
1987-03-20 00:00:00,219.0,46.0,105.38
1987-03-21 00:00:00,54.0,59.0,257.0
1987-03-22 00:00:00,32.0,4.0,86.86
1987-03-23 00:00:00,155.0,29.0,120.85
1987-03-24 00:00:00,157.0,27.0,164.24
1987-03-25 00:00:00,120.0,21.0,173.73
1987-03-26 00:00:00,58.0,28.0,195.55
1987-03-27 00:00:00,34.0,16.0,134.0
1987-03-28 00:00:00,72.0,2.0,103.89
1987-03-29 00:00:00,51.0,12.0,89.59
1987-03-30 00:00:00,180.0,59.0,189.47
1987-03-31 00:00:00,101.0,56.0,185.47
1987-04-01 00:00:00,110.0,79.0,169.9
1987-04-02 00:00:00,145.0,62.0,205.9
1987-04-03 00:00:00,240.0,44.0,259.35
1987-04-04 00:00:00,119.0,50.0,259.35
1987-04-05 00:00:00,72.0,29.0,195.55
1987-04-06 00:00:00,84.0,44.0,158.68
1987-04-07 00:00:00,571.0,42.0,559.98
1987-04-08 00:00:00,582.0,81.0,1180.57
1987-04-09 00:00:00,427.0,88.0,606.17
1987-04-10 00:00:00,300.0,118.0,595.34
1987-04-11 00:00:00,18.0,122.0,351.27
1987-04-12 00:00:00,25.0,51.0,160.52
1987-04-13 00:00:00,14.0,89.0,146.08
1987-04-14 00:00:00,155.0,86.0,175.66
1987-04-15 00:00:00,174.0,70.0,283.47
1987-04-16 00:00:00,141.0,113.0,301.0
1987-04-17 00:00:00,51.0,154.0,271.28
1987-04-18 00:00:00,104.0,119.0,191.48
1987-04-19 00:00:00,67.0,126.0,234.08
1987-04-20 00:00:00,212.0,109.0,303.55
1987-04-21 00:00:00,170.0,155.0,321.68
1987-04-22 00:00:00,179.0,163.0,387.93
1987-04-23 00:00:00,122.0,135.0,271.28
1987-04-24 00:00:00,226.0,166.0,376.45
1987-04-25 00:00:00,121.0,114.0,356.79
1987-04-26 00:00:00,0.0,135.0,197.6
1987-04-27 00:00:00,304.0,159.0,245.4
1987-04-28 00:00:00,225.0,153.0,454.17
1987-04-29 00:00:00,295.0,101.0,373.61
1987-04-30 00:00:00,284.0,116.0,373.61
1987-05-01 00:00:00,58.0,99.0,324.32
1987-05-02 00:00:00,46.0,52.0,117.67
1987-05-03 00:00:00,181.0,44.0,127.34
1987-05-04 00:00:00,278.0,46.0,278.56
1987-05-05 00:00:00,248.0,5.0,259.35
1987-05-06 00:00:00,317.0,25.0,273.69
1987-05-07 00:00:00,292.0,50.0,321.68
1987-05-08 00:00:00,438.0,62.0,438.65
1987-05-09 00:00:00,262.0,5.0,447.93
1987-05-10 00:00:00,88.0,36.0,158.68
1987-05-11 00:00:00,292.0,47.0,245.4
1987-05-12 00:00:00,280.0,8.0,268.87
1987-05-13 00:00:00,326.0,1.0,278.56
1987-05-14 00:00:00,224.0,0.0,301.0
1987-05-15 00:00:00,156.0,19.0,205.9
1987-05-16 00:00:00,158.0,3.0,179.55
1987-05-17 00:00:00,82.0,0.0,156.84
1987-05-18 00:00:00,97.0,5.0,86.86
1987-05-19 00:00:00,153.0,4.0,92.37
1987-05-20 00:00:00,162.0,11.0,151.41
1987-05-21 00:00:00,123.0,24.0,155.02
1987-05-22 00:00:00,132.0,4.0,119.25
1987-05-23 00:00:00,100.0,4.0,119.25
1987-05-24 00:00:00,44.0,28.0,80.23
1987-05-25 00:00:00,114.0,3.0,70.16
1987-05-26 00:00:00,232.0,8.0,132.32
1987-05-27 00:00:00,196.0,14.0,240.84
1987-05-28 00:00:00,115.0,11.0,158.68
1987-05-29 00:00:00,140.0,9.0,139.11
1987-05-30 00:00:00,94.0,0.0,127.34
1987-05-31 00:00:00,192.0,0.0,112.98
1987-06-01 00:00:00,174.0,16.0,225.21
1987-06-02 00:00:00,28.0,22.0,103.89
1987-06-03 00:00:00,184.0,37.0,119.25
1987-06-04 00:00:00,83.0,29.0,164.24
1987-06-05 00:00:00,228.0,55.0,195.55
1987-06-06 00:00:00,77.0,23.0,185.47
1987-06-07 00:00:00,90.0,23.0,78.93
1987-06-08 00:00:00,36.0,41.0,108.39
1987-06-09 00:00:00,28.0,21.0,77.65
1987-06-10 00:00:00,18.0,32.0,58.54
1987-06-11 00:00:00,118.0,14.0,76.37
1987-06-12 00:00:00,77.0,33.0,125.7
1987-06-13 00:00:00,67.0,21.0,114.53
1987-06-14 00:00:00,56.0,14.0,65.38
1987-06-15 00:00:00,58.0,40.0,88.22
1987-06-16 00:00:00,100.0,33.0,88.22
1987-06-17 00:00:00,80.0,59.0,171.81
1987-06-18 00:00:00,76.0,28.0,105.38
1987-06-19 00:00:00,78.0,67.0,117.67
1987-06-20 00:00:00,54.0,17.0,90.98
1987-06-21 00:00:00,40.0,25.0,70.16
1987-06-22 00:00:00,134.0,105.0,179.55
1987-06-23 00:00:00,101.0,40.0,142.57
1987-06-24 00:00:00,110.0,12.0,102.41
1987-06-25 00:00:00,122.0,52.0,144.32
1987-06-26 00:00:00,94.0,38.0,151.41
1987-06-27 00:00:00,72.0,23.0,84.18
1987-06-28 00:00:00,55.0,19.0,99.49
1987-06-29 00:00:00,40.0,48.0,73.85
1987-06-30 00:00:00,43.0,42.0,82.85
1987-07-01 00:00:00,71.0,22.0,75.11
1987-07-02 00:00:00,81.0,35.0,90.98
1987-07-03 00:00:00,84.0,28.0,135.7
1987-07-04 00:00:00,76.0,1.0,71.38
1987-07-05 00:00:00,93.0,0.0,65.38
1987-07-06 00:00:00,148.0,91.0,179.55
1987-07-07 00:00:00,99.0,64.0,183.48
1987-07-08 00:00:00,134.0,54.0,160.52
1987-07-09 00:00:00,99.0,71.0,164.24
1987-07-10 00:00:00,32.0,84.0,156.84
1987-07-11 00:00:00,40.0,11.0,58.54
1987-07-12 00:00:00,20.0,15.0,45.02
1987-07-13 00:00:00,74.0,34.0,46.0
1987-07-14 00:00:00,59.0,58.0,92.37
1987-07-15 00:00:00,62.0,29.0,96.61
1987-07-16 00:00:00,54.0,26.0,99.49
1987-07-17 00:00:00,57.0,12.0,72.61
1987-07-18 00:00:00,43.0,8.0,59.65
1987-07-19 00:00:00,19.0,24.0,64.22
1987-07-20 00:00:00,53.0,17.0,43.1
1987-07-21 00:00:00,71.0,44.0,111.44
1987-07-22 00:00:00,100.0,21.0,99.49
1987-07-23 00:00:00,107.0,24.0,117.67
1987-07-24 00:00:00,79.0,51.0,108.39
1987-07-25 00:00:00,13.0,30.0,89.59
1987-07-26 00:00:00,31.0,22.0,53.13
1987-07-27 00:00:00,78.0,30.0,98.04
1987-07-28 00:00:00,134.0,17.0,96.61
1987-07-29 00:00:00,94.0,46.0,162.37
1987-07-30 00:00:00,121.0,50.0,151.41
1987-07-31 00:00:00,168.0,38.0,144.32
1987-08-01 00:00:00,102.0,52.0,117.67
1987-08-02 00:00:00,86.0,42.0,160.52
1987-08-03 00:00:00,127.0,79.0,147.84
1987-08-04 00:00:00,113.0,38.0,155.02
1987-08-05 00:00:00,159.0,56.0,166.12
1987-08-06 00:00:00,80.0,41.0,162.37
1987-08-07 00:00:00,35.0,41.0,93.77
1987-08-08 00:00:00,29.0,45.0,77.65
1987-08-09 00:00:00,19.0,22.0,55.26
1987-08-10 00:00:00,40.0,11.0,53.13
1987-08-11 00:00:00,36.0,38.0,76.37
1987-08-12 00:00:00,50.0,44.0,75.11
1987-08-13 00:00:00,64.0,26.0,80.23
1987-08-14 00:00:00,51.0,29.0,102.41
1987-08-15 00:00:00,63.0,18.0,82.85
1987-08-16 00:00:00,48.0,7.0,59.65
1987-08-17 00:00:00,39.0,26.0,72.61
1987-08-18 00:00:00,108.0,26.0,66.56
1987-08-19 00:00:00,79.0,29.0,119.25
1987-08-20 00:00:00,108.0,40.0,109.91
1987-08-21 00:00:00,116.0,40.0,149.62
1987-08-22 00:00:00,82.0,51.0,130.65
1987-08-23 00:00:00,37.0,36.0,92.37
1987-08-24 00:00:00,56.0,50.0,93.77
1987-08-25 00:00:00,61.0,43.0,95.18
1987-08-26 00:00:00,101.0,43.0,98.04
1987-08-27 00:00:00,156.0,24.0,130.65
1987-08-28 00:00:00,151.0,29.0,164.24
1987-08-29 00:00:00,37.0,25.0,137.4
1987-08-30 00:00:00,65.0,18.0,65.38
1987-08-31 00:00:00,180.0,28.0,134.0
1987-09-01 00:00:00,153.0,35.0,199.65
1987-09-02 00:00:00,152.0,46.0,189.47
1987-09-03 00:00:00,153.0,21.0,124.07
1987-09-04 00:00:00,105.0,35.0,164.24
1987-09-05 00:00:00,107.0,4.0,100.94
1987-09-06 00:00:00,76.0,11.0,95.18
1987-09-07 00:00:00,147.0,15.0,125.7
1987-09-08 00:00:00,134.0,18.0,124.07
1987-09-09 00:00:00,183.0,31.0,140.84
1987-09-10 00:00:00,215.0,28.0,208.0
1987-09-11 00:00:00,182.0,31.0,218.68
1987-09-12 00:00:00,74.0,18.0,153.21
1987-09-13 00:00:00,71.0,10.0,67.75
1987-09-14 00:00:00,167.0,14.0,99.49
1987-09-15 00:00:00,195.0,35.0,208.0
1987-09-16 00:00:00,156.0,10.0,173.73
1987-09-17 00:00:00,154.0,38.0,164.24
1987-09-18 00:00:00,145.0,69.0,187.46
1987-09-19 00:00:00,98.0,14.0,147.84
1987-09-20 00:00:00,74.0,5.0,88.22
1987-09-21 00:00:00,73.0,22.0,103.89
1987-09-22 00:00:00,152.0,35.0,162.37
1987-09-23 00:00:00,204.0,4.0,177.6
1987-09-24 00:00:00,179.0,10.0,183.48
1987-09-25 00:00:00,211.0,29.0,236.32
1987-09-26 00:00:00,81.0,45.0,189.47
1987-09-27 00:00:00,16.0,14.0,89.59
1987-09-28 00:00:00,112.0,31.0,80.23
1987-09-29 00:00:00,73.0,10.0,119.25
1987-09-30 00:00:00,31.0,31.0,102.41
1987-10-01 00:00:00,74.0,43.0,101.53
1987-10-02 00:00:00,87.0,20.0,115.88
1987-10-03 00:00:00,98.0,7.0,112.93
1987-10-04 00:00:00,43.0,3.0,117.4
1987-10-05 00:00:00,176.0,38.0,108.78
1987-10-06 00:00:00,133.0,0.0,213.96
1987-10-07 00:00:00,169.0,47.0,233.23
1987-10-08 00:00:00,155.0,16.0,181.3
1987-10-09 00:00:00,210.0,36.0,237.1
1987-10-10 00:00:00,94.0,22.0,216.83
1987-10-11 00:00:00,131.0,12.0,136.28
1987-10-12 00:00:00,122.0,44.0,179.72
1987-10-13 00:00:00,194.0,21.0,192.84
1987-10-14 00:00:00,285.0,31.0,262.28
1987-10-15 00:00:00,479.0,57.0,507.2
1987-10-16 00:00:00,209.0,62.0,391.55
1987-10-17 00:00:00,170.0,92.0,394.65
1987-10-18 00:00:00,119.0,7.0,218.98
1987-10-19 00:00:00,225.0,65.0,213.89
1987-10-20 00:00:00,194.0,13.0,246.26
1987-10-21 00:00:00,236.0,8.0,257.52
1987-10-22 00:00:00,198.0,12.0,266.37
1987-10-23 00:00:00,176.0,93.0,276.21
1987-10-24 00:00:00,144.0,115.0,268.55
1987-10-25 00:00:00,57.0,60.0,229.0
1987-10-26 00:00:00,137.0,42.0,158.63
1987-10-27 00:00:00,223.0,37.0,242.96
1987-10-28 00:00:00,211.0,70.0,307.98
1987-10-29 00:00:00,253.0,108.0,329.36
1987-10-30 00:00:00,222.0,111.0,413.77
1987-10-31 00:00:00,298.0,105.0,614.2
1987-11-01 00:00:00,65.0,43.0,421.57
1987-11-02 00:00:00,238.0,91.0,281.22
1987-11-03 00:00:00,257.0,70.0,430.16
1987-11-04 00:00:00,209.0,33.0,330.91
1987-11-05 00:00:00,230.0,91.0,337.36
1987-11-06 00:00:00,279.0,106.0,381.6
1987-11-07 00:00:00,126.0,155.0,487.76
1987-11-08 00:00:00,204.0,36.0,229.52
1987-11-09 00:00:00,234.0,89.0,372.43
1987-11-10 00:00:00,104.0,110.0,373.65
1987-11-11 00:00:00,116.0,97.0,280.15
1987-11-12 00:00:00,215.0,109.0,299.03
1987-11-13 00:00:00,188.0,101.0,320.69
1987-11-14 00:00:00,66.0,13.0,240.57
1987-11-15 00:00:00,138.0,9.0,99.1
1987-11-16 00:00:00,299.0,111.0,330.93
1987-11-17 00:00:00,191.0,94.0,381.79
1987-11-18 00:00:00,241.0,83.0,310.51
1987-11-19 00:00:00,229.0,79.0,366.12
1987-11-20 00:00:00,263.0,97.0,358.92
1987-11-21 00:00:00,110.0,48.0,288.04
1987-11-22 00:00:00,110.0,46.0,151.8
1987-11-23 00:00:00,354.0,90.0,301.81
1987-11-24 00:00:00,254.0,134.0,511.22
1987-11-25 00:00:00,276.0,109.0,398.76
1987-11-26 00:00:00,153.0,146.0,432.26
1987-11-27 00:00:00,262.0,45.0,271.78
1987-11-28 00:00:00,150.0,50.0,294.29
1987-11-29 00:00:00,112.0,30.0,200.6
1987-11-30 00:00:00,158.0,96.0,271.02
1987-12-01 00:00:00,225.0,36.0,228.28
1987-12-02 00:00:00,275.0,110.0,408.43
1987-12-03 00:00:00,326.0,92.0,417.11
1987-12-04 00:00:00,423.0,71.0,740.13
1987-12-05 00:00:00,511.0,80.0,703.24
1987-12-06 00:00:00,317.0,48.0,558.32
1987-12-07 00:00:00,484.0,120.0,642.79
1987-12-08 00:00:00,179.0,35.0,462.22
1987-12-09 00:00:00,347.0,91.0,428.48
1987-12-10 00:00:00,525.0,86.0,748.85
1987-12-11 00:00:00,710.0,103.0,1176.91
1987-12-12 00:00:00,1257.0,58.0,1400.79
1987-12-13 00:00:00,612.0,64.0,1354.69
1987-12-14 00:00:00,1158.0,101.0,1684.51
1987-12-15 00:00:00,940.0,98.0,1370.32
1987-12-16 00:00:00,975.0,99.0,1449.19
1987-12-17 00:00:00,756.0,106.0,1209.05
1987-12-18 00:00:00,730.0,104.0,1044.04
1987-12-19 00:00:00,761.0,89.0,1034.26
1987-12-20 00:00:00,514.0,17.0,838.16
1987-12-21 00:00:00,530.0,92.0,697.94
1987-12-22 00:00:00,628.0,110.0,863.67
1987-12-23 00:00:00,531.0,121.0,750.99
1987-12-24 00:00:00,571.0,73.0,803.52
1987-12-25 00:00:00,217.0,36.0,394.97
1987-12-26 00:00:00,367.0,67.0,403.65
1987-12-27 00:00:00,220.0,52.0,486.21
1987-12-28 00:00:00,508.0,103.0,453.75
1987-12-29 00:00:00,679.0,102.0,840.45
1987-12-30 00:00:00,694.0,121.0,886.7
1987-12-31 00:00:00,633.0,60.0,882.81
1988-01-01 00:00:00,266.0,26.0,438.35
1988-01-02 00:00:00,419.0,111.0,482.23
1988-01-03 00:00:00,426.0,92.0,672.55
1988-01-04 00:00:00,502.0,114.0,563.97
1988-01-05 00:00:00,712.0,116.0,889.62
1988-01-06 00:00:00,503.0,135.0,921.2
1988-01-07 00:00:00,594.0,112.0,727.32
1988-01-08 00:00:00,821.0,116.0,1025.23
1988-01-09 00:00:00,678.0,121.0,1019.92
1988-01-10 00:00:00,431.0,92.0,776.5
1988-01-11 00:00:00,673.0,120.0,682.11
1988-01-12 00:00:00,621.0,87.0,968.29
1988-01-13 00:00:00,946.0,115.0,1019.43
1988-01-14 00:00:00,1032.0,107.0,1491.66
1988-01-15 00:00:00,1064.0,102.0,1480.76
1988-01-16 00:00:00,1050.0,118.0,1575.32
1988-01-17 00:00:00,634.0,118.0,1323.41
1988-01-18 00:00:00,526.0,135.0,853.69
1988-01-19 00:00:00,648.0,112.0,922.71
1988-01-20 00:00:00,693.0,106.0,941.49
1988-01-21 00:00:00,792.0,111.0,982.46
1988-01-22 00:00:00,749.0,110.0,1002.3
1988-01-23 00:00:00,625.0,109.0,958.38
1988-01-24 00:00:00,458.0,96.0,749.62
1988-01-25 00:00:00,615.0,104.0,669.7
1988-01-26 00:00:00,775.0,115.0,991.31
1988-01-27 00:00:00,1257.0,120.0,1459.36
1988-01-28 00:00:00,1342.0,131.0,1786.13
1988-01-29 00:00:00,957.0,260.0,1637.65
1988-01-30 00:00:00,1122.0,341.0,1914.82
1988-01-31 00:00:00,1266.0,275.0,1866.94
1988-02-01 00:00:00,1138.0,249.0,1687.92
1988-02-02 00:00:00,993.0,213.0,1586.23
1988-02-03 00:00:00,984.0,200.0,1248.88
1988-02-04 00:00:00,1214.0,247.0,1588.25
1988-02-05 00:00:00,905.0,245.0,1449.35
1988-02-06 00:00:00,847.0,280.0,1660.11
1988-02-07 00:00:00,1256.0,273.0,1756.38
1988-02-08 00:00:00,1178.0,277.0,1661.67
1988-02-09 00:00:00,883.0,214.0,1381.48
1988-02-10 00:00:00,1075.0,247.0,1508.0
1988-02-11 00:00:00,1143.0,208.0,1505.87
1988-02-12 00:00:00,1105.0,183.0,1450.76
1988-02-13 00:00:00,817.0,183.0,1219.62
1988-02-14 00:00:00,620.0,182.0,1028.15
1988-02-15 00:00:00,859.0,183.0,1105.63
1988-02-16 00:00:00,856.0,183.0,1392.38
1988-02-17 00:00:00,809.0,183.0,1151.25
1988-02-18 00:00:00,783.0,183.0,1080.22
1988-02-19 00:00:00,739.0,178.0,1088.1
1988-02-20 00:00:00,704.0,188.0,1026.13
1988-02-21 00:00:00,632.0,155.0,951.68
1988-02-22 00:00:00,673.0,173.0,944.79
1988-02-23 00:00:00,626.0,168.0,937.06
1988-02-24 00:00:00,626.0,161.0,936.66
1988-02-25 00:00:00,571.0,165.0,842.44
1988-02-26 00:00:00,548.0,182.0,846.12
1988-02-27 00:00:00,416.0,143.0,724.99
1988-02-28 00:00:00,302.0,96.0,489.96
1988-02-29 00:00:00,392.0,173.0,581.13
1988-03-01 00:00:00,409.0,174.0,632.96
1988-03-02 00:00:00,477.0,139.0,622.21
1988-03-03 00:00:00,458.0,142.0,692.26
1988-03-04 00:00:00,306.0,143.0,555.99
1988-03-05 00:00:00,164.0,100.0,446.54
1988-03-06 00:00:00,78.0,87.0,246.27
1988-03-07 00:00:00,207.0,150.0,274.15
1988-03-08 00:00:00,119.0,114.0,386.33
1988-03-09 00:00:00,278.0,113.0,343.42
1988-03-10 00:00:00,233.0,99.0,344.99
1988-03-11 00:00:00,152.0,106.0,387.48
1988-03-12 00:00:00,87.0,11.0,194.73
1988-03-13 00:00:00,64.0,8.0,147.07
1988-03-14 00:00:00,55.0,53.0,142.08
1988-03-15 00:00:00,94.0,19.0,140.07
1988-03-16 00:00:00,175.0,8.0,146.0
1988-03-17 00:00:00,121.0,42.0,225.33
1988-03-18 00:00:00,100.0,35.0,193.52
1988-03-19 00:00:00,32.0,8.0,119.59
1988-03-20 00:00:00,44.0,7.0,61.23
1988-03-21 00:00:00,168.0,8.0,148.49
1988-03-22 00:00:00,148.0,26.0,189.02
1988-03-23 00:00:00,123.0,26.0,221.88
1988-03-24 00:00:00,171.0,27.0,224.15
1988-03-25 00:00:00,94.0,48.0,210.63
1988-03-26 00:00:00,39.0,20.0,124.44
1988-03-27 00:00:00,30.0,42.0,94.57
1988-03-28 00:00:00,66.0,106.0,196.04
1988-03-29 00:00:00,198.0,10.0,192.95
1988-03-30 00:00:00,107.0,15.0,148.5
1988-03-31 00:00:00,143.0,51.0,200.99
1988-04-01 00:00:00,41.0,19.0,145.07
1988-04-02 00:00:00,36.0,17.0,86.69
1988-04-03 00:00:00,98.0,23.0,86.37
1988-04-04 00:00:00,129.0,16.0,151.84
1988-04-05 00:00:00,256.0,54.0,248.76
1988-04-06 00:00:00,350.0,0.0,335.55
1988-04-07 00:00:00,84.0,47.0,304.04
1988-04-08 00:00:00,99.0,19.0,141.27
1988-04-09 00:00:00,39.0,10.0,100.13
1988-04-10 00:00:00,15.0,18.0,71.48
1988-04-11 00:00:00,160.0,38.0,177.33
1988-04-12 00:00:00,111.0,5.0,197.49
1988-04-13 00:00:00,98.0,22.0,209.61
1988-04-14 00:00:00,46.0,14.0,124.01
1988-04-15 00:00:00,103.0,34.0,130.01
1988-04-16 00:00:00,2.0,9.0,114.99
1988-04-17 00:00:00,20.0,15.0,53.02
1988-04-18 00:00:00,71.0,24.0,102.8
1988-04-19 00:00:00,264.0,28.0,273.49
1988-04-20 00:00:00,28.0,44.0,211.28
1988-04-21 00:00:00,50.0,66.0,170.62
1988-04-22 00:00:00,131.0,52.0,144.69
1988-04-23 00:00:00,96.0,63.0,230.73
1988-04-24 00:00:00,50.0,22.0,131.3
1988-04-25 00:00:00,43.0,70.0,109.39
1988-04-26 00:00:00,38.0,64.0,140.03
1988-04-27 00:00:00,35.0,83.0,144.88
1988-04-28 00:00:00,41.0,69.0,134.73
1988-04-29 00:00:00,66.0,76.0,159.3
1988-04-30 00:00:00,0.0,54.0,131.98
1988-05-01 00:00:00,0.0,28.0,50.64
1988-05-02 00:00:00,85.0,46.0,99.46
1988-05-03 00:00:00,78.0,56.0,157.11
1988-05-04 00:00:00,88.0,68.0,194.17
1988-05-05 00:00:00,140.0,72.0,295.61
1988-05-06 00:00:00,152.0,76.0,402.79
1988-05-07 00:00:00,65.0,46.0,313.1
1988-05-08 00:00:00,37.0,28.0,158.51
1988-05-09 00:00:00,142.0,59.0,219.74
1988-05-10 00:00:00,118.0,49.0,228.03
1988-05-11 00:00:00,50.0,78.0,233.03
1988-05-12 00:00:00,13.0,64.0,147.26
1988-05-13 00:00:00,82.0,96.0,175.71
1988-05-14 00:00:00,0.0,41.0,157.48
1988-05-15 00:00:00,63.0,14.0,79.24
1988-05-16 00:00:00,87.0,62.0,185.97
1988-05-17 00:00:00,51.0,43.0,136.21
1988-05-18 00:00:00,111.0,46.0,161.25
1988-05-19 00:00:00,107.0,38.0,187.12
1988-05-20 00:00:00,110.0,28.0,188.58
1988-05-21 00:00:00,45.0,20.0,118.38
1988-05-22 00:00:00,44.0,18.0,91.43
1988-05-23 00:00:00,81.0,25.0,114.16
1988-05-24 00:00:00,152.0,47.0,152.06
1988-05-25 00:00:00,100.0,40.0,210.0
1988-05-26 00:00:00,71.0,69.0,180.85
1988-05-27 00:00:00,54.0,51.0,149.96
1988-05-28 00:00:00,95.0,33.0,113.67
1988-05-29 00:00:00,50.0,31.0,122.34
1988-05-30 00:00:00,123.0,56.0,174.61
1988-05-31 00:00:00,38.0,67.0,163.87
1988-06-01 00:00:00,108.0,16.0,97.07
1988-06-02 00:00:00,9.0,7.0,106.08
1988-06-03 00:00:00,67.0,28.0,73.98
1988-06-04 00:00:00,41.0,20.0,106.08
1988-06-05 00:00:00,14.0,24.0,57.74
1988-06-06 00:00:00,137.0,47.0,169.24
1988-06-07 00:00:00,96.0,59.0,136.94
1988-06-08 00:00:00,121.0,34.0,140.24
1988-06-09 00:00:00,76.0,55.0,167.86
1988-06-10 00:00:00,94.0,0.0,108.66
1988-06-11 00:00:00,91.0,0.0,104.19
1988-06-12 00:00:00,43.0,0.0,97.23
1988-06-13 00:00:00,151.0,38.0,177.13
1988-06-14 00:00:00,59.0,50.0,181.94
1988-06-15 00:00:00,119.0,49.0,184.71
1988-06-16 00:00:00,147.0,33.0,168.79
1988-06-17 00:00:00,145.0,37.0,239.28
1988-06-18 00:00:00,52.0,0.0,155.05
1988-06-19 00:00:00,133.0,0.0,133.15
1988-06-20 00:00:00,188.0,45.0,244.96
1988-06-21 00:00:00,106.0,48.0,203.81
1988-06-22 00:00:00,158.0,40.0,173.16
1988-06-23 00:00:00,237.0,53.0,250.99
1988-06-24 00:00:00,102.0,53.0,278.7
1988-06-25 00:00:00,84.0,30.0,134.5
1988-06-26 00:00:00,77.0,10.0,125.98
1988-06-27 00:00:00,142.0,63.0,223.84
1988-06-28 00:00:00,166.0,73.0,220.65
1988-06-29 00:00:00,176.0,58.0,259.19
1988-06-30 00:00:00,155.0,58.0,243.88
1988-07-01 00:00:00,131.0,59.0,237.06
1988-07-02 00:00:00,154.0,56.0,221.23
1988-07-03 00:00:00,49.0,7.0,171.22
1988-07-04 00:00:00,294.0,50.0,309.91
1988-07-05 00:00:00,358.0,47.0,453.2
1988-07-06 00:00:00,442.0,48.0,643.56
1988-07-07 00:00:00,369.0,59.0,505.81
1988-07-08 00:00:00,371.0,93.0,524.1
1988-07-09 00:00:00,209.0,59.0,462.35
1988-07-10 00:00:00,124.0,7.0,224.15
1988-07-11 00:00:00,325.0,38.0,250.74
1988-07-12 00:00:00,419.0,76.0,520.25
1988-07-13 00:00:00,425.0,87.0,649.18
1988-07-14 00:00:00,493.0,90.0,617.22
1988-07-15 00:00:00,457.0,108.0,641.38
1988-07-16 00:00:00,250.0,102.0,481.74
1988-07-17 00:00:00,74.0,108.0,309.5
1988-07-18 00:00:00,491.0,92.0,368.94
1988-07-19 00:00:00,328.0,84.0,473.14
1988-07-20 00:00:00,356.0,97.0,490.32
1988-07-21 00:00:00,404.0,87.0,531.94
1988-07-22 00:00:00,425.0,79.0,530.7
1988-07-23 00:00:00,274.0,68.0,471.27
1988-07-24 00:00:00,82.0,50.0,238.47
1988-07-25 00:00:00,279.0,85.0,169.73
1988-07-26 00:00:00,302.0,74.0,373.3
1988-07-27 00:00:00,403.0,67.0,504.2
1988-07-28 00:00:00,432.0,70.0,522.73
1988-07-29 00:00:00,387.0,75.0,487.32
1988-07-30 00:00:00,173.0,92.0,404.97
1988-07-31 00:00:00,97.0,24.0,161.87
1988-08-01 00:00:00,172.0,102.0,181.83
1988-08-02 00:00:00,283.0,71.0,269.62
1988-08-03 00:00:00,193.0,77.0,363.66
1988-08-04 00:00:00,286.0,75.0,263.24
1988-08-05 00:00:00,339.0,102.0,442.14
1988-08-06 00:00:00,137.0,124.0,383.32
1988-08-07 00:00:00,30.0,91.0,150.6
1988-08-08 00:00:00,262.0,79.0,249.59
1988-08-09 00:00:00,269.0,72.0,272.67
1988-08-10 00:00:00,245.0,74.0,363.58
1988-08-11 00:00:00,305.0,55.0,335.15
1988-08-12 00:00:00,239.0,69.0,333.48
1988-08-13 00:00:00,169.0,3.0,239.87
1988-08-14 00:00:00,57.0,0.0,133.44
1988-08-15 00:00:00,33.0,30.0,68.49
1988-08-16 00:00:00,203.0,4.0,75.56
1988-08-17 00:00:00,322.0,7.0,305.62
1988-08-18 00:00:00,308.0,30.0,335.56
1988-08-19 00:00:00,296.0,0.0,314.51
1988-08-20 00:00:00,133.0,0.0,234.26
1988-08-21 00:00:00,63.0,7.0,136.37
1988-08-22 00:00:00,275.0,26.0,128.62
1988-08-23 00:00:00,196.0,54.0,227.01
1988-08-24 00:00:00,275.0,52.0,298.8
1988-08-25 00:00:00,291.0,24.0,328.59
1988-08-26 00:00:00,312.0,20.0,301.41
1988-08-27 00:00:00,144.0,22.0,285.6
1988-08-28 00:00:00,64.0,9.0,123.92
1988-08-29 00:00:00,261.0,41.0,182.71
1988-08-30 00:00:00,230.0,68.0,294.53
1988-08-31 00:00:00,256.0,68.0,291.74
1988-09-01 00:00:00,255.0,61.0,336.63
1988-09-02 00:00:00,294.0,61.0,329.13
1988-09-03 00:00:00,103.0,0.0,249.11
1988-09-04 00:00:00,44.0,7.0,72.7
1988-09-05 00:00:00,293.0,31.0,173.9
1988-09-06 00:00:00,393.0,70.0,454.14
1988-09-07 00:00:00,290.0,75.0,364.07
1988-09-08 00:00:00,259.0,68.0,328.09
1988-09-09 00:00:00,323.0,76.0,378.26
1988-09-10 00:00:00,170.0,74.0,323.91
1988-09-11 00:00:00,97.0,36.0,221.71
1988-09-12 00:00:00,193.0,70.0,213.61
1988-09-13 00:00:00,221.0,70.0,250.82
1988-09-14 00:00:00,209.0,62.0,262.63
1988-09-15 00:00:00,219.0,51.0,280.73
1988-09-16 00:00:00,240.0,55.0,235.68
1988-09-17 00:00:00,129.0,24.0,247.55
1988-09-18 00:00:00,48.0,8.0,101.45
1988-09-19 00:00:00,228.0,72.0,180.14
1988-09-20 00:00:00,218.0,74.0,281.0
1988-09-21 00:00:00,147.0,90.0,279.26
1988-09-22 00:00:00,218.0,76.0,237.97
1988-09-23 00:00:00,232.0,125.0,353.83
1988-09-24 00:00:00,173.0,115.0,333.99
1988-09-25 00:00:00,103.0,55.0,175.93
1988-09-26 00:00:00,181.0,102.0,207.16
1988-09-27 00:00:00,242.0,99.0,294.8
1988-09-28 00:00:00,145.0,65.0,245.97
1988-09-29 00:00:00,206.0,41.0,201.37
1988-09-30 00:00:00,101.0,43.0,216.49
1988-10-01 00:00:00,118.0,64.0,149.63
1988-10-02 00:00:00,92.0,10.0,117.16
1988-10-03 00:00:00,168.0,36.0,134.37
1988-10-04 00:00:00,252.0,70.0,230.26
1988-10-05 00:00:00,235.0,13.0,304.49
1988-10-06 00:00:00,235.0,40.0,217.78
1988-10-07 00:00:00,186.0,49.0,280.54
1988-10-08 00:00:00,141.0,6.0,216.79
1988-10-09 00:00:00,100.0,11.0,128.76
1988-10-10 00:00:00,240.0,24.0,172.02
1988-10-11 00:00:00,294.0,31.0,250.94
1988-10-12 00:00:00,92.0,85.0,280.72
1988-10-13 00:00:00,178.0,22.0,151.47
1988-10-14 00:00:00,413.0,49.0,348.25
1988-10-15 00:00:00,200.0,28.0,401.21
1988-10-16 00:00:00,56.0,7.0,158.3
1988-10-17 00:00:00,357.0,52.0,210.57
1988-10-18 00:00:00,324.0,72.0,469.21
1988-10-19 00:00:00,220.0,55.0,385.08
1988-10-20 00:00:00,204.0,38.0,266.95
1988-10-21 00:00:00,250.0,92.0,276.79
1988-10-22 00:00:00,143.0,44.0,316.6
1988-10-23 00:00:00,73.0,0.0,125.05
1988-10-24 00:00:00,364.0,70.0,227.89
1988-10-25 00:00:00,336.0,88.0,369.01
1988-10-26 00:00:00,378.0,103.0,416.51
1988-10-27 00:00:00,299.0,78.0,435.96
1988-10-28 00:00:00,372.0,133.0,545.9
1988-10-29 00:00:00,194.0,56.0,362.94
1988-10-30 00:00:00,111.0,20.0,195.79
1988-10-31 00:00:00,289.0,33.0,225.64
1988-11-01 00:00:00,69.0,28.0,254.68
1988-11-02 00:00:00,312.0,93.0,302.33
1988-11-03 00:00:00,296.0,150.0,405.76
1988-11-04 00:00:00,329.0,102.0,410.14
1988-11-05 00:00:00,261.0,73.0,438.49
1988-11-06 00:00:00,80.0,50.0,276.13
1988-11-07 00:00:00,373.0,102.0,336.28
1988-11-08 00:00:00,575.0,64.0,616.5
1988-11-09 00:00:00,481.0,76.0,1041.23
1988-11-10 00:00:00,289.0,76.0,597.87
1988-11-11 00:00:00,283.0,79.0,458.8
1988-11-12 00:00:00,277.0,82.0,427.3
1988-11-13 00:00:00,205.0,52.0,398.53
1988-11-14 00:00:00,299.0,121.0,355.67
1988-11-15 00:00:00,328.0,97.0,470.41
1988-11-16 00:00:00,364.0,144.0,509.48
1988-11-17 00:00:00,414.0,122.0,574.62
1988-11-18 00:00:00,318.0,120.0,493.56
1988-11-19 00:00:00,244.0,136.0,459.78
1988-11-20 00:00:00,135.0,45.0,297.26
1988-11-21 00:00:00,305.0,93.0,269.65
1988-11-22 00:00:00,423.0,94.0,448.5
1988-11-23 00:00:00,435.0,118.0,618.23
1988-11-24 00:00:00,465.0,97.0,529.89
1988-11-25 00:00:00,405.0,120.0,550.41
1988-11-26 00:00:00,276.0,93.0,616.88
1988-11-27 00:00:00,61.0,12.0,245.97
1988-11-28 00:00:00,255.0,67.0,243.25
1988-11-29 00:00:00,242.0,126.0,373.83
1988-11-30 00:00:00,276.0,135.0,452.76
1988-12-01 00:00:00,120.0,8.0,278.74
1988-12-02 00:00:00,270.0,60.0,225.66
1988-12-03 00:00:00,132.0,5.0,250.96
1988-12-04 00:00:00,90.0,0.0,158.87
1988-12-05 00:00:00,145.0,98.0,183.05
1988-12-06 00:00:00,57.0,115.0,250.32
1988-12-07 00:00:00,201.0,94.0,188.92
1988-12-08 00:00:00,83.0,37.0,241.39
1988-12-09 00:00:00,336.0,126.0,298.07
1988-12-10 00:00:00,44.0,152.0,382.7
1988-12-11 00:00:00,63.0,46.0,103.21
1988-12-12 00:00:00,174.0,118.0,274.3
1988-12-13 00:00:00,44.0,128.0,227.16
1988-12-14 00:00:00,150.0,131.0,189.95
1988-12-15 00:00:00,118.0,127.0,307.44
1988-12-16 00:00:00,91.0,144.0,251.18
1988-12-17 00:00:00,107.0,133.0,222.12
1988-12-18 00:00:00,22.0,58.0,138.06
1988-12-19 00:00:00,137.0,145.0,192.76
1988-12-20 00:00:00,143.0,129.0,269.5
1988-12-21 00:00:00,103.0,138.0,248.14
1988-12-22 00:00:00,84.0,129.0,249.06
1988-12-23 00:00:00,81.0,91.0,147.57
1988-12-24 00:00:00,38.0,21.0,110.13
1988-12-25 00:00:00,31.0,2.0,53.62
1988-12-26 00:00:00,77.0,11.0,38.72
1988-12-27 00:00:00,117.0,10.0,117.84
1988-12-28 00:00:00,72.0,42.0,115.15
1988-12-29 00:00:00,70.0,52.0,119.15
1988-12-30 00:00:00,50.0,27.0,121.05
1988-12-31 00:00:00,52.0,55.0,71.46
1989-01-01 00:00:00,12.0,71.0,116.54
1989-01-02 00:00:00,141.0,48.0,106.69
1989-01-03 00:00:00,135.0,104.0,222.62
1989-01-04 00:00:00,94.0,117.0,238.9
1989-01-05 00:00:00,54.0,115.0,198.55
1989-01-06 00:00:00,77.0,102.0,182.38
1989-01-07 00:00:00,36.0,84.0,152.93
1989-01-08 00:00:00,5.0,65.0,76.45
1989-01-09 00:00:00,77.0,120.0,160.34
1989-01-10 00:00:00,101.0,100.0,158.67
1989-01-11 00:00:00,79.0,73.0,186.43
1989-01-12 00:00:00,74.0,14.0,172.04
1989-01-13 00:00:00,118.0,14.0,132.1
1989-01-14 00:00:00,98.0,29.0,147.13
1989-01-15 00:00:00,23.0,0.0,100.86
1989-01-16 00:00:00,120.0,63.0,101.64
1989-01-17 00:00:00,134.0,67.0,182.84
1989-01-18 00:00:00,94.0,101.0,209.51
1989-01-19 00:00:00,101.0,100.0,213.68
1989-01-20 00:00:00,101.0,90.0,195.92
1989-01-21 00:00:00,150.0,41.0,153.73
1989-01-22 00:00:00,46.0,23.0,137.92
1989-01-23 00:00:00,77.0,90.0,127.89
1989-01-24 00:00:00,146.0,105.0,199.41
1989-01-25 00:00:00,166.0,114.0,266.0
1989-01-26 00:00:00,78.0,108.0,264.69
1989-01-27 00:00:00,77.0,101.0,183.27
1989-01-28 00:00:00,40.0,69.0,151.24
1989-01-29 00:00:00,16.0,20.0,85.87
1989-01-30 00:00:00,68.0,55.0,112.67
1989-01-31 00:00:00,50.0,56.0,103.71
1989-02-01 00:00:00,56.0,54.0,112.95
1989-02-02 00:00:00,47.0,22.0,91.52
1989-02-03 00:00:00,92.0,16.0,82.72
1989-02-04 00:00:00,0.0,15.0,96.93
1989-02-05 00:00:00,29.0,25.0,29.59
1989-02-06 00:00:00,72.0,6.0,72.86
1989-02-07 00:00:00,59.0,0.0,76.46
1989-02-08 00:00:00,52.0,112.0,137.73
1989-02-09 00:00:00,71.0,112.0,184.75
1989-02-10 00:00:00,43.0,53.0,146.62
1989-02-11 00:00:00,24.0,3.0,92.52
1989-02-12 00:00:00,0.0,22.0,45.11
1989-02-13 00:00:00,57.0,11.0,46.13
1989-02-14 00:00:00,44.0,3.0,73.71
1989-02-15 00:00:00,49.0,13.0,66.4
1989-02-16 00:00:00,67.0,13.0,80.48
1989-02-17 00:00:00,24.0,12.0,77.31
1989-02-18 00:00:00,23.0,0.0,38.78
1989-02-19 00:00:00,19.0,5.0,39.1
1989-02-20 00:00:00,49.0,0.0,43.64
1989-02-21 00:00:00,97.0,3.0,64.3
1989-02-22 00:00:00,30.0,36.0,111.9
1989-02-23 00:00:00,52.0,59.0,117.09
1989-02-24 00:00:00,38.0,4.0,94.52
1989-02-25 00:00:00,61.0,0.0,109.29
1989-02-26 00:00:00,57.0,0.0,135.05
1989-02-27 00:00:00,42.0,16.0,169.4
1989-02-28 00:00:00,27.0,25.0,125.65
1989-03-01 00:00:00,51.0,0.0,84.65
1989-03-02 00:00:00,14.0,4.0,83.54
1989-03-03 00:00:00,26.0,1.0,54.63
1989-03-04 00:00:00,44.0,0.0,55.01
1989-03-05 00:00:00,48.0,0.0,64.75
1989-03-06 00:00:00,69.0,52.0,115.55
1989-03-07 00:00:00,55.0,95.0,166.33
1989-03-08 00:00:00,39.0,33.0,117.23
1989-03-09 00:00:00,33.0,0.0,65.19
1989-03-10 00:00:00,31.0,7.0,59.13
1989-03-11 00:00:00,7.0,0.0,47.77
1989-03-12 00:00:00,20.0,0.0,24.9
1989-03-13 00:00:00,36.0,26.0,59.49
1989-03-14 00:00:00,45.0,0.0,72.66
1989-03-15 00:00:00,34.0,9.0,59.19
1989-03-16 00:00:00,88.0,15.0,88.98
1989-03-17 00:00:00,57.0,0.0,83.35
1989-03-18 00:00:00,23.0,0.0,56.31
1989-03-19 00:00:00,63.0,0.0,43.89
1989-03-20 00:00:00,113.0,14.0,99.16
1989-03-21 00:00:00,61.0,25.0,104.34
1989-03-22 00:00:00,147.0,34.0,126.61
1989-03-23 00:00:00,15.0,54.0,184.92
1989-03-24 00:00:00,32.0,0.0,49.87
1989-03-25 00:00:00,7.0,5.0,42.12
1989-03-26 00:00:00,5.0,0.0,25.49
1989-03-27 00:00:00,90.0,12.0,60.88
1989-03-28 00:00:00,74.0,0.0,76.47
1989-03-29 00:00:00,43.0,8.0,76.97
1989-03-30 00:00:00,115.0,6.0,67.74
1989-03-31 00:00:00,107.0,52.0,222.19
1989-04-01 00:00:00,0.0,10.0,76.48
1989-04-02 00:00:00,58.0,0.0,34.28
1989-04-03 00:00:00,101.0,32.0,75.01
1989-04-04 00:00:00,87.0,47.0,168.46
1989-04-05 00:00:00,91.0,11.0,117.89
1989-04-06 00:00:00,39.0,0.0,83.56
1989-04-07 00:00:00,24.0,2.0,34.33
1989-04-08 00:00:00,73.0,0.0,59.22
1989-04-09 00:00:00,52.0,0.0,96.01
1989-04-10 00:00:00,36.0,5.0,116.27
1989-04-11 00:00:00,31.0,0.0,70.06
1989-04-12 00:00:00,106.0,8.0,93.96
1989-04-13 00:00:00,131.0,0.0,148.13
1989-04-14 00:00:00,68.0,0.0,120.57
1989-04-15 00:00:00,15.0,0.0,76.87
1989-04-16 00:00:00,3.0,0.0,43.7
1989-04-17 00:00:00,55.0,0.0,45.5
1989-04-18 00:00:00,37.0,0.0,58.95
1989-04-19 00:00:00,31.0,0.0,56.16
1989-04-20 00:00:00,26.0,0.0,63.16
1989-04-21 00:00:00,30.0,0.0,43.33
1989-04-22 00:00:00,66.0,0.0,50.68
1989-04-23 00:00:00,52.0,5.0,116.4
1989-04-24 00:00:00,12.0,0.0,37.64
1989-04-25 00:00:00,6.0,5.0,36.52
1989-04-26 00:00:00,24.0,0.0,27.92
1989-04-27 00:00:00,43.0,2.0,42.39
1989-04-28 00:00:00,16.0,0.0,46.6
1989-04-29 00:00:00,12.0,0.0,35.74
1989-04-30 00:00:00,14.0,0.0,31.78
1989-05-01 00:00:00,11.0,0.0,35.45
1989-05-02 00:00:00,29.0,0.0,33.55
1989-05-03 00:00:00,54.0,19.0,53.53
1989-05-04 00:00:00,48.0,0.0,67.94
1989-05-05 00:00:00,117.0,0.0,79.85
1989-05-06 00:00:00,63.0,0.0,116.41
1989-05-07 00:00:00,31.0,0.0,63.48
1989-05-08 00:00:00,32.0,0.0,39.93
1989-05-09 00:00:00,80.0,0.0,100.57
1989-05-10 00:00:00,14.0,0.0,32.19
1989-05-11 00:00:00,48.0,0.0,31.6
1989-05-12 00:00:00,36.0,3.0,51.33
1989-05-13 00:00:00,25.0,0.0,32.03
1989-05-14 00:00:00,33.0,0.0,43.67
1989-05-15 00:00:00,24.0,0.0,33.14
1989-05-16 00:00:00,28.0,0.0,36.6
1989-05-17 00:00:00,45.0,10.0,51.71
1989-05-18 00:00:00,35.0,0.0,42.36
1989-05-19 00:00:00,81.0,0.0,63.44
1989-05-20 00:00:00,22.0,3.0,69.11
1989-05-21 00:00:00,35.0,0.0,37.67
1989-05-22 00:00:00,60.0,0.0,50.57
1989-05-23 00:00:00,77.0,2.0,100.07
1989-05-24 00:00:00,67.0,0.0,84.88
1989-05-25 00:00:00,17.0,0.0,28.87
1989-05-26 00:00:00,20.0,0.0,34.09
1989-05-27 00:00:00,40.0,0.0,44.43
1989-05-28 00:00:00,68.0,0.0,65.32
1989-05-29 00:00:00,26.0,0.0,101.7
1989-05-30 00:00:00,22.0,0.0,59.77
1989-05-31 00:00:00,47.0,0.0,62.91
1989-06-01 00:00:00,113.0,0.0,93.06
1989-06-02 00:00:00,54.0,0.0,113.46
1989-06-03 00:00:00,25.0,12.0,65.33
1989-06-04 00:00:00,8.0,0.0,45.18
1989-06-05 00:00:00,42.0,0.0,47.47
1989-06-06 00:00:00,72.0,9.0,71.86
1989-06-07 00:00:00,75.0,0.0,72.34
1989-06-08 00:00:00,50.0,0.0,81.04
1989-06-09 00:00:00,27.0,0.0,66.47
1989-06-10 00:00:00,15.0,0.0,41.41
1989-06-11 00:00:00,29.0,0.0,26.19
1989-06-12 00:00:00,57.0,6.0,47.8
1989-06-13 00:00:00,63.0,0.0,60.11
1989-06-14 00:00:00,104.0,35.0,105.05
1989-06-15 00:00:00,67.0,51.0,143.92
1989-06-16 00:00:00,38.0,62.0,109.49
1989-06-17 00:00:00,15.0,32.0,78.72
1989-06-18 00:00:00,38.0,0.0,26.14
1989-06-19 00:00:00,123.0,46.0,109.43
1989-06-20 00:00:00,49.0,39.0,126.45
1989-06-21 00:00:00,34.0,55.0,97.68
1989-06-22 00:00:00,39.0,23.0,55.4
1989-06-23 00:00:00,69.0,0.0,67.79
1989-06-24 00:00:00,25.0,0.0,56.65
1989-06-25 00:00:00,14.0,0.0,30.26
1989-06-26 00:00:00,105.0,67.0,91.05
1989-06-27 00:00:00,102.0,70.0,168.37
1989-06-28 00:00:00,70.0,65.0,135.43
1989-06-29 00:00:00,69.0,61.0,119.33
1989-06-30 00:00:00,29.0,88.0,123.04
1989-07-01 00:00:00,24.0,61.0,94.11
1989-07-02 00:00:00,6.0,0.0,48.54
1989-07-03 00:00:00,47.0,72.0,74.59
1989-07-04 00:00:00,45.0,61.0,100.68
1989-07-05 00:00:00,28.0,72.0,104.81
1989-07-06 00:00:00,29.0,77.0,97.51
1989-07-07 00:00:00,62.0,59.0,111.3
1989-07-08 00:00:00,64.0,22.0,102.06
1989-07-09 00:00:00,24.0,0.0,50.72
1989-07-10 00:00:00,26.0,63.0,73.95
1989-07-11 00:00:00,55.0,67.0,97.68
1989-07-12 00:00:00,70.0,57.0,116.03
1989-07-13 00:00:00,39.0,71.0,119.66
1989-07-14 00:00:00,63.0,75.0,122.84
1989-07-15 00:00:00,14.0,26.0,117.03
1989-07-16 00:00:00,24.0,0.0,41.64
1989-07-17 00:00:00,61.0,74.0,78.4
1989-07-18 00:00:00,59.0,95.0,154.56
1989-07-19 00:00:00,61.0,128.0,160.39
1989-07-20 00:00:00,73.0,103.0,153.88
1989-07-21 00:00:00,64.0,106.0,139.87
1989-07-22 00:00:00,46.0,12.0,101.37
1989-07-23 00:00:00,20.0,0.0,50.09
1989-07-24 00:00:00,80.0,108.0,123.25
1989-07-25 00:00:00,54.0,45.0,120.04
1989-07-26 00:00:00,36.0,65.0,106.76
1989-07-27 00:00:00,51.0,84.0,109.97
1989-07-28 00:00:00,106.0,81.0,123.22
1989-07-29 00:00:00,29.0,63.0,146.19
1989-07-30 00:00:00,30.0,27.0,63.58
1989-07-31 00:00:00,71.0,90.0,138.03
1989-08-01 00:00:00,107.0,53.0,148.06
1989-08-02 00:00:00,68.0,35.0,141.51
1989-08-03 00:00:00,48.0,18.0,63.81
1989-08-04 00:00:00,20.0,46.0,72.57
1989-08-05 00:00:00,0.0,9.0,45.5
1989-08-06 00:00:00,7.0,24.0,29.16
1989-08-07 00:00:00,26.0,57.0,47.41
1989-08-08 00:00:00,26.0,35.0,64.22
1989-08-09 00:00:00,49.0,15.0,61.79
1989-08-10 00:00:00,35.0,37.0,66.0
1989-08-11 00:00:00,19.0,24.0,61.51
1989-08-12 00:00:00,15.0,9.0,40.94
1989-08-13 00:00:00,20.0,26.0,29.96
1989-08-14 00:00:00,38.0,42.0,56.56
1989-08-15 00:00:00,28.0,18.0,53.49
1989-08-16 00:00:00,56.0,49.0,76.06
1989-08-17 00:00:00,63.0,17.0,67.68
1989-08-18 00:00:00,35.0,33.0,94.36
1989-08-19 00:00:00,5.0,32.0,49.72
1989-08-20 00:00:00,11.0,6.0,33.51
1989-08-21 00:00:00,65.0,52.0,54.12
1989-08-22 00:00:00,58.0,40.0,96.73
1989-08-23 00:00:00,26.0,47.0,92.3
1989-08-24 00:00:00,19.0,64.0,84.45
1989-08-25 00:00:00,15.0,63.0,83.62
1989-08-26 00:00:00,15.0,66.0,81.85
1989-08-27 00:00:00,19.0,16.0,44.19
1989-08-28 00:00:00,13.0,60.0,75.79
1989-08-29 00:00:00,48.0,70.0,89.37
1989-08-30 00:00:00,19.0,77.0,112.26
1989-08-31 00:00:00,3.0,88.0,121.85
1989-09-01 00:00:00,45.0,82.0,97.59
1989-09-02 00:00:00,17.0,19.0,76.8
1989-09-03 00:00:00,19.0,0.0,42.29
1989-09-04 00:00:00,30.0,82.0,75.15
1989-09-05 00:00:00,27.0,72.0,103.49
1989-09-06 00:00:00,34.0,84.0,108.78
1989-09-07 00:00:00,37.0,88.0,113.06
1989-09-08 00:00:00,53.0,55.0,110.33
1989-09-09 00:00:00,77.0,10.0,69.73
1989-09-10 00:00:00,2.0,26.0,90.44
1989-09-11 00:00:00,56.0,23.0,43.6
1989-09-12 00:00:00,46.0,67.0,94.74
1989-09-13 00:00:00,93.0,30.0,91.42
1989-09-14 00:00:00,79.0,24.0,124.8
1989-09-15 00:00:00,90.0,35.0,110.52
1989-09-16 00:00:00,23.0,0.0,95.93
1989-09-17 00:00:00,39.0,8.0,41.2
1989-09-18 00:00:00,114.0,46.0,98.72
1989-09-19 00:00:00,64.0,15.0,103.9
1989-09-20 00:00:00,123.0,10.0,104.22
1989-09-21 00:00:00,74.0,6.0,108.8
1989-09-22 00:00:00,173.0,19.0,105.2
1989-09-23 00:00:00,23.0,8.0,147.62
1989-09-24 00:00:00,14.0,7.0,34.63
1989-09-25 00:00:00,68.0,44.0,48.83
1989-09-26 00:00:00,125.0,56.0,122.26
1989-09-27 00:00:00,103.0,82.0,200.16
1989-09-28 00:00:00,104.0,31.0,159.32
1989-09-29 00:00:00,147.0,46.0,177.59
1989-09-30 00:00:00,37.0,0.0,126.21
1989-10-01 00:00:00,19.0,0.0,42.17
1989-10-02 00:00:00,128.0,18.0,83.94
1989-10-03 00:00:00,127.0,15.0,166.62
1989-10-04 00:00:00,112.0,20.0,102.3
1989-10-05 00:00:00,89.0,0.0,108.57
1989-10-06 00:00:00,107.0,21.0,38.7
1989-10-07 00:00:00,88.0,8.0,59.87
1989-10-08 00:00:00,40.0,7.0,80.19
1989-10-09 00:00:00,72.0,42.0,77.61
1989-10-10 00:00:00,106.0,18.0,56.15
1989-10-11 00:00:00,94.0,14.0,122.66
1989-10-12 00:00:00,69.0,22.0,77.15
1989-10-13 00:00:00,37.0,15.0,67.11
1989-10-14 00:00:00,23.0,0.0,50.23
1989-10-15 00:00:00,14.0,0.0,29.72
1989-10-16 00:00:00,31.0,24.0,34.37
1989-10-17 00:00:00,92.0,4.0,57.26
1989-10-18 00:00:00,90.0,10.0,90.17
1989-10-19 00:00:00,78.0,8.0,95.33
1989-10-20 00:00:00,64.0,7.0,84.61
1989-10-21 00:00:00,41.0,4.0,63.6
1989-10-22 00:00:00,37.0,0.0,49.32
1989-10-23 00:00:00,60.0,26.0,69.55
1989-10-24 00:00:00,18.0,0.0,73.94
1989-10-25 00:00:00,176.0,0.0,57.65
1989-10-26 00:00:00,58.0,6.0,162.52
1989-10-27 00:00:00,140.0,3.0,87.36
1989-10-28 00:00:00,13.0,0.0,123.59
1989-10-29 00:00:00,23.0,0.0,45.04
1989-10-30 00:00:00,83.0,3.0,50.74
1989-10-31 00:00:00,144.0,10.0,99.29
1989-11-01 00:00:00,33.0,0.0,115.4
1989-11-02 00:00:00,123.0,21.0,49.67
1989-11-03 00:00:00,68.0,32.0,141.09
1989-11-04 00:00:00,24.0,0.0,81.04
1989-11-05 00:00:00,27.0,0.0,38.01
1989-11-06 00:00:00,145.0,38.0,48.42
1989-11-07 00:00:00,94.0,107.0,208.72
1989-11-08 00:00:00,79.0,71.0,153.61
1989-11-09 00:00:00,88.0,45.0,98.88
1989-11-10 00:00:00,74.0,25.0,119.58
1989-11-11 00:00:00,30.0,0.0,93.69
1989-11-12 00:00:00,23.0,0.0,24.74
1989-11-13 00:00:00,96.0,79.0,118.91
1989-11-14 00:00:00,91.0,112.0,198.72
1989-11-15 00:00:00,97.0,154.0,253.63
1989-11-16 00:00:00,144.0,77.0,192.59
1989-11-17 00:00:00,159.0,94.0,253.11
1989-11-18 00:00:00,446.0,6.0,356.34
1989-11-19 00:00:00,830.0,0.0,1236.96
1989-11-20 00:00:00,794.0,0.0,1129.79
1989-11-21 00:00:00,777.0,42.0,942.46
1989-11-22 00:00:00,799.0,30.0,1120.55
1989-11-23 00:00:00,1402.0,27.0,2727.16
1989-11-24 00:00:00,697.0,72.0,1418.06
1989-11-25 00:00:00,546.0,24.0,1676.87
1989-11-26 00:00:00,797.0,3.0,1217.38
1989-11-27 00:00:00,908.0,78.0,1500.54
1989-11-28 00:00:00,705.0,63.0,1134.59
1989-11-29 00:00:00,626.0,82.0,940.83
1989-11-30 00:00:00,548.0,64.0,744.23
1989-12-01 00:00:00,474.0,4.0,504.59
1989-12-02 00:00:00,467.0,0.0,596.27
1989-12-03 00:00:00,212.0,0.0,325.57
1989-12-04 00:00:00,466.0,70.0,430.59
1989-12-05 00:00:00,1023.0,75.0,1208.96
1989-12-06 00:00:00,912.0,83.0,1782.54
1989-12-07 00:00:00,752.0,39.0,928.93
1989-12-08 00:00:00,910.0,0.0,1045.66
1989-12-09 00:00:00,1227.0,0.0,1545.84
1989-12-10 00:00:00,1047.0,40.0,1557.09
1989-12-11 00:00:00,1005.0,117.0,1246.41
1989-12-12 00:00:00,1213.0,169.0,1530.27
1989-12-13 00:00:00,2082.0,136.0,2685.24
1989-12-14 00:00:00,1836.0,187.0,2707.31
1989-12-15 00:00:00,1845.0,190.0,2674.17
1989-12-16 00:00:00,2540.0,189.0,2456.83
1989-12-17 00:00:00,4712.0,382.0,5734.48
1989-12-18 00:00:00,4847.0,1371.0,6300.81
1989-12-19 00:00:00,2935.0,926.0,4769.76
1989-12-20 00:00:00,2778.0,438.0,3721.04
1989-12-21 00:00:00,1963.0,2115.0,4083.35
1989-12-22 00:00:00,3369.0,1974.0,6356.88
1989-12-23 00:00:00,2913.0,1027.0,5061.51
1989-12-24 00:00:00,3116.0,522.0,3886.16
1989-12-25 00:00:00,3353.0,434.0,3822.79
1989-12-26 00:00:00,7273.0,777.0,7407.15
1989-12-27 00:00:00,3665.0,431.0,6421.59
1989-12-28 00:00:00,2883.0,482.0,3999.84
1989-12-29 00:00:00,2406.0,368.0,3011.06
1989-12-30 00:00:00,1417.0,182.0,2094.85
1989-12-31 00:00:00,1795.0,182.0,2057.24
1990-01-01 00:00:00,1356.0,182.0,2115.94
1990-01-02 00:00:00,1283.0,181.0,1719.83
1990-01-03 00:00:00,1453.0,172.0,1950.44
1990-01-04 00:00:00,1233.0,216.0,1737.78
1990-01-05 00:00:00,913.0,200.0,1524.88
1990-01-06 00:00:00,947.0,181.0,1429.35
1990-01-07 00:00:00,993.0,181.0,1396.87
1990-01-08 00:00:00,1114.0,182.0,1532.25
1990-01-09 00:00:00,860.0,177.0,1280.22
1990-01-10 00:00:00,842.0,172.0,1269.55
1990-01-11 00:00:00,963.0,182.0,1350.49
1990-01-12 00:00:00,937.0,182.0,1328.48
1990-01-13 00:00:00,861.0,183.0,1254.73
1990-01-14 00:00:00,577.0,183.0,1162.78
1990-01-15 00:00:00,874.0,183.0,1045.46
1990-01-16 00:00:00,813.0,184.0,1187.25
1990-01-17 00:00:00,899.0,184.0,1176.48
1990-01-18 00:00:00,642.0,185.0,1183.7
1990-01-19 00:00:00,668.0,185.0,957.2
1990-01-20 00:00:00,743.0,186.0,1028.84
1990-01-21 00:00:00,392.0,186.0,876.92
1990-01-22 00:00:00,672.0,187.0,821.27
1990-01-23 00:00:00,740.0,187.0,1017.65
1990-01-24 00:00:00,674.0,188.0,1156.19
1990-01-25 00:00:00,706.0,188.0,1011.85
1990-01-26 00:00:00,669.0,189.0,929.2
1990-01-27 00:00:00,425.0,189.0,985.86
1990-01-28 00:00:00,312.0,187.0,784.28
1990-01-29 00:00:00,442.0,188.0,786.43
1990-01-30 00:00:00,601.0,186.0,1013.49
1990-01-31 00:00:00,671.0,147.0,977.13
1990-02-01 00:00:00,821.0,148.0,1134.89
1990-02-02 00:00:00,663.0,144.0,1131.39
1990-02-03 00:00:00,470.0,186.0,937.44
1990-02-04 00:00:00,190.0,186.0,654.02
1990-02-05 00:00:00,442.0,186.0,615.09
1990-02-06 00:00:00,664.0,187.0,996.93
1990-02-07 00:00:00,825.0,187.0,1029.8
1990-02-08 00:00:00,755.0,187.0,1122.0
1990-02-09 00:00:00,824.0,187.0,1084.77
1990-02-10 00:00:00,598.0,188.0,1020.35
1990-02-11 00:00:00,396.0,188.0,756.43
1990-02-12 00:00:00,584.0,188.0,723.55
1990-02-13 00:00:00,721.0,189.0,976.35
1990-02-14 00:00:00,649.0,189.0,978.42
1990-02-15 00:00:00,645.0,181.0,919.18
1990-02-16 00:00:00,666.0,183.0,863.29
1990-02-17 00:00:00,402.0,174.0,864.54
1990-02-18 00:00:00,132.0,160.0,366.04
1990-02-19 00:00:00,430.0,121.0,439.95
1990-02-20 00:00:00,757.0,99.0,774.89
1990-02-21 00:00:00,650.0,90.0,893.12
1990-02-22 00:00:00,678.0,86.0,786.31
1990-02-23 00:00:00,692.0,99.0,826.22
1990-02-24 00:00:00,355.0,97.0,731.0
1990-02-25 00:00:00,53.0,66.0,267.42
1990-02-26 00:00:00,490.0,107.0,413.57
1990-02-27 00:00:00,491.0,152.0,683.05
1990-02-28 00:00:00,468.0,154.0,654.62
1990-03-01 00:00:00,499.0,127.0,614.82
1990-03-02 00:00:00,589.0,125.0,688.03
1990-03-03 00:00:00,334.0,99.0,666.57
1990-03-04 00:00:00,98.0,106.0,288.11
1990-03-05 00:00:00,441.0,176.0,440.29
1990-03-06 00:00:00,459.0,151.0,645.51
1990-03-07 00:00:00,486.0,135.0,631.78
1990-03-08 00:00:00,406.0,112.0,540.98
1990-03-09 00:00:00,523.0,111.0,651.23
1990-03-10 00:00:00,92.0,55.0,445.25
1990-03-11 00:00:00,53.0,20.0,164.56
1990-03-12 00:00:00,320.0,40.0,263.61
1990-03-13 00:00:00,295.0,45.0,380.53
1990-03-14 00:00:00,349.0,9.0,355.09
1990-03-15 00:00:00,259.0,16.0,361.38
1990-03-16 00:00:00,258.0,2.0,336.86
1990-03-17 00:00:00,143.0,0.0,260.11
1990-03-18 00:00:00,44.0,0.0,144.29
1990-03-19 00:00:00,75.0,50.0,140.21
1990-03-20 00:00:00,162.0,86.0,237.99
1990-03-21 00:00:00,195.0,17.0,228.58
1990-03-22 00:00:00,207.0,0.0,246.68
1990-03-23 00:00:00,265.0,0.0,281.2
1990-03-24 00:00:00,104.0,15.0,256.67
1990-03-25 00:00:00,62.0,0.0,216.73
1990-03-26 00:00:00,184.0,0.0,156.58
1990-03-27 00:00:00,168.0,6.0,206.03
1990-03-28 00:00:00,275.0,9.0,248.54
1990-03-29 00:00:00,211.0,0.0,271.64
1990-03-30 00:00:00,293.0,0.0,268.96
1990-03-31 00:00:00,85.0,0.0,238.33
1990-04-01 00:00:00,31.0,0.0,132.38
1990-04-02 00:00:00,249.0,0.0,202.26
1990-04-03 00:00:00,172.0,9.0,246.27
1990-04-04 00:00:00,365.0,16.0,286.92
1990-04-05 00:00:00,240.0,63.0,409.35
1990-04-06 00:00:00,305.0,49.0,395.08
1990-04-07 00:00:00,245.0,112.0,452.27
1990-04-08 00:00:00,67.0,122.0,395.33
1990-04-09 00:00:00,200.0,116.0,346.03
1990-04-10 00:00:00,243.0,111.0,341.36
1990-04-11 00:00:00,169.0,100.0,363.04
1990-04-12 00:00:00,82.0,86.0,251.72
1990-04-13 00:00:00,16.0,21.0,146.17
1990-04-14 00:00:00,42.0,2.0,110.61
1990-04-15 00:00:00,65.0,19.0,132.43
1990-04-16 00:00:00,109.0,79.0,178.05
1990-04-17 00:00:00,121.0,100.0,240.42
1990-04-18 00:00:00,121.0,88.0,259.02
1990-04-19 00:00:00,122.0,79.0,234.61
1990-04-20 00:00:00,86.0,84.0,193.52
1990-04-21 00:00:00,135.0,97.0,234.84
1990-04-22 00:00:00,99.0,60.0,214.94
1990-04-23 00:00:00,145.0,91.0,209.88
1990-04-24 00:00:00,234.0,95.0,311.46
1990-04-25 00:00:00,191.0,6.0,223.04
1990-04-26 00:00:00,210.0,63.0,270.91
1990-04-27 00:00:00,95.0,85.0,257.02
1990-04-28 00:00:00,95.0,84.0,194.15
1990-04-29 00:00:00,124.0,49.0,225.77
1990-04-30 00:00:00,173.0,74.0,238.41
1990-05-01 00:00:00,34.0,9.0,140.93
1990-05-02 00:00:00,183.0,87.0,179.8
1990-05-03 00:00:00,265.0,89.0,299.84
1990-05-04 00:00:00,313.0,99.0,382.6
1990-05-05 00:00:00,189.0,33.0,283.56
1990-05-06 00:00:00,70.0,0.0,217.31
1990-05-07 00:00:00,273.0,91.0,241.89
1990-05-08 00:00:00,266.0,113.0,371.62
1990-05-09 00:00:00,240.0,98.0,332.95
1990-05-10 00:00:00,292.0,85.0,338.42
1990-05-11 00:00:00,297.0,92.0,408.02
1990-05-12 00:00:00,156.0,45.0,299.87
1990-05-13 00:00:00,76.0,10.0,157.83
1990-05-14 00:00:00,252.0,96.0,223.12
1990-05-15 00:00:00,138.0,107.0,297.98
1990-05-16 00:00:00,209.0,61.0,269.67
1990-05-17 00:00:00,176.0,96.0,269.95
1990-05-18 00:00:00,205.0,107.0,277.6
1990-05-19 00:00:00,151.0,51.0,267.39
1990-05-20 00:00:00,19.0,27.0,176.04
1990-05-21 00:00:00,117.0,93.0,131.15
1990-05-22 00:00:00,142.0,84.0,200.58
1990-05-23 00:00:00,97.0,80.0,231.57
1990-05-24 00:00:00,119.0,96.0,192.87
1990-05-25 00:00:00,149.0,83.0,253.67
1990-05-26 00:00:00,208.0,0.0,205.1
1990-05-27 00:00:00,46.0,0.0,173.44
1990-05-28 00:00:00,294.0,79.0,211.86
1990-05-29 00:00:00,287.0,69.0,344.77
1990-05-30 00:00:00,279.0,76.0,348.48
1990-05-31 00:00:00,153.0,62.0,275.49
1990-06-01 00:00:00,169.0,77.0,217.13
1990-06-02 00:00:00,115.0,0.0,181.13
1990-06-03 00:00:00,93.0,0.0,140.06
1990-06-04 00:00:00,220.0,39.0,171.61
1990-06-05 00:00:00,55.0,41.0,229.43
1990-06-06 00:00:00,60.0,81.0,153.05
1990-06-07 00:00:00,86.0,88.0,151.62
1990-06-08 00:00:00,107.0,65.0,157.46
1990-06-09 00:00:00,36.0,8.0,144.59
1990-06-10 00:00:00,23.0,18.0,72.72
1990-06-11 00:00:00,81.0,47.0,115.73
1990-06-12 00:00:00,109.0,56.0,118.09
1990-06-13 00:00:00,61.0,58.0,120.86
1990-06-14 00:00:00,51.0,11.0,105.11
1990-06-15 00:00:00,51.0,70.0,122.18
1990-06-16 00:00:00,50.0,19.0,109.39
1990-06-17 00:00:00,55.0,0.0,91.89
1990-06-18 00:00:00,39.0,59.0,117.01
1990-06-19 00:00:00,152.0,46.0,140.07
1990-06-20 00:00:00,124.0,59.0,180.84
1990-06-21 00:00:00,95.0,59.0,193.95
1990-06-22 00:00:00,75.0,47.0,127.91
1990-06-23 00:00:00,62.0,21.0,120.53
1990-06-24 00:00:00,49.0,18.0,96.7
1990-06-25 00:00:00,78.0,39.0,120.79
1990-06-26 00:00:00,40.0,57.0,122.23
1990-06-27 00:00:00,72.0,69.0,122.23
1990-06-28 00:00:00,152.0,56.0,160.59
1990-06-29 00:00:00,109.0,37.0,167.64
1990-06-30 00:00:00,110.0,14.0,133.58
1990-07-01 00:00:00,61.0,7.0,117.34
1990-07-02 00:00:00,149.0,37.0,148.48
1990-07-03 00:00:00,165.0,40.0,154.48
1990-07-04 00:00:00,134.0,64.0,193.17
1990-07-05 00:00:00,195.0,46.0,193.17
1990-07-06 00:00:00,182.0,46.0,245.56
1990-07-07 00:00:00,40.0,21.0,153.01
1990-07-08 00:00:00,60.0,6.0,98.95
1990-07-09 00:00:00,128.0,68.0,109.29
1990-07-10 00:00:00,164.0,72.0,195.92
1990-07-11 00:00:00,186.0,77.0,232.54
1990-07-12 00:00:00,216.0,52.0,238.76
1990-07-13 00:00:00,180.0,59.0,229.7
1990-07-14 00:00:00,90.0,67.0,234.85
1990-07-15 00:00:00,27.0,25.0,99.03
1990-07-16 00:00:00,78.0,104.0,132.38
1990-07-17 00:00:00,137.0,121.0,197.22
1990-07-18 00:00:00,181.0,115.0,242.47
1990-07-19 00:00:00,236.0,103.0,266.26
1990-07-20 00:00:00,254.0,81.0,303.97
1990-07-21 00:00:00,82.0,26.0,218.78
1990-07-22 00:00:00,46.0,7.0,90.05
1990-07-23 00:00:00,117.0,66.0,133.16
1990-07-24 00:00:00,107.0,72.0,171.51
1990-07-25 00:00:00,252.0,18.0,164.85
1990-07-26 00:00:00,271.0,10.0,330.43
1990-07-27 00:00:00,58.0,15.0,124.24
1990-07-28 00:00:00,72.0,14.0,83.64
1990-07-29 00:00:00,70.0,31.0,125.47
1990-07-30 00:00:00,32.0,75.0,109.27
1990-07-31 00:00:00,75.0,61.0,123.21
1990-08-01 00:00:00,28.0,52.0,124.28
1990-08-02 00:00:00,68.0,32.0,95.72
1990-08-03 00:00:00,75.0,44.0,116.95
1990-08-04 00:00:00,88.0,41.0,108.57
1990-08-05 00:00:00,128.0,20.0,172.25
1990-08-06 00:00:00,46.0,61.0,108.2
1990-08-07 00:00:00,36.0,60.0,99.38
1990-08-08 00:00:00,59.0,54.0,107.48
1990-08-09 00:00:00,82.0,30.0,112.87
1990-08-10 00:00:00,64.0,40.0,116.65
1990-08-11 00:00:00,129.0,40.0,112.51
1990-08-12 00:00:00,50.0,36.0,161.57
1990-08-13 00:00:00,56.0,37.0,78.57
1990-08-14 00:00:00,71.0,33.0,96.62
1990-08-15 00:00:00,61.0,10.0,106.88
1990-08-16 00:00:00,78.0,43.0,99.29
1990-08-17 00:00:00,96.0,23.0,112.33
1990-08-18 00:00:00,56.0,30.0,116.33
1990-08-19 00:00:00,90.0,26.0,99.22
1990-08-20 00:00:00,59.0,29.0,156.15
1990-08-21 00:00:00,70.0,23.0,101.96
1990-08-22 00:00:00,131.0,39.0,145.56
1990-08-23 00:00:00,138.0,32.0,148.43
1990-08-24 00:00:00,71.0,29.0,130.51
1990-08-25 00:00:00,58.0,10.0,99.17
1990-08-26 00:00:00,115.0,23.0,100.72
1990-08-27 00:00:00,153.0,45.0,101.19
1990-08-28 00:00:00,117.0,39.0,158.41
1990-08-29 00:00:00,95.0,42.0,146.58
1990-08-30 00:00:00,111.0,81.0,167.28
1990-08-31 00:00:00,70.0,91.0,209.65
1990-09-01 00:00:00,103.0,69.0,147.23
1990-09-02 00:00:00,47.0,22.0,123.42
1990-09-03 00:00:00,129.0,98.0,156.02
1990-09-04 00:00:00,168.0,33.0,174.94
1990-09-05 00:00:00,176.0,50.0,197.81
1990-09-06 00:00:00,93.0,32.0,173.9
1990-09-07 00:00:00,122.0,23.0,125.51
1990-09-08 00:00:00,23.0,78.0,152.82
1990-09-09 00:00:00,22.0,18.0,72.41
1990-09-10 00:00:00,124.0,70.0,101.62
1990-09-11 00:00:00,112.0,72.0,195.39
1990-09-12 00:00:00,54.0,14.0,123.14
1990-09-13 00:00:00,137.0,17.0,101.52
1990-09-14 00:00:00,141.0,22.0,191.97
1990-09-15 00:00:00,100.0,8.0,117.61
1990-09-16 00:00:00,81.0,9.0,143.72
1990-09-17 00:00:00,195.0,10.0,150.41
1990-09-18 00:00:00,134.0,6.0,166.03
1990-09-19 00:00:00,137.0,5.0,140.43
1990-09-20 00:00:00,192.0,5.0,154.29
1990-09-21 00:00:00,158.0,6.0,187.36
1990-09-22 00:00:00,108.0,12.0,132.82
1990-09-23 00:00:00,57.0,3.0,121.23
1990-09-24 00:00:00,72.0,15.0,88.16
1990-09-25 00:00:00,112.0,6.0,110.76
1990-09-26 00:00:00,115.0,24.0,115.44
1990-09-27 00:00:00,178.0,12.0,134.99
1990-09-28 00:00:00,138.0,33.0,217.73
1990-09-29 00:00:00,40.0,6.0,159.12
1990-09-30 00:00:00,78.0,0.0,99.37
1990-10-01 00:00:00,94.0,11.0,123.58
1990-10-02 00:00:00,123.0,7.0,144.1
1990-10-03 00:00:00,153.0,20.0,192.08
1990-10-04 00:00:00,103.0,19.0,199.0
1990-10-05 00:00:00,98.0,0.0,149.65
1990-10-06 00:00:00,90.0,16.0,140.22
1990-10-07 00:00:00,67.0,0.0,130.86
1990-10-08 00:00:00,78.0,10.0,119.75
1990-10-09 00:00:00,101.0,19.0,131.3
1990-10-10 00:00:00,140.0,16.0,151.9
1990-10-11 00:00:00,134.0,21.0,182.78
1990-10-12 00:00:00,67.0,8.0,156.78
1990-10-13 00:00:00,95.0,39.0,148.53
1990-10-14 00:00:00,67.0,8.0,159.43
1990-10-15 00:00:00,120.0,39.0,148.53
1990-10-16 00:00:00,138.0,63.0,209.95
1990-10-17 00:00:00,121.0,89.0,256.96
1990-10-18 00:00:00,121.0,78.0,261.15
1990-10-19 00:00:00,127.0,99.0,402.19
1990-10-20 00:00:00,116.0,72.0,323.22
1990-10-21 00:00:00,67.0,0.0,198.81
1990-10-22 00:00:00,193.0,59.0,217.03
1990-10-23 00:00:00,377.0,66.0,500.4
1990-10-24 00:00:00,428.0,76.0,714.93
1990-10-25 00:00:00,110.0,70.0,488.19
1990-10-26 00:00:00,193.0,68.0,287.11
1990-10-27 00:00:00,188.0,72.0,314.26
1990-10-28 00:00:00,71.0,26.0,266.27
1990-10-29 00:00:00,352.0,82.0,264.93
1990-10-30 00:00:00,440.0,66.0,453.54
1990-10-31 00:00:00,433.0,47.0,600.84
1990-11-01 00:00:00,23.0,0.0,273.27
1990-11-02 00:00:00,183.0,0.0,160.09
1990-11-03 00:00:00,231.0,0.0,240.6
1990-11-04 00:00:00,68.0,0.0,201.28
1990-11-05 00:00:00,441.0,0.0,208.39
1990-11-06 00:00:00,495.0,45.0,507.87
1990-11-07 00:00:00,472.0,59.0,570.35
1990-11-08 00:00:00,1329.0,84.0,1712.2
1990-11-09 00:00:00,531.0,85.0,1244.91
1990-11-10 00:00:00,354.0,62.0,700.28
1990-11-11 00:00:00,139.0,60.0,373.2
1990-11-12 00:00:00,348.0,61.0,413.1
1990-11-13 00:00:00,183.0,108.0,439.01
1990-11-14 00:00:00,221.0,58.0,309.84
1990-11-15 00:00:00,199.0,58.0,337.44
1990-11-16 00:00:00,239.0,52.0,326.99
1990-11-17 00:00:00,126.0,21.0,273.04
1990-11-18 00:00:00,70.0,0.0,180.62
1990-11-19 00:00:00,324.0,91.0,246.98
1990-11-20 00:00:00,248.0,90.0,383.92
1990-11-21 00:00:00,400.0,114.0,442.32
1990-11-22 00:00:00,394.0,85.0,766.98
1990-11-23 00:00:00,437.0,103.0,552.02
1990-11-24 00:00:00,383.0,10.0,460.91
1990-11-25 00:00:00,168.0,37.0,461.83
1990-11-26 00:00:00,377.0,117.0,532.36
1990-11-27 00:00:00,291.0,117.0,562.35
1990-11-28 00:00:00,290.0,121.0,488.51
1990-11-29 00:00:00,263.0,141.0,467.41
1990-11-30 00:00:00,282.0,130.0,474.59
1990-12-01 00:00:00,203.0,78.0,330.54
1990-12-02 00:00:00,157.0,134.0,421.24
1990-12-03 00:00:00,237.0,106.0,374.29
1990-12-04 00:00:00,194.0,112.0,336.41
1990-12-05 00:00:00,150.0,133.0,333.34
1990-12-06 00:00:00,86.0,113.0,295.13
1990-12-07 00:00:00,25.0,104.0,234.32
1990-12-08 00:00:00,30.0,97.0,210.53
1990-12-09 00:00:00,146.0,81.0,229.57
1990-12-10 00:00:00,371.0,120.0,401.62
1990-12-11 00:00:00,127.0,119.0,411.36
1990-12-12 00:00:00,87.0,124.0,291.81
1990-12-13 00:00:00,139.0,116.0,254.55
1990-12-14 00:00:00,99.0,115.0,286.17
1990-12-15 00:00:00,110.0,102.0,243.99
1990-12-16 00:00:00,155.0,27.0,194.31
1990-12-17 00:00:00,228.0,117.0,330.03
1990-12-18 00:00:00,123.0,95.0,343.12
1990-12-19 00:00:00,132.0,68.0,240.6
1990-12-20 00:00:00,193.0,94.0,276.69
1990-12-21 00:00:00,54.0,103.0,267.84
1990-12-22 00:00:00,15.0,33.0,152.22
1990-12-23 00:00:00,67.0,36.0,121.44
1990-12-24 00:00:00,68.0,0.0,134.74
1990-12-25 00:00:00,70.0,0.0,126.46
1990-12-26 00:00:00,42.0,33.0,128.21
1990-12-27 00:00:00,62.0,63.0,155.64
1990-12-28 00:00:00,52.0,28.0,152.06
1990-12-29 00:00:00,47.0,23.0,129.53
1990-12-30 00:00:00,12.0,37.0,127.62
1990-12-31 00:00:00,0.0,43.0,115.16
1991-01-01 00:00:00,11.0,43.0,121.44
1991-01-02 00:00:00,88.0,48.0,148.05
1991-01-03 00:00:00,117.0,50.0,195.24
1991-01-04 00:00:00,58.0,40.0,183.86
1991-01-05 00:00:00,64.0,4.0,141.61
1991-01-06 00:00:00,68.0,0.0,131.0
1991-01-07 00:00:00,89.0,33.0,156.95
1991-01-08 00:00:00,88.0,63.0,181.52
1991-01-09 00:00:00,47.0,69.0,208.97
1991-01-10 00:00:00,121.0,76.0,244.85
1991-01-11 00:00:00,190.0,65.0,281.99
1991-01-12 00:00:00,505.0,63.0,585.12
1991-01-13 00:00:00,172.0,98.0,457.52
1991-01-14 00:00:00,79.0,127.0,359.98
1991-01-15 00:00:00,48.0,95.0,242.51
1991-01-16 00:00:00,154.0,88.0,235.57
1991-01-17 00:00:00,55.0,101.0,275.09
1991-01-18 00:00:00,68.0,87.0,225.68
1991-01-19 00:00:00,114.0,38.0,180.8
1991-01-20 00:00:00,69.0,39.0,200.52
1991-01-21 00:00:00,69.0,90.0,220.03
1991-01-22 00:00:00,69.0,76.0,209.75
1991-01-23 00:00:00,193.0,71.0,237.87
1991-01-24 00:00:00,82.0,88.0,264.04
1991-01-25 00:00:00,93.0,85.0,227.93
1991-01-26 00:00:00,79.0,0.0,173.74
1991-01-27 00:00:00,68.0,12.0,119.75
1991-01-28 00:00:00,93.0,93.0,195.06
1991-01-29 00:00:00,99.0,73.0,203.19
1991-01-30 00:00:00,101.0,80.0,215.45
1991-01-31 00:00:00,104.0,73.0,225.07
1991-02-01 00:00:00,117.0,53.0,215.25
1991-02-02 00:00:00,210.0,31.0,260.04
1991-02-03 00:00:00,121.0,0.0,284.31
1991-02-04 00:00:00,77.0,48.0,235.78
1991-02-05 00:00:00,70.0,46.0,189.32
1991-02-06 00:00:00,43.0,76.0,195.43
1991-02-07 00:00:00,67.0,65.0,194.13
1991-02-08 00:00:00,68.0,53.0,194.13
1991-02-09 00:00:00,67.0,24.0,168.2
1991-02-10 00:00:00,27.0,0.0,152.38
1991-02-11 00:00:00,48.0,72.0,154.33
1991-02-12 00:00:00,256.0,60.0,273.04
1991-02-13 00:00:00,238.0,116.0,657.39
1991-02-14 00:00:00,181.0,85.0,418.61
1991-02-15 00:00:00,92.0,98.0,347.82
1991-02-16 00:00:00,162.0,45.0,269.19
1991-02-17 00:00:00,162.0,65.0,272.36
1991-02-18 00:00:00,131.0,84.0,301.59
1991-02-19 00:00:00,156.0,106.0,325.73
1991-02-20 00:00:00,112.0,90.0,302.55
1991-02-21 00:00:00,69.0,93.0,251.29
1991-02-22 00:00:00,69.0,82.0,212.49
1991-02-23 00:00:00,67.0,33.0,192.64
1991-02-24 00:00:00,23.0,9.0,131.75
1991-02-25 00:00:00,29.0,91.0,162.27
1991-02-26 00:00:00,59.0,62.0,166.32
1991-02-27 00:00:00,49.0,59.0,168.72
1991-02-28 00:00:00,315.0,81.0,267.39
1991-03-01 00:00:00,281.0,182.0,769.47
1991-03-02 00:00:00,115.0,182.0,572.1
1991-03-03 00:00:00,54.0,182.0,383.64
1991-03-04 00:00:00,137.0,183.0,376.2
1991-03-05 00:00:00,204.0,20.0,634.12
1991-03-06 00:00:00,741.0,184.0,1321.65
1991-03-07 00:00:00,1054.0,183.0,1985.76
1991-03-08 00:00:00,937.0,182.0,1846.37
1991-03-09 00:00:00,624.0,181.0,1412.9
1991-03-10 00:00:00,510.0,180.0,1168.71
1991-03-11 00:00:00,320.0,180.0,981.47
1991-03-12 00:00:00,208.0,180.0,554.42
1991-03-13 00:00:00,328.0,180.0,637.84
1991-03-14 00:00:00,406.0,179.0,730.56
1991-03-15 00:00:00,377.0,180.0,696.35
1991-03-16 00:00:00,491.0,180.0,695.18
1991-03-17 00:00:00,552.0,180.0,869.93
1991-03-18 00:00:00,678.0,180.0,878.44
1991-03-19 00:00:00,435.0,180.0,944.51
1991-03-20 00:00:00,568.0,180.0,753.36
1991-03-21 00:00:00,459.0,181.0,740.69
1991-03-22 00:00:00,434.0,151.0,644.57
1991-03-23 00:00:00,432.0,181.0,644.19
1991-03-24 00:00:00,228.0,181.0,675.36
1991-03-25 00:00:00,456.0,182.0,485.01
1991-03-26 00:00:00,594.0,182.0,853.5
1991-03-27 00:00:00,618.0,182.0,876.64
1991-03-28 00:00:00,441.0,183.0,774.89
1991-03-29 00:00:00,87.0,20.0,319.97
1991-03-30 00:00:00,384.0,18.0,254.12
1991-03-31 00:00:00,171.0,0.0,334.36
1991-04-01 00:00:00,415.0,44.0,335.13
1991-04-02 00:00:00,535.0,38.0,587.96
1991-04-03 00:00:00,641.0,36.0,634.86
1991-04-04 00:00:00,639.0,56.0,823.77
1991-04-05 00:00:00,639.0,63.0,726.54
1991-04-06 00:00:00,304.0,25.0,536.73
1991-04-07 00:00:00,113.0,2.0,239.13
1991-04-08 00:00:00,255.0,72.0,231.42
1991-04-09 00:00:00,327.0,76.0,388.37
1991-04-10 00:00:00,366.0,62.0,475.53
1991-04-11 00:00:00,230.0,67.0,363.46
1991-04-12 00:00:00,399.0,35.0,389.21
1991-04-13 00:00:00,221.0,0.0,270.32
1991-04-14 00:00:00,46.0,0.0,206.07
1991-04-15 00:00:00,272.0,93.0,229.15
1991-04-16 00:00:00,240.0,76.0,364.53
1991-04-17 00:00:00,183.0,92.0,310.09
1991-04-18 00:00:00,196.0,90.0,273.72
1991-04-19 00:00:00,272.0,83.0,332.06
1991-04-20 00:00:00,115.0,64.0,286.64
1991-04-21 00:00:00,78.0,52.0,188.22
1991-04-22 00:00:00,220.0,99.0,230.18
1991-04-23 00:00:00,204.0,114.0,346.77
1991-04-24 00:00:00,269.0,111.0,294.89
1991-04-25 00:00:00,274.0,38.0,345.46
1991-04-26 00:00:00,323.0,69.0,375.93
1991-04-27 00:00:00,117.0,93.0,306.91
1991-04-28 00:00:00,9.0,110.0,232.45
1991-04-29 00:00:00,116.0,100.0,157.61
1991-04-30 00:00:00,116.0,77.0,243.36
1991-05-01 00:00:00,16.0,0.0,118.07
1991-05-02 00:00:00,188.0,72.0,141.77
1991-05-03 00:00:00,153.0,61.0,256.08
1991-05-04 00:00:00,67.0,5.0,164.12
1991-05-05 00:00:00,80.0,38.0,113.65
1991-05-06 00:00:00,217.0,92.0,268.51
1991-05-07 00:00:00,137.0,73.0,238.08
1991-05-08 00:00:00,182.0,99.0,224.67
1991-05-09 00:00:00,148.0,78.0,273.49
1991-05-10 00:00:00,123.0,118.0,242.29
1991-05-11 00:00:00,90.0,64.0,185.67
1991-05-12 00:00:00,75.0,0.0,124.87
1991-05-13 00:00:00,80.0,39.0,136.55
1991-05-14 00:00:00,114.0,96.0,184.22
1991-05-15 00:00:00,34.0,60.0,171.3
1991-05-16 00:00:00,240.0,49.0,181.52
1991-05-17 00:00:00,83.0,41.0,235.15
1991-05-18 00:00:00,129.0,54.0,179.38
1991-05-19 00:00:00,96.0,32.0,166.49
1991-05-20 00:00:00,54.0,60.0,160.93
1991-05-21 00:00:00,71.0,55.0,151.73
1991-05-22 00:00:00,66.0,59.0,132.94
1991-05-23 00:00:00,57.0,53.0,145.36
1991-05-24 00:00:00,75.0,73.0,147.89
1991-05-25 00:00:00,11.0,88.0,171.48
1991-05-26 00:00:00,55.0,65.0,95.37
1991-05-27 00:00:00,117.0,116.0,198.06
1991-05-28 00:00:00,136.0,124.0,229.77
1991-05-29 00:00:00,125.0,130.0,251.94
1991-05-30 00:00:00,74.0,13.0,145.36
1991-05-31 00:00:00,131.0,81.0,183.14
1991-06-01 00:00:00,50.0,72.0,169.06
1991-06-02 00:00:00,45.0,74.0,151.09
1991-06-03 00:00:00,25.0,65.0,132.04
1991-06-04 00:00:00,24.0,61.0,123.0
1991-06-05 00:00:00,24.0,75.0,119.47
1991-06-06 00:00:00,170.0,77.0,156.78
1991-06-07 00:00:00,161.0,118.0,264.04
1991-06-08 00:00:00,56.0,11.0,165.47
1991-06-09 00:00:00,0.0,0.0,86.16
1991-06-10 00:00:00,75.0,101.0,105.91
1991-06-11 00:00:00,41.0,116.0,168.37
1991-06-12 00:00:00,122.0,83.0,157.11
1991-06-13 00:00:00,112.0,111.0,207.61
1991-06-14 00:00:00,123.0,147.0,281.06
1991-06-15 00:00:00,27.0,141.0,241.45
1991-06-16 00:00:00,32.0,137.0,177.25
1991-06-17 00:00:00,102.0,132.0,202.61
1991-06-18 00:00:00,67.0,113.0,166.32
1991-06-19 00:00:00,110.0,90.0,178.67
1991-06-20 00:00:00,148.0,94.0,202.04
1991-06-21 00:00:00,150.0,74.0,225.07
1991-06-22 00:00:00,77.0,13.0,171.82
1991-06-23 00:00:00,24.0,55.0,113.11
1991-06-24 00:00:00,150.0,28.0,92.93
1991-06-25 00:00:00,210.0,93.0,242.93
1991-06-26 00:00:00,211.0,96.0,292.05
1991-06-27 00:00:00,179.0,89.0,233.28
1991-06-28 00:00:00,166.0,92.0,246.77
1991-06-29 00:00:00,47.0,47.0,208.2
1991-06-30 00:00:00,19.0,0.0,74.06
1991-07-01 00:00:00,143.0,95.0,128.21
1991-07-02 00:00:00,111.0,85.0,201.09
1991-07-03 00:00:00,107.0,92.0,179.73
1991-07-04 00:00:00,141.0,89.0,195.81
1991-07-05 00:00:00,188.0,74.0,223.65
1991-07-06 00:00:00,8.0,68.0,217.23
1991-07-07 00:00:00,26.0,28.0,74.16
1991-07-08 00:00:00,207.0,71.0,122.43
1991-07-09 00:00:00,179.0,42.0,217.23
1991-07-10 00:00:00,213.0,80.0,250.21
1991-07-11 00:00:00,200.0,63.0,229.98
1991-07-12 00:00:00,197.0,67.0,295.13
1991-07-13 00:00:00,139.0,14.0,154.49
1991-07-14 00:00:00,90.0,14.0,143.17
1991-07-15 00:00:00,189.0,34.0,143.63
1991-07-16 00:00:00,209.0,31.0,197.31
1991-07-17 00:00:00,178.0,17.0,195.62
1991-07-18 00:00:00,159.0,52.0,211.71
1991-07-19 00:00:00,125.0,49.0,216.04
1991-07-20 00:00:00,65.0,17.0,123.58
1991-07-21 00:00:00,39.0,3.0,77.06
1991-07-22 00:00:00,126.0,20.0,88.15
1991-07-23 00:00:00,106.0,60.0,157.77
1991-07-24 00:00:00,112.0,53.0,162.27
1991-07-25 00:00:00,74.0,35.0,132.19
1991-07-26 00:00:00,56.0,27.0,105.78
1991-07-27 00:00:00,100.0,5.0,108.68
1991-07-28 00:00:00,53.0,22.0,119.61
1991-07-29 00:00:00,99.0,6.0,81.93
1991-07-30 00:00:00,55.0,6.0,108.81
1991-07-31 00:00:00,25.0,38.0,91.96
1991-08-01 00:00:00,98.0,32.0,94.39
1991-08-02 00:00:00,71.0,50.0,129.82
1991-08-03 00:00:00,67.0,6.0,100.62
1991-08-04 00:00:00,53.0,5.0,86.98
1991-08-05 00:00:00,136.0,6.0,99.61
1991-08-06 00:00:00,159.0,26.0,148.53
1991-08-07 00:00:00,91.0,14.0,145.2
1991-08-08 00:00:00,54.0,6.0,113.93
1991-08-09 00:00:00,76.0,10.0,81.48
1991-08-10 00:00:00,24.0,3.0,77.5
1991-08-11 00:00:00,19.0,5.0,58.74
1991-08-12 00:00:00,37.0,8.0,60.52
1991-08-13 00:00:00,65.0,19.0,76.2
1991-08-14 00:00:00,124.0,16.0,103.18
1991-08-15 00:00:00,75.0,11.0,114.61
1991-08-16 00:00:00,82.0,30.0,106.82
1991-08-17 00:00:00,56.0,4.0,104.99
1991-08-18 00:00:00,55.0,22.0,86.4
1991-08-19 00:00:00,52.0,49.0,99.23
1991-08-20 00:00:00,60.0,38.0,115.57
1991-08-21 00:00:00,49.0,5.0,82.61
1991-08-22 00:00:00,107.0,8.0,87.8
1991-08-23 00:00:00,96.0,19.0,115.57
1991-08-24 00:00:00,19.0,11.0,98.85
1991-08-25 00:00:00,32.0,5.0,54.92
1991-08-26 00:00:00,118.0,28.0,86.4
1991-08-27 00:00:00,93.0,10.0,143.48
1991-08-28 00:00:00,36.0,5.0,91.24
1991-08-29 00:00:00,76.0,7.0,72.47
1991-08-30 00:00:00,111.0,9.0,110.41
1991-08-31 00:00:00,34.0,3.0,101.38
1991-09-01 00:00:00,36.0,5.0,68.96
1991-09-02 00:00:00,128.0,32.0,118.62
1991-09-03 00:00:00,89.0,16.0,117.93
1991-09-04 00:00:00,144.0,1.0,125.16
1991-09-05 00:00:00,99.0,7.0,170.96
1991-09-06 00:00:00,42.0,84.0,145.67
1991-09-07 00:00:00,24.0,0.0,85.82
1991-09-08 00:00:00,8.0,11.0,69.47
1991-09-09 00:00:00,212.0,8.0,63.97
1991-09-10 00:00:00,262.0,51.0,251.94
1991-09-11 00:00:00,159.0,76.0,300.63
1991-09-12 00:00:00,100.0,75.0,190.05
1991-09-13 00:00:00,125.0,1.0,129.38
1991-09-14 00:00:00,95.0,6.0,116.12
1991-09-15 00:00:00,58.0,4.0,116.12
1991-09-16 00:00:00,296.0,10.0,145.2
1991-09-17 00:00:00,307.0,17.0,292.52
1991-09-18 00:00:00,223.0,39.0,249.78
1991-09-19 00:00:00,222.0,10.0,193.01
1991-09-20 00:00:00,180.0,4.0,164.29
1991-09-21 00:00:00,116.0,21.0,179.02
1991-09-22 00:00:00,85.0,14.0,115.99
1991-09-23 00:00:00,226.0,19.0,144.73
1991-09-24 00:00:00,268.0,2.0,224.87
1991-09-25 00:00:00,204.0,5.0,245.06
1991-09-26 00:00:00,93.0,9.0,135.34
1991-09-27 00:00:00,106.0,18.0,101.64
1991-09-28 00:00:00,67.0,0.0,119.33
1991-09-29 00:00:00,26.0,43.0,132.79
1991-09-30 00:00:00,100.0,6.0,77.72
1991-10-01 00:00:00,193.0,19.0,119.83
1991-10-02 00:00:00,180.0,28.0,255.62
1991-10-03 00:00:00,186.0,20.0,184.71
1991-10-04 00:00:00,200.0,25.0,273.26
1991-10-05 00:00:00,126.0,23.0,158.64
1991-10-06 00:00:00,46.0,4.0,136.32
1991-10-07 00:00:00,169.0,13.0,61.38
1991-10-08 00:00:00,192.0,48.0,246.57
1991-10-09 00:00:00,198.0,12.0,239.34
1991-10-10 00:00:00,233.0,15.0,271.14
1991-10-11 00:00:00,160.0,2.0,205.72
1991-10-12 00:00:00,58.0,5.0,192.32
1991-10-13 00:00:00,0.0,1.0,45.54
1991-10-14 00:00:00,166.0,47.0,79.66
1991-10-15 00:00:00,179.0,43.0,156.37
1991-10-16 00:00:00,126.0,46.0,231.28
1991-10-17 00:00:00,114.0,2.0,128.36
1991-10-18 00:00:00,165.0,7.0,178.65
1991-10-19 00:00:00,52.0,1.0,117.49
1991-10-20 00:00:00,47.0,7.0,62.38
1991-10-21 00:00:00,141.0,2.0,72.03
1991-10-22 00:00:00,262.0,13.0,289.05
1991-10-23 00:00:00,301.0,5.0,324.22
1991-10-24 00:00:00,227.0,4.0,334.5
1991-10-25 00:00:00,220.0,3.0,240.97
1991-10-26 00:00:00,127.0,0.0,208.1
1991-10-27 00:00:00,37.0,8.0,126.58
1991-10-28 00:00:00,186.0,12.0,60.24
1991-10-29 00:00:00,199.0,0.0,245.9
1991-10-30 00:00:00,195.0,0.0,224.33
1991-10-31 00:00:00,143.0,12.0,193.18
1991-11-01 00:00:00,79.0,0.0,136.78
1991-11-02 00:00:00,160.0,4.0,89.18
1991-11-03 00:00:00,39.0,10.0,167.15
1991-11-04 00:00:00,187.0,24.0,77.01
1991-11-05 00:00:00,140.0,6.0,213.83
1991-11-06 00:00:00,184.0,14.0,152.87
1991-11-07 00:00:00,224.0,0.0,252.24
1991-11-08 00:00:00,203.0,9.0,214.44
1991-11-09 00:00:00,251.0,1.0,242.28
1991-11-10 00:00:00,60.0,0.0,219.04
1991-11-11 00:00:00,173.0,31.0,93.36
1991-11-12 00:00:00,179.0,58.0,238.69
1991-11-13 00:00:00,182.0,5.0,234.16
1991-11-14 00:00:00,188.0,34.0,232.56
1991-11-15 00:00:00,137.0,42.0,306.52
1991-11-16 00:00:00,65.0,79.0,171.11
1991-11-17 00:00:00,62.0,0.0,98.41
1991-11-18 00:00:00,121.0,77.0,161.71
1991-11-19 00:00:00,71.0,47.0,136.78
1991-11-20 00:00:00,103.0,89.0,158.39
1991-11-21 00:00:00,157.0,36.0,189.48
1991-11-22 00:00:00,116.0,82.0,259.7
1991-11-23 00:00:00,113.0,32.0,134.93
1991-11-24 00:00:00,130.0,24.0,129.03
1991-11-25 00:00:00,190.0,79.0,278.94
1991-11-26 00:00:00,75.0,69.0,314.14
1991-11-27 00:00:00,150.0,10.0,119.19
1991-11-28 00:00:00,137.0,10.0,160.94
1991-11-29 00:00:00,127.0,66.0,223.08
1991-11-30 00:00:00,80.0,11.0,143.61
1991-12-01 00:00:00,36.0,0.0,88.65
1991-12-02 00:00:00,165.0,13.0,95.96
1991-12-03 00:00:00,151.0,65.0,219.04
1991-12-04 00:00:00,140.0,45.0,223.7
1991-12-05 00:00:00,62.0,47.0,177.29
1991-12-06 00:00:00,64.0,80.0,217.81
1991-12-07 00:00:00,27.0,0.0,76.85
1991-12-08 00:00:00,64.0,0.0,30.56
1991-12-09 00:00:00,92.0,59.0,127.47
1991-12-10 00:00:00,184.0,76.0,239.66
1991-12-11 00:00:00,96.0,99.0,318.0
1991-12-12 00:00:00,82.0,95.0,202.17
1991-12-13 00:00:00,104.0,96.0,215.05
1991-12-14 00:00:00,212.0,5.0,134.7
1991-12-15 00:00:00,87.0,8.0,209.3
1991-12-16 00:00:00,159.0,51.0,190.33
1991-12-17 00:00:00,71.0,38.0,214.44
1991-12-18 00:00:00,155.0,0.0,156.62
1991-12-19 00:00:00,118.0,56.0,241.62
1991-12-20 00:00:00,79.0,36.0,173.25
1991-12-21 00:00:00,103.0,0.0,85.82
1991-12-22 00:00:00,59.0,0.0,125.48
1991-12-23 00:00:00,11.0,22.0,70.16
1991-12-24 00:00:00,39.0,0.0,43.78
1991-12-25 00:00:00,12.0,0.0,37.98
1991-12-26 00:00:00,115.0,84.0,84.95
1991-12-27 00:00:00,107.0,109.0,256.64
1991-12-28 00:00:00,53.0,46.0,152.37
1991-12-29 00:00:00,49.0,29.0,108.0
1991-12-30 00:00:00,95.0,1.0,82.53
1991-12-31 00:00:00,57.0,0.0,96.52
1992-01-01 00:00:00,59.0,0.0,52.13
1992-01-02 00:00:00,148.0,42.0,85.12
1992-01-03 00:00:00,55.0,72.0,241.3
1992-01-04 00:00:00,25.0,0.0,89.18
1992-01-05 00:00:00,26.0,0.0,29.45
1992-01-06 00:00:00,32.0,85.0,93.18
1992-01-07 00:00:00,175.0,13.0,146.26
1992-01-08 00:00:00,86.0,26.0,134.24
1992-01-09 00:00:00,107.0,0.0,120.04
1992-01-10 00:00:00,45.0,13.0,117.49
1992-01-11 00:00:00,66.0,0.0,75.06
1992-01-12 00:00:00,19.0,0.0,87.4
1992-01-13 00:00:00,129.0,98.0,112.47
1992-01-14 00:00:00,94.0,103.0,242.28
1992-01-15 00:00:00,50.0,69.0,168.73
1992-01-16 00:00:00,103.0,39.0,146.74
1992-01-17 00:00:00,68.0,24.0,134.24
1992-01-18 00:00:00,92.0,0.0,78.99
1992-01-19 00:00:00,17.0,0.0,100.52
1992-01-20 00:00:00,112.0,93.0,95.03
1992-01-21 00:00:00,99.0,103.0,235.13
1992-01-22 00:00:00,59.0,101.0,230.32
1992-01-23 00:00:00,86.0,121.0,174.32
1992-01-24 00:00:00,55.0,119.0,224.95
1992-01-25 00:00:00,38.0,33.0,102.26
1992-01-26 00:00:00,23.0,1.0,54.36
1992-01-27 00:00:00,99.0,114.0,101.68
1992-01-28 00:00:00,210.0,113.0,295.3
1992-01-29 00:00:00,94.0,125.0,398.05
1992-01-30 00:00:00,31.0,114.0,243.26
1992-01-31 00:00:00,13.0,102.0,184.16
1992-02-01 00:00:00,12.0,26.0,65.76
1992-02-02 00:00:00,14.0,0.0,34.05
1992-02-03 00:00:00,98.0,65.0,63.98
1992-02-04 00:00:00,73.0,29.0,106.59
1992-02-05 00:00:00,125.0,35.0,108.6
1992-02-06 00:00:00,61.0,23.0,134.47
1992-02-07 00:00:00,111.0,9.0,90.44
1992-02-08 00:00:00,0.0,0.0,86.52
1992-02-09 00:00:00,50.0,0.0,29.09
1992-02-10 00:00:00,109.0,0.0,79.66
1992-02-11 00:00:00,44.0,32.0,115.59
1992-02-12 00:00:00,24.0,32.0,81.17
1992-02-13 00:00:00,27.0,20.0,67.41
1992-02-14 00:00:00,27.0,22.0,48.71
1992-02-15 00:00:00,0.0,0.0,40.15
1992-02-16 00:00:00,0.0,0.0,29.09
1992-02-17 00:00:00,74.0,0.0,39.38
1992-02-18 00:00:00,101.0,0.0,78.83
1992-02-19 00:00:00,191.0,6.0,131.51
1992-02-20 00:00:00,106.0,0.0,234.8
1992-02-21 00:00:00,79.0,20.0,146.5
1992-02-22 00:00:00,59.0,0.0,90.62
1992-02-23 00:00:00,33.0,0.0,72.98
1992-02-24 00:00:00,95.0,23.0,62.24
1992-02-25 00:00:00,58.0,35.0,113.3
1992-02-26 00:00:00,12.0,49.0,120.47
1992-02-27 00:00:00,59.0,36.0,74.58
1992-02-28 00:00:00,15.0,2.0,79.33
1992-02-29 00:00:00,0.0,0.0,29.91
1992-03-01 00:00:00,0.0,14.0,31.03
1992-03-02 00:00:00,16.0,12.0,33.75
1992-03-03 00:00:00,87.0,12.0,39.49
1992-03-04 00:00:00,97.0,0.0,110.22
1992-03-05 00:00:00,39.0,9.0,94.28
1992-03-06 00:00:00,46.0,15.0,58.56
1992-03-07 00:00:00,0.0,20.0,66.05
1992-03-08 00:00:00,0.0,3.0,30.66
1992-03-09 00:00:00,22.0,0.0,33.85
1992-03-10 00:00:00,70.0,0.0,36.92
1992-03-11 00:00:00,35.0,0.0,60.95
1992-03-12 00:00:00,17.0,0.0,39.71
1992-03-13 00:00:00,61.0,6.0,39.16
1992-03-14 00:00:00,3.0,6.0,55.83
1992-03-15 00:00:00,0.0,0.0,31.22
1992-03-16 00:00:00,10.0,3.0,32.28
1992-03-17 00:00:00,45.0,3.0,29.82
1992-03-18 00:00:00,33.0,3.0,44.48
1992-03-19 00:00:00,20.0,15.0,44.01
1992-03-20 00:00:00,45.0,0.0,37.98
1992-03-21 00:00:00,24.0,3.0,48.33
1992-03-22 00:00:00,14.0,3.0,42.05
1992-03-23 00:00:00,37.0,3.0,32.67
1992-03-24 00:00:00,85.0,6.0,39.93
1992-03-25 00:00:00,75.0,3.0,87.4
1992-03-26 00:00:00,102.0,3.0,129.48
1992-03-27 00:00:00,66.0,6.0,90.26
1992-03-28 00:00:00,29.0,6.0,51.87
1992-03-29 00:00:00,0.0,6.0,39.71
1992-03-30 00:00:00,19.0,0.0,30.75
1992-03-31 00:00:00,34.0,0.0,75.22
1992-04-01 00:00:00,27.0,0.0,47.6
1992-04-02 00:00:00,76.0,0.0,85.65
1992-04-03 00:00:00,86.0,13.0,272.9
1992-04-04 00:00:00,84.0,0.0,342.53
1992-04-05 00:00:00,22.0,0.0,178.92
1992-04-06 00:00:00,29.0,0.0,80.16
1992-04-07 00:00:00,77.0,6.0,109.81
1992-04-08 00:00:00,8.0,1.0,98.79
1992-04-09 00:00:00,9.0,0.0,53.56
1992-04-10 00:00:00,24.0,5.0,44.71
1992-04-11 00:00:00,3.0,0.0,41.15
1992-04-12 00:00:00,0.0,0.0,30.56
1992-04-13 00:00:00,32.0,0.0,34.45
1992-04-14 00:00:00,82.0,0.0,58.15
1992-04-15 00:00:00,32.0,0.0,92.26
1992-04-16 00:00:00,40.0,0.0,57.32
1992-04-17 00:00:00,48.0,0.0,52.65
1992-04-18 00:00:00,0.0,0.0,51.74
1992-04-19 00:00:00,0.0,0.0,29.36
1992-04-20 00:00:00,13.0,25.0,44.83
1992-04-21 00:00:00,53.0,45.0,60.67
1992-04-22 00:00:00,46.0,10.0,74.42
1992-04-23 00:00:00,14.0,25.0,65.76
1992-04-24 00:00:00,17.0,27.0,60.39
1992-04-25 00:00:00,54.0,0.0,43.78
1992-04-26 00:00:00,0.0,0.0,54.09
1992-04-27 00:00:00,89.0,31.0,55.29
1992-04-28 00:00:00,89.0,34.0,152.13
1992-04-29 00:00:00,80.0,19.0,108.4
1992-04-30 00:00:00,57.0,41.0,105.8
1992-05-01 00:00:00,53.0,3.0,81.34
1992-05-02 00:00:00,75.0,0.0,49.33
1992-05-03 00:00:00,0.0,3.0,75.06
1992-05-04 00:00:00,105.0,71.0,68.01
1992-05-05 00:00:00,93.0,72.0,174.05
1992-05-06 00:00:00,63.0,31.0,140.53
1992-05-07 00:00:00,95.0,16.0,129.25
1992-05-08 00:00:00,47.0,18.0,57.87
1992-05-09 00:00:00,28.0,3.0,57.19
1992-05-10 00:00:00,0.0,3.0,32.47
1992-05-11 00:00:00,81.0,36.0,53.69
1992-05-12 00:00:00,114.0,66.0,152.13
1992-05-13 00:00:00,92.0,30.0,122.2
1992-05-14 00:00:00,44.0,24.0,110.02
1992-05-15 00:00:00,30.0,39.0,63.54
1992-05-16 00:00:00,22.0,18.0,56.64
1992-05-17 00:00:00,6.0,15.0,39.49
1992-05-18 00:00:00,31.0,75.0,70.94
1992-05-19 00:00:00,10.0,57.0,64.42
1992-05-20 00:00:00,15.0,59.0,81.51
1992-05-21 00:00:00,52.0,47.0,73.14
1992-05-22 00:00:00,10.0,38.0,73.62
1992-05-23 00:00:00,0.0,65.0,57.05
1992-05-24 00:00:00,0.0,3.0,35.77
1992-05-25 00:00:00,5.0,12.0,32.47
1992-05-26 00:00:00,18.0,65.0,51.61
1992-05-27 00:00:00,43.0,74.0,73.78
1992-05-28 00:00:00,8.0,3.0,68.47
1992-05-29 00:00:00,8.0,32.0,48.33
1992-05-30 00:00:00,0.0,0.0,28.91
1992-05-31 00:00:00,35.0,2.0,32.67
1992-06-01 00:00:00,12.0,9.0,37.23
1992-06-02 00:00:00,22.0,5.0,30.94
1992-06-03 00:00:00,5.0,17.0,37.02
1992-06-04 00:00:00,11.0,37.0,41.04
1992-06-05 00:00:00,0.0,28.0,38.4
1992-06-06 00:00:00,0.0,3.0,28.73
1992-06-07 00:00:00,0.0,2.0,30.38
1992-06-08 00:00:00,0.0,17.0,38.62
1992-06-09 00:00:00,0.0,7.0,32.47
1992-06-10 00:00:00,0.0,0.0,30.47
1992-06-11 00:00:00,13.0,29.0,38.73
1992-06-12 00:00:00,2.0,6.0,28.46
1992-06-13 00:00:00,0.0,0.0,30.28
1992-06-14 00:00:00,0.0,3.0,30.75
1992-06-15 00:00:00,0.0,3.0,30.75
1992-06-16 00:00:00,9.0,2.0,30.28
1992-06-17 00:00:00,0.0,6.0,32.28
1992-06-18 00:00:00,0.0,0.0,29.54
1992-06-19 00:00:00,0.0,0.0,30.75
1992-06-20 00:00:00,0.0,17.0,30.75
1992-06-21 00:00:00,5.0,3.0,29.91
1992-06-22 00:00:00,4.0,40.0,41.6
1992-06-23 00:00:00,4.0,13.0,28.46
1992-06-24 00:00:00,9.0,2.0,34.15
1992-06-25 00:00:00,10.0,7.0,31.51
1992-06-26 00:00:00,10.0,6.0,31.41
1992-06-27 00:00:00,0.0,8.0,30.94
1992-06-28 00:00:00,0.0,8.0,30.94
1992-06-29 00:00:00,4.0,6.0,29.09
1992-06-30 00:00:00,13.0,11.0,31.32
1992-07-01 00:00:00,21.0,6.0,29.09
1992-07-02 00:00:00,53.0,6.0,32.86
1992-07-03 00:00:00,31.0,8.0,49.45
1992-07-04 00:00:00,0.0,8.0,34.65
1992-07-05 00:00:00,0.0,6.0,28.82
1992-07-06 00:00:00,12.0,10.0,30.1
1992-07-07 00:00:00,9.0,6.0,30.75
1992-07-08 00:00:00,46.0,20.0,34.05
1992-07-09 00:00:00,11.0,41.0,55.83
1992-07-10 00:00:00,17.0,33.0,40.04
1992-07-11 00:00:00,0.0,8.0,28.64
1992-07-12 00:00:00,32.0,8.0,30.01
1992-07-13 00:00:00,28.0,5.0,34.05
1992-07-14 00:00:00,47.0,14.0,38.08
1992-07-15 00:00:00,23.0,13.0,50.84
1992-07-16 00:00:00,11.0,7.0,41.71
1992-07-17 00:00:00,12.0,5.0,44.01
1992-07-18 00:00:00,23.0,46.0,38.51
1992-07-19 00:00:00,16.0,10.0,40.37
1992-07-20 00:00:00,78.0,55.0,62.1
1992-07-21 00:00:00,22.0,56.0,87.05
1992-07-22 00:00:00,18.0,36.0,64.87
1992-07-23 00:00:00,20.0,6.0,29.54
1992-07-24 00:00:00,9.0,8.0,27.83
1992-07-25 00:00:00,0.0,5.0,29.64
1992-07-26 00:00:00,5.0,3.0,53.3
1992-07-27 00:00:00,68.0,65.0,47.6
1992-07-28 00:00:00,36.0,0.0,72.35
1992-07-29 00:00:00,13.0,5.0,40.26
1992-07-30 00:00:00,14.0,11.0,30.19
1992-07-31 00:00:00,3.0,7.0,25.59
1992-08-01 00:00:00,13.0,5.0,29.36
1992-08-02 00:00:00,28.0,11.0,30.85
1992-08-03 00:00:00,22.0,15.0,36.81
1992-08-04 00:00:00,19.0,5.0,32.37
1992-08-05 00:00:00,33.0,6.0,31.13
1992-08-06 00:00:00,39.0,8.0,30.66
1992-08-07 00:00:00,5.0,8.0,33.85
1992-08-08 00:00:00,5.0,13.0,30.38
1992-08-09 00:00:00,0.0,8.0,27.83
1992-08-10 00:00:00,7.0,8.0,30.47
1992-08-11 00:00:00,22.0,8.0,33.65
1992-08-12 00:00:00,4.0,5.0,28.64
1992-08-13 00:00:00,12.0,26.0,32.18
1992-08-14 00:00:00,11.0,8.0,28.19
1992-08-15 00:00:00,14.0,5.0,30.1
1992-08-16 00:00:00,0.0,8.0,31.51
1992-08-17 00:00:00,4.0,8.0,28.73
1992-08-18 00:00:00,0.0,5.0,30.28
1992-08-19 00:00:00,5.0,5.0,31.03
1992-08-20 00:00:00,0.0,8.0,30.94
1992-08-21 00:00:00,0.0,8.0,29.09
1992-08-22 00:00:00,0.0,8.0,29.54
1992-08-23 00:00:00,0.0,8.0,30.47
1992-08-24 00:00:00,46.0,18.0,33.16
1992-08-25 00:00:00,6.0,8.0,30.01
1992-08-26 00:00:00,6.0,8.0,28.55
1992-08-27 00:00:00,5.0,8.0,29.64
1992-08-28 00:00:00,19.0,5.0,31.13
1992-08-29 00:00:00,0.0,8.0,29.0
1992-08-30 00:00:00,0.0,5.0,28.91
1992-08-31 00:00:00,0.0,5.0,31.22
1992-09-01 00:00:00,8.0,8.0,29.82
1992-09-02 00:00:00,9.0,4.0,31.8
1992-09-03 00:00:00,9.0,2.0,31.51
1992-09-04 00:00:00,9.0,13.0,29.73
1992-09-05 00:00:00,5.0,5.0,29.91
1992-09-06 00:00:00,0.0,5.0,28.01
1992-09-07 00:00:00,14.0,9.0,29.82
1992-09-08 00:00:00,8.0,4.0,33.35
1992-09-09 00:00:00,10.0,8.0,28.82
1992-09-10 00:00:00,11.0,5.0,29.36
1992-09-11 00:00:00,11.0,6.0,30.75
1992-09-12 00:00:00,0.0,8.0,30.01
1992-09-13 00:00:00,0.0,6.0,28.91
1992-09-14 00:00:00,8.0,7.0,30.75
1992-09-15 00:00:00,14.0,6.0,31.7
1992-09-16 00:00:00,10.0,8.0,34.05
1992-09-17 00:00:00,21.0,8.0,33.35
1992-09-18 00:00:00,9.0,8.0,29.91
1992-09-19 00:00:00,0.0,5.0,30.47
1992-09-20 00:00:00,0.0,5.0,30.28
1992-09-21 00:00:00,11.0,5.0,31.03
1992-09-22 00:00:00,7.0,5.0,31.7
1992-09-23 00:00:00,6.0,10.0,29.54
1992-09-24 00:00:00,12.0,5.0,30.1
1992-09-25 00:00:00,14.0,9.0,31.13
1992-09-26 00:00:00,0.0,0.0,31.03
1992-09-27 00:00:00,0.0,1.0,28.64
1992-09-28 00:00:00,13.0,0.0,30.1
1992-09-29 00:00:00,11.0,3.0,32.76
1992-09-30 00:00:00,9.0,5.0,30.75
1992-10-01 00:00:00,9.0,4.0,33.57
1992-10-02 00:00:00,8.0,3.0,25.5
1992-10-03 00:00:00,0.0,5.0,27.67
1992-10-04 00:00:00,0.0,5.0,28.45
1992-10-05 00:00:00,0.0,5.0,29.32
1992-10-06 00:00:00,14.0,5.0,29.58
1992-10-07 00:00:00,10.0,5.0,30.91
1992-10-08 00:00:00,9.0,5.0,29.67
1992-10-09 00:00:00,30.0,6.0,28.45
1992-10-10 00:00:00,38.0,5.0,35.65
1992-10-11 00:00:00,11.0,9.0,34.41
1992-10-12 00:00:00,11.0,5.0,28.53
1992-10-13 00:00:00,8.0,5.0,26.24
1992-10-14 00:00:00,16.0,3.0,28.71
1992-10-15 00:00:00,15.0,3.0,30.29
1992-10-16 00:00:00,12.0,1.0,29.05
1992-10-17 00:00:00,12.0,1.0,27.67
1992-10-18 00:00:00,0.0,0.0,28.79
1992-10-19 00:00:00,12.0,3.0,28.88
1992-10-20 00:00:00,13.0,4.0,29.32
1992-10-21 00:00:00,17.0,6.0,29.05
1992-10-22 00:00:00,21.0,34.0,38.19
1992-10-23 00:00:00,0.0,4.0,31.45
1992-10-24 00:00:00,0.0,0.0,28.62
1992-10-25 00:00:00,0.0,3.0,29.58
1992-10-26 00:00:00,0.0,4.0,29.14
1992-10-27 00:00:00,14.0,4.0,29.84
1992-10-28 00:00:00,3.0,3.0,30.47
1992-10-29 00:00:00,0.0,0.0,29.14
1992-10-30 00:00:00,0.0,0.0,29.32
1992-10-31 00:00:00,0.0,10.0,30.73
1992-11-01 00:00:00,0.0,3.0,27.5
1992-11-02 00:00:00,0.0,6.0,29.4
1992-11-03 00:00:00,12.0,1.0,29.93
1992-11-04 00:00:00,0.0,0.0,29.32
1992-11-05 00:00:00,0.0,3.0,28.45
1992-11-06 00:00:00,0.0,13.0,30.02
1992-11-07 00:00:00,0.0,4.0,27.93
1992-11-08 00:00:00,0.0,3.0,29.58
1992-11-09 00:00:00,0.0,5.0,29.58
1992-11-10 00:00:00,7.0,3.0,29.4
1992-11-11 00:00:00,0.0,57.0,43.09
1992-11-12 00:00:00,0.0,4.0,31.82
1992-11-13 00:00:00,0.0,5.0,29.14
1992-11-14 00:00:00,0.0,2.0,29.76
1992-11-15 00:00:00,0.0,0.0,29.58
1992-11-16 00:00:00,5.0,3.0,29.58
1992-11-17 00:00:00,12.0,6.0,33.1
1992-11-18 00:00:00,8.0,1.0,30.55
1992-11-19 00:00:00,5.0,4.0,28.02
1992-11-20 00:00:00,4.0,7.0,30.11
1992-11-21 00:00:00,0.0,29.0,37.5
1992-11-22 00:00:00,0.0,0.0,26.99
1992-11-23 00:00:00,7.0,6.0,29.58
1992-11-24 00:00:00,10.0,0.0,29.14
1992-11-25 00:00:00,9.0,3.0,30.91
1992-11-26 00:00:00,9.0,23.0,35.94
1992-11-27 00:00:00,12.0,18.0,36.52
1992-11-28 00:00:00,0.0,3.0,27.93
1992-11-29 00:00:00,0.0,3.0,28.02
1992-11-30 00:00:00,31.0,0.0,29.93
1992-12-01 00:00:00,12.0,0.0,38.19
1992-12-02 00:00:00,12.0,0.0,28.79
1992-12-03 00:00:00,75.0,3.0,29.58
1992-12-04 00:00:00,9.0,0.0,58.81
1992-12-05 00:00:00,0.0,0.0,29.76
1992-12-06 00:00:00,3.0,0.0,28.71
1992-12-07 00:00:00,29.0,10.0,34.23
1992-12-08 00:00:00,0.0,19.0,50.83
1992-12-09 00:00:00,37.0,16.0,49.59
1992-12-10 00:00:00,31.0,0.0,43.09
1992-12-11 00:00:00,73.0,3.0,64.76
1992-12-12 00:00:00,27.0,0.0,59.66
1992-12-13 00:00:00,9.0,0.0,30.82
1992-12-14 00:00:00,0.0,4.0,31.45
1992-12-15 00:00:00,15.0,70.0,57.12
1992-12-16 00:00:00,6.0,7.0,39.49
1992-12-17 00:00:00,8.0,42.0,38.69
1992-12-18 00:00:00,0.0,0.0,36.52
1992-12-19 00:00:00,0.0,0.0,27.76
1992-12-20 00:00:00,0.0,0.0,32.64
1992-12-21 00:00:00,8.0,6.0,44.46
1992-12-22 00:00:00,31.0,0.0,64.51
1992-12-23 00:00:00,0.0,6.0,71.11
1992-12-24 00:00:00,0.0,0.0,42.35
1992-12-25 00:00:00,0.0,0.0,33.76
1992-12-26 00:00:00,0.0,0.0,28.71
1992-12-27 00:00:00,0.0,0.0,28.79
1992-12-28 00:00:00,27.0,0.0,29.58
1992-12-29 00:00:00,46.0,0.0,38.09
1992-12-30 00:00:00,39.0,0.0,56.4
1992-12-31 00:00:00,29.0,2.0,43.19
1993-01-01 00:00:00,14.0,0.0,42.98
1993-01-02 00:00:00,47.0,0.0,30.38
1993-01-03 00:00:00,84.0,0.0,62.75
1993-01-04 00:00:00,152.0,0.0,84.65
1993-01-05 00:00:00,13.0,28.0,137.84
1993-01-06 00:00:00,18.0,3.0,33.01
1993-01-07 00:00:00,4.0,0.0,34.13
1993-01-08 00:00:00,13.0,6.0,27.59
1993-01-09 00:00:00,4.0,0.0,25.17
1993-01-10 00:00:00,8.0,0.0,29.4
1993-01-11 00:00:00,9.0,0.0,28.45
1993-01-12 00:00:00,11.0,0.0,28.1
1993-01-13 00:00:00,9.0,0.0,29.58
1993-01-14 00:00:00,6.0,0.0,28.53
1993-01-15 00:00:00,3.0,0.0,28.88
1993-01-16 00:00:00,0.0,0.0,28.27
1993-01-17 00:00:00,0.0,0.0,29.32
1993-01-18 00:00:00,23.0,0.0,32.18
1993-01-19 00:00:00,10.0,0.0,28.97
1993-01-20 00:00:00,8.0,0.0,24.44
1993-01-21 00:00:00,12.0,0.0,29.4
1993-01-22 00:00:00,46.0,7.0,29.58
1993-01-23 00:00:00,14.0,0.0,42.56
1993-01-24 00:00:00,0.0,0.0,29.4
1993-01-25 00:00:00,20.0,0.0,27.93
1993-01-26 00:00:00,17.0,0.0,29.05
1993-01-27 00:00:00,24.0,0.0,29.93
1993-01-28 00:00:00,36.0,0.0,34.7
1993-01-29 00:00:00,13.0,0.0,35.94
1993-01-30 00:00:00,0.0,0.0,36.13
1993-01-31 00:00:00,6.0,0.0,40.6
1993-02-01 00:00:00,12.0,18.0,35.65
1993-02-02 00:00:00,13.0,0.0,30.55
1993-02-03 00:00:00,4.0,0.0,28.19
1993-02-04 00:00:00,41.0,29.0,42.15
1993-02-05 00:00:00,5.0,0.0,36.33
1993-02-06 00:00:00,0.0,0.0,27.84
1993-02-07 00:00:00,0.0,0.0,28.27
1993-02-08 00:00:00,10.0,0.0,30.29
1993-02-09 00:00:00,10.0,0.0,29.32
1993-02-10 00:00:00,31.0,0.0,34.41
1993-02-11 00:00:00,23.0,0.0,44.25
1993-02-12 00:00:00,19.0,0.0,45.96
1993-02-13 00:00:00,3.0,0.0,36.42
1993-02-14 00:00:00,11.0,0.0,27.42
1993-02-15 00:00:00,14.0,1.0,29.93
1993-02-16 00:00:00,16.0,1.0,32.18
1993-02-17 00:00:00,14.0,0.0,30.11
1993-02-18 00:00:00,8.0,0.0,30.73
1993-02-19 00:00:00,8.0,0.0,28.62
1993-02-20 00:00:00,0.0,0.0,26.32
1993-02-21 00:00:00,8.0,0.0,28.71
1993-02-22 00:00:00,27.0,0.0,30.47
1993-02-23 00:00:00,53.0,0.0,35.46
1993-02-24 00:00:00,45.0,0.0,54.28
1993-02-25 00:00:00,17.0,0.0,47.93
1993-02-26 00:00:00,27.0,0.0,30.82
1993-02-27 00:00:00,34.0,0.0,34.79
1993-02-28 00:00:00,47.0,1.0,41.53
1993-03-01 00:00:00,160.0,0.0,63.12
1993-03-02 00:00:00,185.0,0.0,142.93
1993-03-03 00:00:00,50.0,0.0,152.62
1993-03-04 00:00:00,55.0,15.0,62.37
1993-03-05 00:00:00,114.0,0.0,72.44
1993-03-06 00:00:00,8.0,0.0,94.08
1993-03-07 00:00:00,4.0,0.0,26.57
1993-03-08 00:00:00,9.0,21.0,36.91
1993-03-09 00:00:00,11.0,1.0,30.02
1993-03-10 00:00:00,21.0,0.0,30.02
1993-03-11 00:00:00,21.0,0.0,32.09
1993-03-12 00:00:00,70.0,0.0,37.4
1993-03-13 00:00:00,0.0,0.0,73.52
1993-03-14 00:00:00,0.0,0.0,27.42
1993-03-15 00:00:00,9.0,0.0,30.29
1993-03-16 00:00:00,12.0,0.0,29.32
1993-03-17 00:00:00,8.0,0.0,28.97
1993-03-18 00:00:00,6.0,0.0,26.16
1993-03-19 00:00:00,4.0,21.0,37.3
1993-03-20 00:00:00,0.0,0.0,26.32
1993-03-21 00:00:00,0.0,0.0,29.32
1993-03-22 00:00:00,8.0,0.0,29.14
1993-03-23 00:00:00,30.0,0.0,29.4
1993-03-24 00:00:00,10.0,0.0,35.27
1993-03-25 00:00:00,66.0,0.0,28.36
1993-03-26 00:00:00,26.0,0.0,49.48
1993-03-27 00:00:00,0.0,43.0,51.63
1993-03-28 00:00:00,0.0,24.0,39.19
1993-03-29 00:00:00,6.0,0.0,26.91
1993-03-30 00:00:00,8.0,0.0,29.93
1993-03-31 00:00:00,8.0,0.0,29.67
1993-04-01 00:00:00,10.0,0.0,27.5
1993-04-02 00:00:00,8.0,0.0,29.23
1993-04-03 00:00:00,0.0,56.0,55.93
1993-04-04 00:00:00,0.0,29.0,44.57
1993-04-05 00:00:00,27.0,0.0,29.14
1993-04-06 00:00:00,10.0,0.0,28.53
1993-04-07 00:00:00,0.0,0.0,29.32
1993-04-08 00:00:00,9.0,0.0,29.4
1993-04-09 00:00:00,0.0,0.0,29.4
1993-04-10 00:00:00,0.0,0.0,29.14
1993-04-11 00:00:00,0.0,0.0,29.4
1993-04-12 00:00:00,12.0,13.0,32.64
1993-04-13 00:00:00,8.0,0.0,28.36
1993-04-14 00:00:00,19.0,0.0,30.2
1993-04-15 00:00:00,4.0,0.0,32.73
1993-04-16 00:00:00,4.0,0.0,29.32
1993-04-17 00:00:00,0.0,0.0,27.5
1993-04-18 00:00:00,0.0,0.0,28.45
1993-04-19 00:00:00,9.0,0.0,29.58
1993-04-20 00:00:00,10.0,0.0,32.09
1993-04-21 00:00:00,10.0,0.0,32.18
1993-04-22 00:00:00,9.0,6.0,29.93
1993-04-23 00:00:00,4.0,0.0,28.02
1993-04-24 00:00:00,0.0,0.0,28.88
1993-04-25 00:00:00,0.0,0.0,30.02
1993-04-26 00:00:00,9.0,0.0,31.73
1993-04-27 00:00:00,10.0,0.0,29.49
1993-04-28 00:00:00,8.0,0.0,32.73
1993-04-29 00:00:00,8.0,3.0,30.64
1993-04-30 00:00:00,7.0,0.0,30.11
1993-05-01 00:00:00,0.0,0.0,31.36
1993-05-02 00:00:00,0.0,0.0,25.74
1993-05-03 00:00:00,4.0,0.0,30.29
1993-05-04 00:00:00,26.0,0.0,34.7
1993-05-05 00:00:00,12.0,0.0,34.89
1993-05-06 00:00:00,8.0,2.0,29.58
1993-05-07 00:00:00,14.0,6.0,30.73
1993-05-08 00:00:00,0.0,0.0,28.97
1993-05-09 00:00:00,0.0,0.0,28.45
1993-05-10 00:00:00,8.0,0.0,29.58
1993-05-11 00:00:00,4.0,0.0,31.0
1993-05-12 00:00:00,6.0,0.0,29.14
1993-05-13 00:00:00,4.0,22.0,47.6
1993-05-14 00:00:00,0.0,0.0,32.83
1993-05-15 00:00:00,0.0,0.0,28.45
1993-05-16 00:00:00,0.0,0.0,29.32
1993-05-17 00:00:00,8.0,0.0,30.91
1993-05-18 00:00:00,24.0,0.0,33.01
1993-05-19 00:00:00,61.0,0.0,58.68
1993-05-20 00:00:00,4.0,0.0,64.38
1993-05-21 00:00:00,24.0,0.0,27.76
1993-05-22 00:00:00,20.0,0.0,49.14
1993-05-23 00:00:00,0.0,3.0,28.79
1993-05-24 00:00:00,11.0,0.0,29.76
1993-05-25 00:00:00,9.0,0.0,34.32
1993-05-26 00:00:00,50.0,0.0,57.96
1993-05-27 00:00:00,33.0,0.0,83.07
1993-05-28 00:00:00,64.0,0.0,100.21
1993-05-29 00:00:00,27.0,0.0,86.09
1993-05-30 00:00:00,11.0,0.0,42.35
1993-05-31 00:00:00,59.0,0.0,36.52
1993-06-01 00:00:00,88.0,0.0,95.9
1993-06-02 00:00:00,36.0,0.0,66.55
1993-06-03 00:00:00,30.0,5.0,43.93
1993-06-04 00:00:00,3.0,0.0,36.91
1993-06-05 00:00:00,0.0,3.0,28.71
1993-06-06 00:00:00,0.0,0.0,28.71
1993-06-07 00:00:00,16.0,0.0,31.27
1993-06-08 00:00:00,36.0,0.0,39.59
1993-06-09 00:00:00,12.0,0.0,47.6
1993-06-10 00:00:00,0.0,0.0,28.19
1993-06-11 00:00:00,10.0,0.0,28.97
1993-06-12 00:00:00,22.0,0.0,30.82
1993-06-13 00:00:00,0.0,0.0,26.91
1993-06-14 00:00:00,41.0,1.0,42.46
1993-06-15 00:00:00,8.0,1.0,53.58
1993-06-16 00:00:00,30.0,4.0,28.71
1993-06-17 00:00:00,67.0,60.0,85.22
1993-06-18 00:00:00,25.0,0.0,72.98
1993-06-19 00:00:00,17.0,0.0,36.42
1993-06-20 00:00:00,0.0,0.0,27.16
1993-06-21 00:00:00,10.0,0.0,28.79
1993-06-22 00:00:00,56.0,42.0,53.12
1993-06-23 00:00:00,39.0,40.0,79.55
1993-06-24 00:00:00,23.0,0.0,47.93
1993-06-25 00:00:00,17.0,0.0,36.52
1993-06-26 00:00:00,20.0,2.0,25.91
1993-06-27 00:00:00,5.0,0.0,30.11
1993-06-28 00:00:00,9.0,0.0,28.97
1993-06-29 00:00:00,8.0,0.0,27.33
1993-06-30 00:00:00,10.0,0.0,28.45
1993-07-01 00:00:00,13.0,0.0,29.14
1993-07-02 00:00:00,8.0,22.0,37.69
1993-07-03 00:00:00,0.0,0.0,25.91
1993-07-04 00:00:00,0.0,0.0,28.45
1993-07-05 00:00:00,82.0,46.0,48.48
1993-07-06 00:00:00,119.0,67.0,139.47
1993-07-07 00:00:00,6.0,70.0,157.58
1993-07-08 00:00:00,7.0,32.0,47.38
1993-07-09 00:00:00,27.0,25.0,33.85
1993-07-10 00:00:00,0.0,30.0,51.17
1993-07-11 00:00:00,0.0,0.0,27.59
1993-07-12 00:00:00,8.0,0.0,30.64
1993-07-13 00:00:00,106.0,0.0,30.38
1993-07-14 00:00:00,362.0,0.0,167.91
1993-07-15 00:00:00,119.0,30.0,371.39
1993-07-16 00:00:00,0.0,19.0,65.65
1993-07-17 00:00:00,0.0,0.0,26.32
1993-07-18 00:00:00,0.0,0.0,29.32
1993-07-19 00:00:00,15.0,0.0,29.23
1993-07-20 00:00:00,0.0,11.0,30.47
1993-07-21 00:00:00,8.0,0.0,28.62
1993-07-22 00:00:00,11.0,0.0,29.14
1993-07-23 00:00:00,9.0,15.0,36.04
1993-07-24 00:00:00,0.0,0.0,25.91
1993-07-25 00:00:00,0.0,0.0,28.79
1993-07-26 00:00:00,4.0,0.0,29.32
1993-07-27 00:00:00,7.0,14.0,31.0
1993-07-28 00:00:00,10.0,71.0,52.43
1993-07-29 00:00:00,20.0,0.0,41.01
1993-07-30 00:00:00,7.0,0.0,29.84
1993-07-31 00:00:00,0.0,0.0,29.14
1993-08-01 00:00:00,0.0,4.0,29.49
1993-08-02 00:00:00,52.0,4.0,30.73
1993-08-03 00:00:00,59.0,12.0,39.39
1993-08-04 00:00:00,20.0,19.0,58.08
1993-08-05 00:00:00,11.0,24.0,41.63
1993-08-06 00:00:00,69.0,5.0,48.26
1993-08-07 00:00:00,0.0,5.0,55.34
1993-08-08 00:00:00,0.0,5.0,27.84
1993-08-09 00:00:00,6.0,6.0,29.32
1993-08-10 00:00:00,30.0,31.0,35.27
1993-08-11 00:00:00,53.0,5.0,34.79
1993-08-12 00:00:00,36.0,24.0,47.82
1993-08-13 00:00:00,6.0,7.0,44.03
1993-08-14 00:00:00,0.0,4.0,25.58
1993-08-15 00:00:00,0.0,8.0,28.79
1993-08-16 00:00:00,11.0,4.0,28.71
1993-08-17 00:00:00,27.0,21.0,38.59
1993-08-18 00:00:00,42.0,25.0,51.06
1993-08-19 00:00:00,94.0,4.0,70.85
1993-08-20 00:00:00,0.0,31.0,80.39
1993-08-21 00:00:00,0.0,66.0,50.6
1993-08-22 00:00:00,0.0,26.0,36.81
1993-08-23 00:00:00,15.0,4.0,26.32
1993-08-24 00:00:00,14.0,14.0,31.82
1993-08-25 00:00:00,6.0,4.0,28.62
1993-08-26 00:00:00,0.0,4.0,28.88
1993-08-27 00:00:00,4.0,4.0,29.49
1993-08-28 00:00:00,6.0,4.0,29.14
1993-08-29 00:00:00,0.0,4.0,29.4
1993-08-30 00:00:00,12.0,4.0,29.58
1993-08-31 00:00:00,28.0,4.0,32.27
1993-09-01 00:00:00,6.0,15.0,34.6
1993-09-02 00:00:00,0.0,14.0,29.84
1993-09-03 00:00:00,54.0,16.0,41.01
1993-09-04 00:00:00,0.0,4.0,48.04
1993-09-05 00:00:00,0.0,4.0,27.42
1993-09-06 00:00:00,0.0,5.0,29.58
1993-09-07 00:00:00,19.0,20.0,31.36
1993-09-08 00:00:00,9.0,4.0,29.58
1993-09-09 00:00:00,38.0,4.0,28.45
1993-09-10 00:00:00,12.0,4.0,46.61
1993-09-11 00:00:00,0.0,4.0,28.45
1993-09-12 00:00:00,22.0,4.0,30.2
1993-09-13 00:00:00,27.0,4.0,30.73
1993-09-14 00:00:00,15.0,4.0,30.73
1993-09-15 00:00:00,9.0,12.0,31.09
1993-09-16 00:00:00,8.0,18.0,32.18
1993-09-17 00:00:00,20.0,10.0,33.29
1993-09-18 00:00:00,0.0,4.0,37.01
1993-09-19 00:00:00,0.0,4.0,27.16
1993-09-20 00:00:00,18.0,4.0,29.4
1993-09-21 00:00:00,51.0,4.0,29.76
1993-09-22 00:00:00,57.0,16.0,72.04
1993-09-23 00:00:00,15.0,10.0,74.33
1993-09-24 00:00:00,30.0,12.0,33.66
1993-09-25 00:00:00,0.0,9.0,33.76
1993-09-26 00:00:00,0.0,7.0,28.19
1993-09-27 00:00:00,37.0,13.0,31.36
1993-09-28 00:00:00,79.0,12.0,67.06
1993-09-29 00:00:00,24.0,39.0,94.83
1993-09-30 00:00:00,28.0,42.0,67.84
1993-10-01 00:00:00,13.0,23.0,75.68
1993-10-02 00:00:00,18.0,23.0,54.17
1993-10-03 00:00:00,0.0,0.0,29.58
1993-10-04 00:00:00,19.0,4.0,20.64
1993-10-05 00:00:00,0.0,5.0,34.13
1993-10-06 00:00:00,70.0,4.0,37.99
1993-10-07 00:00:00,31.0,54.0,95.9
1993-10-08 00:00:00,35.0,0.0,82.65
1993-10-09 00:00:00,18.0,1.0,62.62
1993-10-10 00:00:00,15.0,22.0,165.74
1993-10-11 00:00:00,198.0,30.0,310.87
1993-10-12 00:00:00,128.0,40.0,391.69
1993-10-13 00:00:00,196.0,64.0,530.77
1993-10-14 00:00:00,193.0,147.0,629.44
1993-10-15 00:00:00,129.0,160.0,471.5
1993-10-16 00:00:00,272.0,184.0,735.92
1993-10-17 00:00:00,351.0,183.0,1072.99
1993-10-18 00:00:00,360.0,183.0,712.45
1993-10-19 00:00:00,362.0,180.0,771.78
1993-10-20 00:00:00,226.0,194.0,636.79
1993-10-21 00:00:00,297.0,184.0,604.04
1993-10-22 00:00:00,342.0,185.0,589.74
1993-10-23 00:00:00,124.0,185.0,540.97
1993-10-24 00:00:00,155.0,186.0,357.19
1993-10-25 00:00:00,464.0,178.0,504.02
1993-10-26 00:00:00,439.0,131.0,783.92
1993-10-27 00:00:00,391.0,129.0,586.19
1993-10-28 00:00:00,305.0,120.0,558.16
1993-10-29 00:00:00,222.0,132.0,449.33
1993-10-30 00:00:00,154.0,129.0,385.84
1993-10-31 00:00:00,104.0,94.0,277.48
1993-11-01 00:00:00,89.0,100.0,207.23
1993-11-02 00:00:00,702.0,139.0,647.89
1993-11-03 00:00:00,1187.0,124.0,1479.39
1993-11-04 00:00:00,1082.0,136.0,1551.14
1993-11-05 00:00:00,738.0,185.0,1263.52
1993-11-06 00:00:00,738.0,185.0,1139.72
1993-11-07 00:00:00,683.0,184.0,1188.53
1993-11-08 00:00:00,783.0,161.0,1035.71
1993-11-09 00:00:00,647.0,150.0,1077.7
1993-11-10 00:00:00,653.0,184.0,976.44
1993-11-11 00:00:00,555.0,186.0,862.8
1993-11-12 00:00:00,629.0,185.0,954.08
1993-11-13 00:00:00,532.0,185.0,875.58
1993-11-14 00:00:00,350.0,186.0,693.16
1993-11-15 00:00:00,554.0,186.0,743.82
1993-11-16 00:00:00,611.0,187.0,918.8
1993-11-17 00:00:00,604.0,187.0,879.86
1993-11-18 00:00:00,601.0,188.0,879.86
1993-11-19 00:00:00,719.0,188.0,918.8
1993-11-20 00:00:00,632.0,168.0,949.63
1993-11-21 00:00:00,673.0,140.0,824.99
1993-11-22 00:00:00,641.0,128.0,862.8
1993-11-23 00:00:00,591.0,91.0,771.78
1993-11-24 00:00:00,611.0,82.0,735.92
1993-11-25 00:00:00,594.0,77.0,689.34
1993-11-26 00:00:00,608.0,68.0,670.35
1993-11-27 00:00:00,560.0,119.0,697.0
1993-11-28 00:00:00,624.0,34.0,644.18
1993-11-29 00:00:00,625.0,123.0,771.78
1993-11-30 00:00:00,673.0,97.0,720.23
1993-12-01 00:00:00,596.0,34.0,751.76
1993-12-02 00:00:00,479.0,105.0,644.18
1993-12-03 00:00:00,374.0,127.0,465.11
1993-12-04 00:00:00,266.0,117.0,421.57
1993-12-05 00:00:00,122.0,51.0,332.29
1993-12-06 00:00:00,6.0,143.0,167.71
1993-12-07 00:00:00,247.0,131.0,234.18
1993-12-08 00:00:00,68.0,45.0,260.23
1993-12-09 00:00:00,339.0,128.0,340.5
1993-12-10 00:00:00,339.0,122.0,494.16
1993-12-11 00:00:00,60.0,108.0,253.0
1993-12-12 00:00:00,27.0,105.0,188.02
1993-12-13 00:00:00,231.0,138.0,245.86
1993-12-14 00:00:00,112.0,143.0,332.29
1993-12-15 00:00:00,251.0,125.0,343.26
1993-12-16 00:00:00,190.0,161.0,421.57
1993-12-17 00:00:00,246.0,123.0,329.58
1993-12-18 00:00:00,95.0,134.0,380.03
1993-12-19 00:00:00,24.0,145.0,216.04
1993-12-20 00:00:00,81.0,153.0,209.41
1993-12-21 00:00:00,29.0,130.0,188.02
1993-12-22 00:00:00,95.0,137.0,192.21
1993-12-23 00:00:00,59.0,148.0,227.3
1993-12-24 00:00:00,0.0,85.0,156.04
1993-12-25 00:00:00,0.0,61.0,82.65
1993-12-26 00:00:00,0.0,74.0,53.0
1993-12-27 00:00:00,31.0,115.0,110.06
1993-12-28 00:00:00,37.0,94.0,118.32
1993-12-29 00:00:00,13.0,97.0,118.32
1993-12-30 00:00:00,63.0,101.0,125.13
1993-12-31 00:00:00,24.0,87.0,139.28
1994-01-01 00:00:00,0.0,0.0,47.38
1994-01-02 00:00:00,6.0,30.0,32.27
1994-01-03 00:00:00,26.0,101.0,169.69
1994-01-04 00:00:00,49.0,133.0,171.69
1994-01-05 00:00:00,17.0,146.0,205.05
1994-01-06 00:00:00,371.0,155.0,371.39
1994-01-07 00:00:00,371.0,190.0,867.05
1994-01-08 00:00:00,84.0,189.0,589.74
1994-01-09 00:00:00,149.0,189.0,343.26
1994-01-10 00:00:00,139.0,189.0,449.33
1994-01-11 00:00:00,325.0,187.0,593.3
1994-01-12 00:00:00,119.0,188.0,544.38
1994-01-13 00:00:00,120.0,188.0,436.89
1994-01-14 00:00:00,131.0,188.0,362.84
1994-01-15 00:00:00,104.0,189.0,313.51
1994-01-16 00:00:00,92.0,189.0,282.5
1994-01-17 00:00:00,35.0,189.0,290.11
1994-01-18 00:00:00,365.0,189.0,368.53
1994-01-19 00:00:00,376.0,190.0,614.87
1994-01-20 00:00:00,252.0,190.0,471.5
1994-01-21 00:00:00,95.0,156.0,343.26
1994-01-22 00:00:00,77.0,82.0,154.14
1994-01-23 00:00:00,28.0,106.0,181.82
1994-01-24 00:00:00,85.0,111.0,135.68
1994-01-25 00:00:00,144.0,119.0,234.18
1994-01-26 00:00:00,61.0,128.0,234.18
1994-01-27 00:00:00,46.0,123.0,207.23
1994-01-28 00:00:00,28.0,126.0,161.83
1994-01-29 00:00:00,40.0,81.0,95.9
1994-01-30 00:00:00,5.0,44.0,89.9
1994-01-31 00:00:00,55.0,111.0,132.12
1994-02-01 00:00:00,72.0,116.0,192.21
1994-02-02 00:00:00,75.0,133.0,173.69
1994-02-03 00:00:00,202.0,137.0,287.56
1994-02-04 00:00:00,116.0,125.0,335.02
1994-02-05 00:00:00,150.0,122.0,248.23
1994-02-06 00:00:00,63.0,103.0,245.86
1994-02-07 00:00:00,238.0,115.0,300.41
1994-02-08 00:00:00,114.0,119.0,277.48
1994-02-09 00:00:00,215.0,119.0,343.26
1994-02-10 00:00:00,114.0,130.0,351.59
1994-02-11 00:00:00,143.0,129.0,340.5
1994-02-12 00:00:00,30.0,128.0,216.04
1994-02-13 00:00:00,0.0,136.0,154.14
1994-02-14 00:00:00,176.0,151.0,231.88
1994-02-15 00:00:00,167.0,62.0,250.61
1994-02-16 00:00:00,229.0,140.0,365.68
1994-02-17 00:00:00,208.0,121.0,418.53
1994-02-18 00:00:00,174.0,116.0,403.52
1994-02-19 00:00:00,73.0,112.0,257.81
1994-02-20 00:00:00,18.0,97.0,207.23
1994-02-21 00:00:00,128.0,142.0,245.86
1994-02-22 00:00:00,170.0,137.0,316.16
1994-02-23 00:00:00,685.0,142.0,622.14
1994-02-24 00:00:00,238.0,168.0,735.92
1994-02-25 00:00:00,69.0,172.0,346.02
1994-02-26 00:00:00,66.0,172.0,346.02
1994-02-27 00:00:00,125.0,133.0,335.02
1994-02-28 00:00:00,730.0,162.0,677.91
1994-03-01 00:00:00,494.0,133.0,
1994-03-02 00:00:00,524.0,182.0,
1994-03-03 00:00:00,609.0,160.0,
1994-03-04 00:00:00,298.0,170.0,
1994-03-05 00:00:00,168.0,115.0,
1994-03-06 00:00:00,91.0,123.0,
1994-03-07 00:00:00,123.0,135.0,
1994-03-08 00:00:00,128.0,89.0,
1994-03-09 00:00:00,119.0,91.0,
1994-03-10 00:00:00,123.0,80.0,
1994-03-11 00:00:00,235.0,102.0,
1994-03-12 00:00:00,47.0,112.0,
1994-03-13 00:00:00,39.0,0.0,
1994-03-14 00:00:00,211.0,77.0,
1994-03-15 00:00:00,64.0,92.0,
1994-03-16 00:00:00,286.0,75.0,
1994-03-17 00:00:00,170.0,98.0,
1994-03-18 00:00:00,119.0,117.0,
1994-03-19 00:00:00,48.0,24.0,
1994-03-20 00:00:00,25.0,94.0,
1994-03-21 00:00:00,262.0,74.0,
1994-03-22 00:00:00,149.0,63.0,
1994-03-23 00:00:00,145.0,32.0,
1994-03-24 00:00:00,180.0,39.0,
1994-03-25 00:00:00,293.0,23.0,
1994-03-26 00:00:00,11.0,0.0,
1994-03-27 00:00:00,38.0,58.0,
1994-03-28 00:00:00,64.0,92.0,
1994-03-29 00:00:00,59.0,142.0,
1994-03-30 00:00:00,57.0,80.0,
1994-03-31 00:00:00,46.0,110.0,
1994-04-01 00:00:00,100.0,59.0,114.99
1994-04-02 00:00:00,0.0,0.0,75.68
1994-04-03 00:00:00,72.0,0.0,17.08
1994-04-04 00:00:00,127.0,62.0,120.01
1994-04-05 00:00:00,60.0,24.0,126.86
1994-04-06 00:00:00,61.0,4.0,72.98
1994-04-07 00:00:00,51.0,0.0,39.99
1994-04-08 00:00:00,51.0,0.0,57.72
1994-04-09 00:00:00,22.0,9.0,36.04
1994-04-10 00:00:00,38.0,49.0,47.38
1994-04-11 00:00:00,155.0,0.0,71.64
1994-04-12 00:00:00,290.0,0.0,165.74
1994-04-13 00:00:00,301.0,0.0,236.5
1994-04-14 00:00:00,352.0,0.0,308.24
1994-04-15 00:00:00,476.0,0.0,374.25
1994-04-16 00:00:00,89.0,0.0,181.82
1994-04-17 00:00:00,102.0,0.0,82.65
1994-04-18 00:00:00,362.0,21.0,177.73
1994-04-19 00:00:00,393.0,5.0,324.18
1994-04-20 00:00:00,514.0,0.0,500.72
1994-04-21 00:00:00,221.0,106.0,433.81
1994-04-22 00:00:00,98.0,127.0,243.51
1994-04-23 00:00:00,2.0,54.0,142.93
1994-04-24 00:00:00,34.0,0.0,29.58
1994-04-25 00:00:00,160.0,0.0,38.99
1994-04-26 00:00:00,350.0,0.0,255.4
1994-04-27 00:00:00,276.0,0.0,337.75
1994-04-28 00:00:00,97.0,58.0,169.69
1994-04-29 00:00:00,58.0,125.0,154.14
1994-04-30 00:00:00,3.0,47.0,196.45
1994-05-01 00:00:00,53.0,13.0,
1994-05-02 00:00:00,96.0,117.0,
1994-05-03 00:00:00,9.0,112.0,
1994-05-04 00:00:00,58.0,0.0,
1994-05-05 00:00:00,48.0,18.0,
1994-05-06 00:00:00,49.0,33.0,
1994-05-07 00:00:00,34.0,0.0,
1994-05-08 00:00:00,0.0,0.0,
1994-05-09 00:00:00,48.0,0.0,
1994-05-10 00:00:00,148.0,0.0,
1994-05-11 00:00:00,127.0,7.0,
1994-05-12 00:00:00,105.0,0.0,
1994-05-13 00:00:00,140.0,0.0,
1994-05-14 00:00:00,64.0,0.0,
1994-05-15 00:00:00,37.0,0.0,
1994-05-16 00:00:00,71.0,0.0,
1994-05-17 00:00:00,145.0,0.0,
1994-05-18 00:00:00,42.0,0.0,
1994-05-19 00:00:00,70.0,0.0,
1994-05-20 00:00:00,137.0,8.0,
1994-05-21 00:00:00,192.0,29.0,
1994-05-22 00:00:00,409.0,5.0,
1994-05-23 00:00:00,681.0,87.0,
1994-05-24 00:00:00,939.0,108.0,
1994-05-25 00:00:00,1205.0,119.0,
1994-05-26 00:00:00,884.0,117.0,
1994-05-27 00:00:00,698.0,134.0,
1994-05-28 00:00:00,657.0,37.0,
1994-05-29 00:00:00,326.0,0.0,
1994-05-30 00:00:00,633.0,102.0,
1994-05-31 00:00:00,487.0,91.0,
1994-06-01 00:00:00,489.0,110.0,568.6
1994-06-02 00:00:00,338.0,13.0,484.39
1994-06-03 00:00:00,342.0,125.0,427.67
1994-06-04 00:00:00,92.0,128.0,371.39
1994-06-05 00:00:00,118.0,24.0,144.77
1994-06-06 00:00:00,185.0,118.0,231.88
1994-06-07 00:00:00,176.0,140.0,300.41
1994-06-08 00:00:00,302.0,128.0,346.02
1994-06-09 00:00:00,308.0,153.0,458.77
1994-06-10 00:00:00,290.0,19.0,292.67
1994-06-11 00:00:00,64.0,16.0,216.04
1994-06-12 00:00:00,40.0,8.0,70.32
1994-06-13 00:00:00,161.0,4.0,97.43
1994-06-14 00:00:00,141.0,4.0,126.86
1994-06-15 00:00:00,151.0,41.0,171.69
1994-06-16 00:00:00,193.0,19.0,202.88
1994-06-17 00:00:00,112.0,32.0,161.83
1994-06-18 00:00:00,58.0,4.0,84.07
1994-06-19 00:00:00,140.0,4.0,98.97
1994-06-20 00:00:00,213.0,5.0,128.61
1994-06-21 00:00:00,330.0,3.0,260.23
1994-06-22 00:00:00,394.0,16.0,261.2
1994-06-23 00:00:00,253.0,55.0,257.81
1994-06-24 00:00:00,170.0,4.0,211.61
1994-06-25 00:00:00,15.0,4.0,100.52
1994-06-26 00:00:00,16.0,56.0,32.27
1994-06-27 00:00:00,226.0,21.0,100.52
1994-06-28 00:00:00,382.0,29.0,362.84
1994-06-29 00:00:00,365.0,4.0,351.59
1994-06-30 00:00:00,399.0,9.0,324.18
1994-07-01 00:00:00,475.0,32.0,421.57
1994-07-02 00:00:00,113.0,26.0,248.23
1994-07-03 00:00:00,67.0,36.0,113.33
1994-07-04 00:00:00,131.0,89.0,86.96
1994-07-05 00:00:00,206.0,81.0,238.82
1994-07-06 00:00:00,127.0,62.0,183.87
1994-07-07 00:00:00,105.0,48.0,92.87
1994-07-08 00:00:00,50.0,100.0,146.62
1994-07-09 00:00:00,0.0,4.0,37.99
1994-07-10 00:00:00,0.0,4.0,7.83
1994-07-11 00:00:00,234.0,17.0,41.01
1994-07-12 00:00:00,72.0,80.0,169.69
1994-07-13 00:00:00,154.0,60.0,108.44
1994-07-14 00:00:00,220.0,81.0,229.58
1994-07-15 00:00:00,204.0,30.0,198.58
1994-07-16 00:00:00,22.0,4.0,86.96
1994-07-17 00:00:00,24.0,19.0,20.64
1994-07-18 00:00:00,124.0,14.0,48.48
1994-07-19 00:00:00,190.0,41.0,120.01
1994-07-20 00:00:00,109.0,20.0,130.36
1994-07-21 00:00:00,51.0,23.0,74.33
1994-07-22 00:00:00,61.0,27.0,50.72
1994-07-23 00:00:00,52.0,26.0,61.38
1994-07-24 00:00:00,31.0,15.0,38.99
1994-07-25 00:00:00,138.0,102.0,86.96
1994-07-26 00:00:00,167.0,97.0,175.71
1994-07-27 00:00:00,218.0,39.0,177.73
1994-07-28 00:00:00,205.0,39.0,179.77
1994-07-29 00:00:00,232.0,70.0,211.61
1994-07-30 00:00:00,106.0,13.0,110.06
1994-07-31 00:00:00,40.0,10.0,71.64
1994-08-01 00:00:00,92.0,44.0,67.71
1994-08-02 00:00:00,104.0,23.0,69.01
1994-08-03 00:00:00,131.0,30.0,98.97
1994-08-04 00:00:00,130.0,22.0,97.43
1994-08-05 00:00:00,129.0,4.0,88.42
1994-08-06 00:00:00,88.0,7.0,66.42
1994-08-07 00:00:00,60.0,17.0,70.32
1994-08-08 00:00:00,99.0,42.0,60.15
1994-08-09 00:00:00,58.0,58.0,103.66
1994-08-10 00:00:00,79.0,35.0,58.93
1994-08-11 00:00:00,53.0,7.0,56.52
1994-08-12 00:00:00,124.0,30.0,56.52
1994-08-13 00:00:00,64.0,20.0,94.38
1994-08-14 00:00:00,47.0,5.0,35.08
1994-08-15 00:00:00,67.0,4.0,26.99
1994-08-16 00:00:00,122.0,20.0,63.87
1994-08-17 00:00:00,80.0,20.0,75.68
1994-08-18 00:00:00,112.0,5.0,70.32
1994-08-19 00:00:00,117.0,37.0,91.38
1994-08-20 00:00:00,27.0,4.0,65.14
1994-08-21 00:00:00,28.0,5.0,22.93
1994-08-22 00:00:00,99.0,10.0,32.27
1994-08-23 00:00:00,99.0,26.0,86.96
1994-08-24 00:00:00,104.0,5.0,71.64
1994-08-25 00:00:00,21.0,0.0,60.15
1994-08-26 00:00:00,105.0,4.0,30.47
1994-08-27 00:00:00,44.0,18.0,58.93
1994-08-28 00:00:00,23.0,14.0,30.47
1994-08-29 00:00:00,52.0,11.0,26.99
1994-08-30 00:00:00,88.0,11.0,33.2
1994-08-31 00:00:00,78.0,5.0,61.38
1994-09-01 00:00:00,153.0,9.0,71.64
1994-09-02 00:00:00,116.0,5.0,91.38
1994-09-03 00:00:00,65.0,4.0,60.15
1994-09-04 00:00:00,49.0,4.0,48.48
1994-09-05 00:00:00,57.0,15.0,44.14
1994-09-06 00:00:00,92.0,41.0,70.32
1994-09-07 00:00:00,169.0,71.0,156.04
1994-09-08 00:00:00,93.0,55.0,156.04
1994-09-09 00:00:00,65.0,60.0,108.44
1994-09-10 00:00:00,74.0,37.0,61.38
1994-09-11 00:00:00,45.0,5.0,56.52
1994-09-12 00:00:00,90.0,52.0,69.01
1994-09-13 00:00:00,91.0,8.0,173.69
1994-09-14 00:00:00,33.0,16.0,55.34
1994-09-15 00:00:00,23.0,20.0,31.36
1994-09-16 00:00:00,14.0,5.0,22.93
1994-09-17 00:00:00,17.0,4.0,12.04
1994-09-18 00:00:00,8.0,4.0,13.22
1994-09-19 00:00:00,28.0,59.0,23.72
1994-09-20 00:00:00,59.0,43.0,62.62
1994-09-21 00:00:00,55.0,36.0,65.14
1994-09-22 00:00:00,38.0,13.0,34.13
1994-09-23 00:00:00,34.0,4.0,28.71
1994-09-24 00:00:00,40.0,5.0,22.93
1994-09-25 00:00:00,23.0,5.0,22.93
1994-09-26 00:00:00,56.0,16.0,19.91
1994-09-27 00:00:00,26.0,16.0,43.09
1994-09-28 00:00:00,66.0,24.0,37.99
1994-09-29 00:00:00,143.0,26.0,62.62
1994-09-30 00:00:00,95.0,32.0,146.62
1994-10-01 00:00:00,90.0,15.0,85.31
1994-10-02 00:00:00,0.0,17.0,97.3
1994-10-03 00:00:00,152.0,41.0,120.91
1994-10-04 00:00:00,128.0,40.0,183.77
1994-10-05 00:00:00,159.0,0.0,158.77
1994-10-06 00:00:00,110.0,65.0,173.14
1994-10-07 00:00:00,44.0,68.0,154.76
1994-10-08 00:00:00,82.0,4.0,80.49
1994-10-09 00:00:00,17.0,0.0,71.34
1994-10-10 00:00:00,113.0,28.0,60.13
1994-10-11 00:00:00,219.0,38.0,181.62
1994-10-12 00:00:00,36.0,72.0,179.48
1994-10-13 00:00:00,160.0,36.0,103.8
1994-10-14 00:00:00,165.0,86.0,205.9
1994-10-15 00:00:00,135.0,70.0,243.75
1994-10-16 00:00:00,93.0,0.0,80.49
1994-10-17 00:00:00,317.0,48.0,143.05
1994-10-18 00:00:00,326.0,58.0,408.71
1994-10-19 00:00:00,415.0,25.0,377.98
1994-10-20 00:00:00,331.0,62.0,456.91
1994-10-21 00:00:00,237.0,87.0,402.48
1994-10-22 00:00:00,147.0,63.0,236.43
1994-10-23 00:00:00,48.0,24.0,141.14
1994-10-24 00:00:00,293.0,111.0,188.1
1994-10-25 00:00:00,422.0,109.0,470.19
1994-10-26 00:00:00,464.0,120.0,706.52
1994-10-27 00:00:00,364.0,94.0,450.34
1994-10-28 00:00:00,239.0,102.0,421.32
1994-10-29 00:00:00,68.0,102.0,229.21
1994-10-30 00:00:00,0.0,28.0,102.16
1994-10-31 00:00:00,151.0,26.0,52.45
1994-11-01 00:00:00,58.0,0.0,110.5
1994-11-02 00:00:00,147.0,75.0,133.61
1994-11-03 00:00:00,176.0,60.0,212.77
1994-11-04 00:00:00,211.0,58.0,196.91
1994-11-05 00:00:00,24.0,14.0,181.62
1994-11-06 00:00:00,49.0,0.0,45.38
1994-11-07 00:00:00,150.0,50.0,117.39
1994-11-08 00:00:00,279.0,37.0,215.09
1994-11-09 00:00:00,238.0,36.0,297.92
1994-11-10 00:00:00,256.0,89.0,374.97
1994-11-11 00:00:00,210.0,25.0,268.92
1994-11-12 00:00:00,107.0,13.0,160.78
1994-11-13 00:00:00,159.0,14.0,133.61
1994-11-14 00:00:00,464.0,15.0,308.82
1994-11-15 00:00:00,463.0,25.0,483.64
1994-11-16 00:00:00,448.0,60.0,553.56
1994-11-17 00:00:00,386.0,90.0,514.56
1994-11-18 00:00:00,336.0,108.0,473.54
1994-11-19 00:00:00,24.0,64.0,284.57
1994-11-20 00:00:00,38.0,0.0,43.16
1994-11-21 00:00:00,239.0,88.0,150.81
1994-11-22 00:00:00,103.0,116.0,271.5
1994-11-23 00:00:00,109.0,109.0,210.47
1994-11-24 00:00:00,135.0,65.0,188.1
1994-11-25 00:00:00,118.0,32.0,158.77
1994-11-26 00:00:00,55.0,3.0,102.16
1994-11-27 00:00:00,89.0,0.0,69.88
1994-11-28 00:00:00,215.0,0.0,154.76
1994-11-29 00:00:00,217.0,0.0,171.05
1994-11-30 00:00:00,174.0,0.0,210.47
1994-12-01 00:00:00,114.0,0.0,107.12
1994-12-02 00:00:00,216.0,0.0,135.48
1994-12-03 00:00:00,71.0,8.0,137.35
1994-12-04 00:00:00,82.0,0.0,77.37
1994-12-05 00:00:00,69.0,43.0,94.12
1994-12-06 00:00:00,166.0,77.0,166.91
1994-12-07 00:00:00,131.0,16.0,164.86
1994-12-08 00:00:00,50.0,0.0,102.58
1994-12-09 00:00:00,102.0,20.0,88.62
1994-12-10 00:00:00,24.0,2.0,98.9
1994-12-11 00:00:00,0.0,0.0,34.9
1994-12-12 00:00:00,103.0,0.0,32.07
1994-12-13 00:00:00,111.0,17.0,98.9
1994-12-14 00:00:00,36.0,8.0,107.12
1994-12-15 00:00:00,114.0,0.0,72.82
1994-12-16 00:00:00,60.0,0.0,80.49
1994-12-17 00:00:00,23.0,0.0,58.81
1994-12-18 00:00:00,28.0,12.0,45.38
1994-12-19 00:00:00,77.0,12.0,42.07
1994-12-20 00:00:00,53.0,16.0,120.91
1994-12-21 00:00:00,62.0,10.0,61.47
1994-12-22 00:00:00,16.0,4.0,61.47
1994-12-23 00:00:00,73.0,4.0,37.88
1994-12-24 00:00:00,56.0,4.0,80.49
1994-12-25 00:00:00,8.0,11.0,60.13
1994-12-26 00:00:00,43.0,26.0,24.39
1994-12-27 00:00:00,121.0,4.0,46.52
1994-12-28 00:00:00,57.0,4.0,98.97
1994-12-29 00:00:00,71.0,4.0,47.67
1994-12-30 00:00:00,70.0,12.0,90.3
1994-12-31 00:00:00,2.0,4.0,64.2
1995-01-01 00:00:00,28.0,0.0,25.19
1995-01-02 00:00:00,90.0,20.0,58.81
1995-01-03 00:00:00,60.0,0.0,97.3
1995-01-04 00:00:00,58.0,49.0,86.95
1995-01-05 00:00:00,16.0,60.0,95.45
1995-01-06 00:00:00,38.0,122.0,133.61
1995-01-07 00:00:00,69.0,20.0,95.45
1995-01-08 00:00:00,66.0,0.0,69.88
1995-01-09 00:00:00,95.0,22.0,97.3
1995-01-10 00:00:00,89.0,22.0,97.3
1995-01-11 00:00:00,66.0,42.0,129.92
1995-01-12 00:00:00,26.0,24.0,86.95
1995-01-13 00:00:00,67.0,16.0,62.83
1995-01-14 00:00:00,68.0,0.0,69.88
1995-01-15 00:00:00,17.0,42.0,88.62
1995-01-16 00:00:00,127.0,58.0,95.7
1995-01-17 00:00:00,64.0,41.0,124.48
1995-01-18 00:00:00,90.0,85.0,154.76
1995-01-19 00:00:00,62.0,102.0,129.92
1995-01-20 00:00:00,28.0,43.0,122.69
1995-01-21 00:00:00,0.0,44.0,61.47
1995-01-22 00:00:00,7.0,23.0,44.26
1995-01-23 00:00:00,52.0,51.0,93.71
1995-01-24 00:00:00,45.0,69.0,77.37
1995-01-25 00:00:00,64.0,42.0,102.16
1995-01-26 00:00:00,166.0,102.0,190.29
1995-01-27 00:00:00,44.0,114.0,256.19
1995-01-28 00:00:00,67.0,165.0,271.5
1995-01-29 00:00:00,50.0,177.0,238.86
1995-01-30 00:00:00,140.0,145.0,243.75
1995-01-31 00:00:00,117.0,180.0,287.22
1995-02-01 00:00:00,124.0,122.0,276.69
1995-02-02 00:00:00,144.0,129.0,241.3
1995-02-03 00:00:00,164.0,126.0,297.92
1995-02-04 00:00:00,87.0,55.0,203.64
1995-02-05 00:00:00,34.0,17.0,102.16
1995-02-06 00:00:00,82.0,91.0,135.48
1995-02-07 00:00:00,193.0,69.0,168.98
1995-02-08 00:00:00,147.0,91.0,281.93
1995-02-09 00:00:00,73.0,92.0,171.05
1995-02-10 00:00:00,58.0,74.0,164.86
1995-02-11 00:00:00,46.0,32.0,103.8
1995-02-12 00:00:00,351.0,0.0,128.1
1995-02-13 00:00:00,996.0,126.0,1471.62
1995-02-14 00:00:00,649.0,186.0,1220.7
1995-02-15 00:00:00,251.0,189.0,823.88
1995-02-16 00:00:00,222.0,178.0,542.79
1995-02-17 00:00:00,154.0,138.0,424.5
1995-02-18 00:00:00,61.0,48.0,219.75
1995-02-19 00:00:00,45.0,63.0,158.77
1995-02-20 00:00:00,171.0,131.0,253.68
1995-02-21 00:00:00,220.0,156.0,447.07
1995-02-22 00:00:00,282.0,183.0,518.05
1995-02-23 00:00:00,194.0,139.0,430.9
1995-02-24 00:00:00,262.0,130.0,466.85
1995-02-25 00:00:00,52.0,114.0,292.55
1995-02-26 00:00:00,51.0,44.0,128.1
1995-02-27 00:00:00,325.0,0.0,168.98
1995-02-28 00:00:00,259.0,0.0,253.68
1995-03-01 00:00:00,226.0,102.0,348.37
1995-03-02 00:00:00,200.0,148.0,390.14
1995-03-03 00:00:00,224.0,168.0,381.0
1995-03-04 00:00:00,84.0,70.0,271.5
1995-03-05 00:00:00,70.0,3.0,100.77
1995-03-06 00:00:00,70.0,86.0,137.35
1995-03-07 00:00:00,96.0,51.0,126.28
1995-03-08 00:00:00,91.0,6.0,119.15
1995-03-09 00:00:00,73.0,44.0,105.46
1995-03-10 00:00:00,121.0,61.0,112.2
1995-03-11 00:00:00,53.0,6.0,129.92
1995-03-12 00:00:00,29.0,0.0,56.22
1995-03-13 00:00:00,46.0,0.0,51.23
1995-03-14 00:00:00,40.0,0.0,54.94
1995-03-15 00:00:00,75.0,0.0,53.69
1995-03-16 00:00:00,52.0,29.0,98.9
1995-03-17 00:00:00,40.0,0.0,69.88
1995-03-18 00:00:00,0.0,0.0,44.26
1995-03-19 00:00:00,0.0,0.0,38.9
1995-03-20 00:00:00,74.0,0.0,21.37
1995-03-21 00:00:00,119.0,28.0,113.92
1995-03-22 00:00:00,119.0,30.0,154.76
1995-03-23 00:00:00,78.0,42.0,156.76
1995-03-24 00:00:00,107.0,45.0,112.2
1995-03-25 00:00:00,33.0,0.0,91.99
1995-03-26 00:00:00,11.0,0.0,36.87
1995-03-27 00:00:00,116.0,49.0,95.45
1995-03-28 00:00:00,80.0,47.0,139.24
1995-03-29 00:00:00,97.0,51.0,105.46
1995-03-30 00:00:00,105.0,35.0,129.92
1995-03-31 00:00:00,117.0,4.0,124.48
1995-04-01 00:00:00,53.0,0.0,77.37
1995-04-02 00:00:00,32.0,0.0,52.45
1995-04-03 00:00:00,116.0,21.0,91.99
1995-04-04 00:00:00,72.0,13.0,102.58
1995-04-05 00:00:00,105.0,16.0,102.16
1995-04-06 00:00:00,56.0,45.0,100.52
1995-04-07 00:00:00,78.0,43.0,107.12
1995-04-08 00:00:00,0.0,0.0,60.13
1995-04-09 00:00:00,5.0,0.0,17.27
1995-04-10 00:00:00,104.0,81.0,26.82
1995-04-11 00:00:00,110.0,75.0,177.36
1995-04-12 00:00:00,79.0,85.0,168.98
1995-04-13 00:00:00,57.0,79.0,137.35
1995-04-14 00:00:00,18.0,4.0,32.07
1995-04-15 00:00:00,21.0,18.0,33.94
1995-04-16 00:00:00,20.0,0.0,25.19
1995-04-17 00:00:00,51.0,47.0,67.01
1995-04-18 00:00:00,60.0,9.0,45.38
1995-04-19 00:00:00,123.0,4.0,91.99
1995-04-20 00:00:00,148.0,4.0,152.78
1995-04-21 00:00:00,111.0,4.0,100.77
1995-04-22 00:00:00,117.0,4.0,110.5
1995-04-23 00:00:00,86.0,4.0,82.08
1995-04-24 00:00:00,117.0,4.0,85.31
1995-04-25 00:00:00,173.0,4.0,112.2
1995-04-26 00:00:00,200.0,4.0,253.68
1995-04-27 00:00:00,8.0,0.0,33.0
1995-04-28 00:00:00,0.0,8.0,31.15
1995-04-29 00:00:00,0.0,0.0,19.26
1995-04-30 00:00:00,0.0,0.0,17.27
1995-05-01 00:00:00,0.0,0.0,16.02
1995-05-02 00:00:00,17.0,0.0,14.82
1995-05-03 00:00:00,3.0,3.0,14.24
1995-05-04 00:00:00,56.0,0.0,14.24
1995-05-05 00:00:00,82.0,0.0,48.84
1995-05-06 00:00:00,35.0,4.0,82.08
1995-05-07 00:00:00,13.0,4.0,45.38
1995-05-08 00:00:00,108.0,4.0,43.16
1995-05-09 00:00:00,122.0,3.0,113.92
1995-05-10 00:00:00,117.0,14.0,113.92
1995-05-11 00:00:00,50.0,4.0,100.77
1995-05-12 00:00:00,52.0,4.0,54.94
1995-05-13 00:00:00,45.0,4.0,35.88
1995-05-14 00:00:00,52.0,4.0,45.38
1995-05-15 00:00:00,120.0,4.0,56.22
1995-05-16 00:00:00,150.0,4.0,141.14
1995-05-17 00:00:00,99.0,16.0,135.48
1995-05-18 00:00:00,168.0,4.0,112.2
1995-05-19 00:00:00,108.0,4.0,143.05
1995-05-20 00:00:00,18.0,9.0,57.5
1995-05-21 00:00:00,29.0,4.0,17.27
1995-05-22 00:00:00,24.0,4.0,48.84
1995-05-23 00:00:00,77.0,4.0,26.82
1995-05-24 00:00:00,55.0,4.0,69.88
1995-05-25 00:00:00,91.0,5.0,54.94
1995-05-26 00:00:00,112.0,4.0,91.99
1995-05-27 00:00:00,37.0,4.0,28.51
1995-05-28 00:00:00,74.0,4.0,42.07
1995-05-29 00:00:00,150.0,4.0,95.7
1995-05-30 00:00:00,97.0,4.0,124.48
1995-05-31 00:00:00,97.0,5.0,98.97
1995-06-01 00:00:00,65.0,4.0,82.08
1995-06-02 00:00:00,105.0,9.0,62.83
1995-06-03 00:00:00,12.0,4.0,61.47
1995-06-04 00:00:00,17.0,4.0,20.65
1995-06-05 00:00:00,105.0,5.0,54.94
1995-06-06 00:00:00,93.0,5.0,97.2
1995-06-07 00:00:00,160.0,5.0,88.62
1995-06-08 00:00:00,64.0,13.0,119.15
1995-06-09 00:00:00,52.0,24.0,78.92
1995-06-10 00:00:00,28.0,4.0,28.51
1995-06-11 00:00:00,23.0,39.0,47.67
1995-06-12 00:00:00,65.0,0.0,68.43
1995-06-13 00:00:00,67.0,6.0,41.0
1995-06-14 00:00:00,122.0,4.0,72.82
1995-06-15 00:00:00,88.0,4.0,56.22
1995-06-16 00:00:00,97.0,4.0,117.39
1995-06-17 00:00:00,58.0,12.0,51.23
1995-06-18 00:00:00,27.0,5.0,56.22
1995-06-19 00:00:00,153.0,15.0,65.6
1995-06-20 00:00:00,93.0,40.0,158.77
1995-06-21 00:00:00,100.0,28.0,91.99
1995-06-22 00:00:00,74.0,45.0,113.92
1995-06-23 00:00:00,145.0,47.0,107.12
1995-06-24 00:00:00,94.0,11.0,102.16
1995-06-25 00:00:00,6.0,4.0,67.01
1995-06-26 00:00:00,27.0,49.0,41.0
1995-06-27 00:00:00,79.0,30.0,68.43
1995-06-28 00:00:00,147.0,13.0,91.99
1995-06-29 00:00:00,103.0,18.0,112.2
1995-06-30 00:00:00,137.0,5.0,107.12
1995-07-01 00:00:00,14.0,0.0,61.47
1995-07-02 00:00:00,70.0,4.0,33.0
1995-07-03 00:00:00,60.0,18.0,94.12
1995-07-04 00:00:00,105.0,48.0,107.12
1995-07-05 00:00:00,144.0,62.0,122.69
1995-07-06 00:00:00,98.0,5.0,122.69
1995-07-07 00:00:00,160.0,20.0,97.3
1995-07-08 00:00:00,19.0,22.0,98.9
1995-07-09 00:00:00,19.0,22.0,42.07
1995-07-10 00:00:00,90.0,15.0,52.45
1995-07-11 00:00:00,83.0,18.0,102.58
1995-07-12 00:00:00,56.0,46.0,62.83
1995-07-13 00:00:00,127.0,15.0,71.34
1995-07-14 00:00:00,67.0,8.0,102.16
1995-07-15 00:00:00,36.0,15.0,33.0
1995-07-16 00:00:00,0.0,5.0,35.88
1995-07-17 00:00:00,84.0,4.0,36.87
1995-07-18 00:00:00,93.0,4.0,67.01
1995-07-19 00:00:00,173.0,13.0,98.97
1995-07-20 00:00:00,128.0,4.0,128.1
1995-07-21 00:00:00,165.0,4.0,117.39
1995-07-22 00:00:00,0.0,4.0,91.99
1995-07-23 00:00:00,0.0,0.0,14.24
1995-07-24 00:00:00,86.0,75.0,39.94
1995-07-25 00:00:00,34.0,34.0,98.97
1995-07-26 00:00:00,9.0,0.0,43.16
1995-07-27 00:00:00,46.0,4.0,19.95
1995-07-28 00:00:00,85.0,8.0,29.37
1995-07-29 00:00:00,26.0,0.0,45.38
1995-07-30 00:00:00,25.0,4.0,21.37
1995-07-31 00:00:00,69.0,6.0,48.84
1995-08-01 00:00:00,115.0,0.0,119.15
1995-08-02 00:00:00,97.0,4.0,166.91
1995-08-03 00:00:00,101.0,18.0,90.3
1995-08-04 00:00:00,39.0,48.0,78.92
1995-08-05 00:00:00,56.0,62.0,25.99
1995-08-06 00:00:00,25.0,5.0,18.58
1995-08-07 00:00:00,63.0,20.0,54.94
1995-08-08 00:00:00,73.0,22.0,75.84
1995-08-09 00:00:00,36.0,22.0,103.8
1995-08-10 00:00:00,74.0,15.0,95.7
1995-08-11 00:00:00,77.0,18.0,72.82
1995-08-12 00:00:00,58.0,46.0,33.94
1995-08-13 00:00:00,64.0,15.0,57.5
1995-08-14 00:00:00,49.0,8.0,98.97
1995-08-15 00:00:00,6.0,15.0,44.26
1995-08-16 00:00:00,46.0,5.0,33.94
1995-08-17 00:00:00,37.0,4.0,41.0
1995-08-18 00:00:00,68.0,4.0,32.07
1995-08-19 00:00:00,59.0,13.0,27.65
1995-08-20 00:00:00,44.0,4.0,43.16
1995-08-21 00:00:00,76.0,4.0,78.92
1995-08-22 00:00:00,40.0,4.0,64.2
1995-08-23 00:00:00,55.0,0.0,50.03
1995-08-24 00:00:00,53.0,75.0,50.03
1995-08-25 00:00:00,53.0,34.0,58.81
1995-08-26 00:00:00,79.0,0.0,27.65
1995-08-27 00:00:00,89.0,4.0,24.39
1995-08-28 00:00:00,41.0,8.0,94.12
1995-08-29 00:00:00,46.0,0.0,43.16
1995-08-30 00:00:00,62.0,4.0,39.94
1995-08-31 00:00:00,80.0,6.0,45.38
1995-09-01 00:00:00,111.0,4.0,82.08
1995-09-02 00:00:00,5.0,4.0,44.26
1995-09-03 00:00:00,61.0,4.0,16.64
1995-09-04 00:00:00,58.0,26.0,102.58
1995-09-05 00:00:00,55.0,12.0,57.5
1995-09-06 00:00:00,31.0,4.0,42.07
1995-09-07 00:00:00,96.0,4.0,34.9
1995-09-08 00:00:00,122.0,4.0,95.45
1995-09-09 00:00:00,57.0,4.0,50.03
1995-09-10 00:00:00,9.0,4.0,47.67
1995-09-11 00:00:00,85.0,4.0,38.9
1995-09-12 00:00:00,81.0,4.0,69.88
1995-09-13 00:00:00,87.0,27.0,83.69
1995-09-14 00:00:00,54.0,47.0,98.97
1995-09-15 00:00:00,58.0,11.0,64.2
1995-09-16 00:00:00,85.0,4.0,54.94
1995-09-17 00:00:00,62.0,4.0,58.81
1995-09-18 00:00:00,42.0,4.0,57.5
1995-09-19 00:00:00,50.0,25.0,43.16
1995-09-20 00:00:00,136.0,5.0,68.43
1995-09-21 00:00:00,61.0,40.0,107.12
1995-09-22 00:00:00,70.0,23.0,91.99
1995-09-23 00:00:00,6.0,6.0,31.15
1995-09-24 00:00:00,8.0,8.0,13.12
1995-09-25 00:00:00,77.0,4.0,26.82
1995-09-26 00:00:00,85.0,4.0,60.13
1995-09-27 00:00:00,96.0,18.0,86.95
1995-09-28 00:00:00,55.0,4.0,91.99
1995-09-29 00:00:00,130.0,4.0,43.16
1995-09-30 00:00:00,35.0,4.0,64.2
1995-10-01 00:00:00,19.0,4.0,74.57
1995-10-02 00:00:00,49.0,17.0,102.71
1995-10-03 00:00:00,18.0,8.0,96.6
1995-10-04 00:00:00,136.0,48.0,76.14
1995-10-05 00:00:00,83.0,4.0,166.16
1995-10-06 00:00:00,88.0,4.0,109.31
1995-10-07 00:00:00,42.0,54.0,135.2
1995-10-08 00:00:00,22.0,54.0,91.6
1995-10-09 00:00:00,54.0,37.0,127.11
1995-10-10 00:00:00,85.0,58.0,121.96
1995-10-11 00:00:00,75.0,48.0,161.98
1995-10-12 00:00:00,4.0,19.0,117.88
1995-10-13 00:00:00,39.0,25.0,48.21
1995-10-14 00:00:00,35.0,4.0,73.23
1995-10-15 00:00:00,16.0,4.0,122.55
1995-10-16 00:00:00,82.0,22.0,174.86
1995-10-17 00:00:00,62.0,4.0,115.72
1995-10-18 00:00:00,50.0,4.0,68.21
1995-10-19 00:00:00,57.0,63.0,120.96
1995-10-20 00:00:00,31.0,77.0,170.11
1995-10-21 00:00:00,14.0,16.0,67.61
1995-10-22 00:00:00,0.0,4.0,33.07
1995-10-23 00:00:00,22.0,49.0,51.35
1995-10-24 00:00:00,28.0,60.0,107.24
1995-10-25 00:00:00,42.0,54.0,104.94
1995-10-26 00:00:00,23.0,96.0,142.51
1995-10-27 00:00:00,0.0,30.0,111.11
1995-10-28 00:00:00,11.0,4.0,36.57
1995-10-29 00:00:00,17.0,24.0,24.73
1995-10-30 00:00:00,3.0,88.0,93.49
1995-10-31 00:00:00,11.0,54.0,97.93
1995-11-01 00:00:00,7.0,4.0,29.48
1995-11-02 00:00:00,28.0,27.0,40.12
1995-11-03 00:00:00,25.0,67.0,92.69
1995-11-04 00:00:00,0.0,4.0,55.24
1995-11-05 00:00:00,0.0,4.0,22.75
1995-11-06 00:00:00,29.0,17.0,33.15
1995-11-07 00:00:00,14.0,59.0,89.07
1995-11-08 00:00:00,23.0,56.0,84.08
1995-11-09 00:00:00,9.0,44.0,106.12
1995-11-10 00:00:00,0.0,54.0,70.76
1995-11-11 00:00:00,11.0,4.0,79.3
1995-11-12 00:00:00,6.0,4.0,26.68
1995-11-13 00:00:00,28.0,4.0,41.45
1995-11-14 00:00:00,22.0,4.0,56.77
1995-11-15 00:00:00,11.0,33.0,89.14
1995-11-16 00:00:00,23.0,9.0,74.29
1995-11-17 00:00:00,0.0,23.0,114.81
1995-11-18 00:00:00,33.0,4.0,64.98
1995-11-19 00:00:00,22.0,4.0,85.55
1995-11-20 00:00:00,0.0,4.0,67.96
1995-11-21 00:00:00,19.0,4.0,79.72
1995-11-22 00:00:00,72.0,21.0,116.12
1995-11-23 00:00:00,3.0,14.0,13.11
1995-11-24 00:00:00,33.0,40.0,69.13
1995-11-25 00:00:00,11.0,30.0,46.55
1995-11-26 00:00:00,34.0,4.0,35.01
1995-11-27 00:00:00,38.0,54.0,102.19
1995-11-28 00:00:00,11.0,85.0,142.19
1995-11-29 00:00:00,41.0,138.0,174.38
1995-11-30 00:00:00,59.0,26.0,200.64
1995-12-01 00:00:00,0.0,39.0,143.61
1995-12-02 00:00:00,20.0,26.0,69.36
1995-12-03 00:00:00,27.0,0.0,49.99
1995-12-04 00:00:00,11.0,10.0,85.84
1995-12-05 00:00:00,26.0,85.0,133.68
1995-12-06 00:00:00,39.0,78.0,136.9
1995-12-07 00:00:00,72.0,40.0,174.41
1995-12-08 00:00:00,0.0,29.0,176.97
1995-12-09 00:00:00,114.0,8.0,115.12
1995-12-10 00:00:00,0.0,8.0,190.25
1995-12-11 00:00:00,52.0,0.0,145.87
1995-12-12 00:00:00,41.0,0.0,133.85
1995-12-13 00:00:00,33.0,0.0,120.9
1995-12-14 00:00:00,33.0,10.0,133.48
1995-12-15 00:00:00,120.0,0.0,112.61
1995-12-16 00:00:00,24.0,63.0,164.35
1995-12-17 00:00:00,19.0,3.0,73.01
1995-12-18 00:00:00,32.0,60.0,94.37
1995-12-19 00:00:00,10.0,81.0,221.29
1995-12-20 00:00:00,20.0,97.0,197.83
1995-12-21 00:00:00,27.0,114.0,189.39
1995-12-22 00:00:00,40.0,22.0,176.91
1995-12-23 00:00:00,348.0,0.0,273.35
1995-12-24 00:00:00,75.0,0.0,482.7
1995-12-25 00:00:00,372.0,156.0,484.44
1995-12-26 00:00:00,742.0,129.0,1811.13
1995-12-27 00:00:00,1136.0,129.0,1383.92
1995-12-28 00:00:00,1109.0,96.0,1849.39
1995-12-29 00:00:00,1109.0,127.0,1838.35
1995-12-30 00:00:00,1466.0,153.0,2601.83
1995-12-31 00:00:00,1509.0,151.0,2488.99
1996-01-01 00:00:00,1897.0,445.0,3636.76
1996-01-02 00:00:00,1160.0,454.0,2489.92
1996-01-03 00:00:00,1133.0,374.0,1990.71
1996-01-04 00:00:00,1307.0,556.0,2398.51
1996-01-05 00:00:00,1502.0,1047.0,3164.3
1996-01-06 00:00:00,1542.0,1089.0,3269.59
1996-01-07 00:00:00,1514.0,1089.0,3276.95
1996-01-08 00:00:00,1824.0,1153.0,3264.42
1996-01-09 00:00:00,3570.0,1506.0,5685.71
1996-01-10 00:00:00,1567.0,1485.0,3512.75
1996-01-11 00:00:00,1512.0,1306.0,3109.27
1996-01-12 00:00:00,1756.0,884.0,3289.57
1996-01-13 00:00:00,1439.0,745.0,2743.16
1996-01-14 00:00:00,2110.0,521.0,2801.06
1996-01-15 00:00:00,3163.0,504.0,4292.37
1996-01-16 00:00:00,1873.0,592.0,3242.0
1996-01-17 00:00:00,1588.0,468.0,2563.47
1996-01-18 00:00:00,1555.0,438.0,2380.5
1996-01-19 00:00:00,1122.0,192.0,1795.05
1996-01-20 00:00:00,1531.0,305.0,2238.79
1996-01-21 00:00:00,2886.0,548.0,3645.0
1996-01-22 00:00:00,4361.0,822.0,5487.53
1996-01-23 00:00:00,3856.0,927.0,5022.83
1996-01-24 00:00:00,4313.0,988.0,5728.45
1996-01-25 00:00:00,2677.0,827.0,4333.78
1996-01-26 00:00:00,2016.0,793.0,2991.14
1996-01-27 00:00:00,2104.0,548.0,3296.27
1996-01-28 00:00:00,3687.0,921.0,4508.9
1996-01-29 00:00:00,4183.0,1147.0,5565.35
1996-01-30 00:00:00,2967.0,672.0,4400.35
1996-01-31 00:00:00,1567.0,435.0,2583.11
1996-02-01 00:00:00,1690.0,449.0,2722.55
1996-02-02 00:00:00,2381.0,493.0,3296.87
1996-02-03 00:00:00,1501.0,473.0,2427.49
1996-02-04 00:00:00,1332.0,371.0,2126.05
1996-02-05 00:00:00,1292.0,193.0,1944.1
1996-02-06 00:00:00,1464.0,379.0,2323.97
1996-02-07 00:00:00,1540.0,588.0,2548.84
1996-02-08 00:00:00,1443.0,585.0,2414.54
1996-02-09 00:00:00,1247.0,397.0,2038.67
1996-02-10 00:00:00,1209.0,264.0,1887.04
1996-02-11 00:00:00,1190.0,243.0,1821.02
1996-02-12 00:00:00,1331.0,212.0,1965.91
1996-02-13 00:00:00,1030.0,193.0,1587.38
1996-02-14 00:00:00,1294.0,193.0,1879.61
1996-02-15 00:00:00,1200.0,193.0,1722.27
1996-02-16 00:00:00,1318.0,193.0,1810.74
1996-02-17 00:00:00,779.0,193.0,1459.28
1996-02-18 00:00:00,726.0,193.0,1236.72
1996-02-19 00:00:00,833.0,193.0,1253.5
1996-02-20 00:00:00,883.0,193.0,1336.99
1996-02-21 00:00:00,921.0,193.0,1434.66
1996-02-22 00:00:00,769.0,193.0,1374.45
1996-02-23 00:00:00,747.0,193.0,1199.05
1996-02-24 00:00:00,562.0,193.0,1129.34
1996-02-25 00:00:00,369.0,193.0,736.4
1996-02-26 00:00:00,657.0,195.0,919.58
1996-02-27 00:00:00,612.0,195.0,1125.63
1996-02-28 00:00:00,536.0,199.0,990.43
1996-02-29 00:00:00,411.0,199.0,743.13
1996-03-01 00:00:00,402.0,193.0,703.25
1996-03-02 00:00:00,257.0,151.0,529.6
1996-03-03 00:00:00,150.0,198.0,483.34
1996-03-04 00:00:00,436.0,198.0,553.48
1996-03-05 00:00:00,471.0,201.0,778.37
1996-03-06 00:00:00,405.0,201.0,718.77
1996-03-07 00:00:00,468.0,201.0,746.3
1996-03-08 00:00:00,612.0,201.0,1006.79
1996-03-09 00:00:00,197.0,172.0,657.67
1996-03-10 00:00:00,125.0,106.0,305.26
1996-03-11 00:00:00,348.0,93.0,464.13
1996-03-12 00:00:00,285.0,82.0,420.72
1996-03-13 00:00:00,401.0,87.0,473.69
1996-03-14 00:00:00,455.0,9.0,496.35
1996-03-15 00:00:00,387.0,3.0,464.13
1996-03-16 00:00:00,70.0,23.0,353.8
1996-03-17 00:00:00,24.0,0.0,152.76
1996-03-18 00:00:00,79.0,23.0,178.08
1996-03-19 00:00:00,38.0,59.0,225.09
1996-03-20 00:00:00,95.0,114.0,245.82
1996-03-21 00:00:00,74.0,66.0,231.91
1996-03-22 00:00:00,84.0,87.0,207.4
1996-03-23 00:00:00,13.0,53.0,194.58
1996-03-24 00:00:00,17.0,23.0,119.05
1996-03-25 00:00:00,176.0,104.0,209.57
1996-03-26 00:00:00,91.0,104.0,331.81
1996-03-27 00:00:00,92.0,143.0,307.87
1996-03-28 00:00:00,118.0,136.0,318.4
1996-03-29 00:00:00,114.0,118.0,321.06
1996-03-30 00:00:00,29.0,0.0,168.13
1996-03-31 00:00:00,0.0,113.0,170.1
1996-04-01 00:00:00,432.0,90.0,400.38
1996-04-02 00:00:00,399.0,105.0,625.16
1996-04-03 00:00:00,480.0,159.0,730.74
1996-04-04 00:00:00,242.0,153.0,619.8
1996-04-05 00:00:00,174.0,123.0,427.49
1996-04-06 00:00:00,127.0,160.0,377.46
1996-04-07 00:00:00,165.0,56.0,263.05
1996-04-08 00:00:00,340.0,120.0,479.62
1996-04-09 00:00:00,471.0,115.0,701.68
1996-04-10 00:00:00,321.0,91.0,560.41
1996-04-11 00:00:00,263.0,99.0,401.71
1996-04-12 00:00:00,260.0,106.0,474.96
1996-04-13 00:00:00,64.0,2.0,233.01
1996-04-14 00:00:00,36.0,4.0,116.87
1996-04-15 00:00:00,225.0,86.0,234.96
1996-04-16 00:00:00,377.0,89.0,439.37
1996-04-17 00:00:00,466.0,50.0,577.41
1996-04-18 00:00:00,293.0,92.0,577.43
1996-04-19 00:00:00,240.0,47.0,319.77
1996-04-20 00:00:00,30.0,0.0,198.76
1996-04-21 00:00:00,68.0,0.0,90.67
1996-04-22 00:00:00,39.0,13.0,136.09
1996-04-23 00:00:00,32.0,0.0,80.88
1996-04-24 00:00:00,77.0,0.0,78.32
1996-04-25 00:00:00,76.0,0.0,116.75
1996-04-26 00:00:00,179.0,28.0,198.36
1996-04-27 00:00:00,45.0,0.0,149.71
1996-04-28 00:00:00,79.0,18.0,108.97
1996-04-29 00:00:00,177.0,2.0,146.81
1996-04-30 00:00:00,255.0,0.0,284.9
1996-05-01 00:00:00,131.0,0.0,187.79
1996-05-02 00:00:00,279.0,14.0,289.87
1996-05-03 00:00:00,228.0,21.0,305.31
1996-05-04 00:00:00,78.0,5.0,193.41
1996-05-05 00:00:00,101.0,0.0,91.7
1996-05-06 00:00:00,279.0,22.0,233.59
1996-05-07 00:00:00,255.0,101.0,465.33
1996-05-08 00:00:00,464.0,75.0,578.17
1996-05-09 00:00:00,465.0,81.0,618.45
1996-05-10 00:00:00,284.0,126.0,614.5
1996-05-11 00:00:00,222.0,22.0,341.47
1996-05-12 00:00:00,187.0,0.0,282.8
1996-05-13 00:00:00,354.0,67.0,397.63
1996-05-14 00:00:00,357.0,21.0,448.68
1996-05-15 00:00:00,294.0,78.0,489.53
1996-05-16 00:00:00,390.0,134.0,589.88
1996-05-17 00:00:00,434.0,113.0,726.99
1996-05-18 00:00:00,871.0,117.0,1128.56
1996-05-19 00:00:00,550.0,150.0,1216.34
1996-05-20 00:00:00,408.0,142.0,802.51
1996-05-21 00:00:00,450.0,105.0,709.1
1996-05-22 00:00:00,545.0,105.0,812.91
1996-05-23 00:00:00,588.0,123.0,876.87
1996-05-24 00:00:00,531.0,108.0,826.64
1996-05-25 00:00:00,211.0,66.0,541.46
1996-05-26 00:00:00,97.0,25.0,284.75
1996-05-27 00:00:00,303.0,123.0,383.97
1996-05-28 00:00:00,387.0,158.0,608.55
1996-05-29 00:00:00,354.0,111.0,578.48
1996-05-30 00:00:00,333.0,112.0,467.04
1996-05-31 00:00:00,267.0,103.0,404.0
1996-06-01 00:00:00,10.0,105.0,317.69
1996-06-02 00:00:00,6.0,13.0,87.06
1996-06-03 00:00:00,55.0,129.0,157.31
1996-06-04 00:00:00,110.0,135.0,228.89
1996-06-05 00:00:00,89.0,145.0,290.7
1996-06-06 00:00:00,25.0,22.0,151.41
1996-06-07 00:00:00,154.0,88.0,134.26
1996-06-08 00:00:00,137.0,93.0,215.62
1996-06-09 00:00:00,42.0,0.0,154.17
1996-06-10 00:00:00,122.0,0.0,125.1
1996-06-11 00:00:00,182.0,102.0,224.88
1996-06-12 00:00:00,221.0,112.0,311.17
1996-06-13 00:00:00,263.0,118.0,325.01
1996-06-14 00:00:00,374.0,147.0,495.54
1996-06-15 00:00:00,52.0,4.0,333.77
1996-06-16 00:00:00,20.0,4.0,72.46
1996-06-17 00:00:00,103.0,17.0,86.47
1996-06-18 00:00:00,68.0,54.0,129.39
1996-06-19 00:00:00,30.0,29.0,133.36
1996-06-20 00:00:00,29.0,38.0,94.47
1996-06-21 00:00:00,35.0,4.0,55.54
1996-06-22 00:00:00,65.0,13.0,59.78
1996-06-23 00:00:00,64.0,14.0,88.61
1996-06-24 00:00:00,53.0,15.0,86.54
1996-06-25 00:00:00,63.0,60.0,95.93
1996-06-26 00:00:00,57.0,54.0,139.35
1996-06-27 00:00:00,42.0,61.0,120.51
1996-06-28 00:00:00,177.0,64.0,150.09
1996-06-29 00:00:00,52.0,6.0,209.97
1996-06-30 00:00:00,62.0,4.0,80.73
1996-07-01 00:00:00,79.0,47.0,149.28
1996-07-02 00:00:00,109.0,76.0,152.6
1996-07-03 00:00:00,49.0,76.0,167.37
1996-07-04 00:00:00,93.0,70.0,149.03
1996-07-05 00:00:00,66.0,76.0,164.8
1996-07-06 00:00:00,11.0,4.0,90.83
1996-07-07 00:00:00,23.0,4.0,64.83
1996-07-08 00:00:00,56.0,31.0,68.88
1996-07-09 00:00:00,132.0,74.0,139.5
1996-07-10 00:00:00,85.0,69.0,150.71
1996-07-11 00:00:00,100.0,78.0,175.49
1996-07-12 00:00:00,108.0,81.0,209.34
1996-07-13 00:00:00,15.0,91.0,164.44
1996-07-14 00:00:00,0.0,58.0,83.22
1996-07-15 00:00:00,429.0,51.0,246.03
1996-07-16 00:00:00,439.0,29.0,529.93
1996-07-17 00:00:00,221.0,32.0,416.62
1996-07-18 00:00:00,151.0,24.0,300.62
1996-07-19 00:00:00,89.0,75.0,182.83
1996-07-20 00:00:00,63.0,5.0,98.77
1996-07-21 00:00:00,23.0,4.0,73.16
1996-07-22 00:00:00,147.0,64.0,115.02
1996-07-23 00:00:00,202.0,73.0,234.75
1996-07-24 00:00:00,264.0,66.0,338.56
1996-07-25 00:00:00,139.0,62.0,272.33
1996-07-26 00:00:00,123.0,63.0,203.15
1996-07-27 00:00:00,37.0,8.0,156.91
1996-07-28 00:00:00,0.0,7.0,52.53
1996-07-29 00:00:00,150.0,56.0,88.45
1996-07-30 00:00:00,176.0,48.0,235.54
1996-07-31 00:00:00,152.0,53.0,251.92
1996-08-01 00:00:00,162.0,14.0,244.21
1996-08-02 00:00:00,74.0,7.0,145.34
1996-08-03 00:00:00,24.0,4.0,93.37
1996-08-04 00:00:00,4.0,4.0,40.28
1996-08-05 00:00:00,82.0,44.0,103.13
1996-08-06 00:00:00,35.0,37.0,103.41
1996-08-07 00:00:00,54.0,31.0,109.05
1996-08-08 00:00:00,95.0,9.0,117.8
1996-08-09 00:00:00,33.0,8.0,103.21
1996-08-10 00:00:00,22.0,4.0,51.73
1996-08-11 00:00:00,54.0,4.0,40.19
1996-08-12 00:00:00,46.0,5.0,71.44
1996-08-13 00:00:00,21.0,5.0,53.15
1996-08-14 00:00:00,98.0,4.0,66.44
1996-08-15 00:00:00,19.0,4.0,83.92
1996-08-16 00:00:00,90.0,54.0,75.52
1996-08-17 00:00:00,11.0,50.0,155.45
1996-08-18 00:00:00,38.0,22.0,63.96
1996-08-19 00:00:00,117.0,6.0,63.91
1996-08-20 00:00:00,3.0,22.0,126.27
1996-08-21 00:00:00,42.0,9.0,47.95
1996-08-22 00:00:00,94.0,34.0,113.02
1996-08-23 00:00:00,96.0,17.0,153.17
1996-08-24 00:00:00,34.0,8.0,138.04
1996-08-25 00:00:00,23.0,16.0,57.47
1996-08-26 00:00:00,111.0,0.0,67.25
1996-08-27 00:00:00,109.0,6.0,161.99
1996-08-28 00:00:00,246.0,4.0,202.67
1996-08-29 00:00:00,136.0,4.0,231.43
1996-08-30 00:00:00,98.0,4.0,169.38
1996-08-31 00:00:00,81.0,4.0,106.85
1996-09-01 00:00:00,33.0,4.0,80.63
1996-09-02 00:00:00,257.0,43.0,135.31
1996-09-03 00:00:00,354.0,33.0,385.56
1996-09-04 00:00:00,426.0,16.0,479.99
1996-09-05 00:00:00,351.0,38.0,434.99
1996-09-06 00:00:00,403.0,21.0,462.76
1996-09-07 00:00:00,221.0,4.0,310.41
1996-09-08 00:00:00,194.0,6.0,219.44
1996-09-09 00:00:00,311.0,53.0,318.24
1996-09-10 00:00:00,317.0,4.0,354.77
1996-09-11 00:00:00,281.0,11.0,362.93
1996-09-12 00:00:00,330.0,45.0,321.73
1996-09-13 00:00:00,456.0,30.0,531.59
1996-09-14 00:00:00,150.0,4.0,450.77
1996-09-15 00:00:00,237.0,4.0,214.33
1996-09-16 00:00:00,279.0,31.0,301.54
1996-09-17 00:00:00,372.0,51.0,489.79
1996-09-18 00:00:00,336.0,31.0,471.59
1996-09-19 00:00:00,354.0,30.0,436.73
1996-09-20 00:00:00,294.0,31.0,467.46
1996-09-21 00:00:00,183.0,5.0,296.89
1996-09-22 00:00:00,198.0,4.0,206.27
1996-09-23 00:00:00,252.0,39.0,297.32
1996-09-24 00:00:00,201.0,24.0,240.17
1996-09-25 00:00:00,358.0,47.0,305.69
1996-09-26 00:00:00,378.0,76.0,448.37
1996-09-27 00:00:00,417.0,81.0,476.44
1996-09-28 00:00:00,304.0,77.0,503.74
1996-09-29 00:00:00,146.0,26.0,230.17
1996-09-30 00:00:00,512.0,62.0,375.19
1996-10-01 00:00:00,142.0,77.0,210.5
1996-10-02 00:00:00,170.0,4.0,128.3
1996-10-03 00:00:00,175.0,60.0,184.4
1996-10-04 00:00:00,226.0,4.0,293.1
1996-10-05 00:00:00,258.0,4.0,295.8
1996-10-06 00:00:00,123.0,0.0,87.76
1996-10-07 00:00:00,267.0,68.0,497.2
1996-10-08 00:00:00,145.0,75.0,325.4
1996-10-09 00:00:00,162.0,66.0,257.5
1996-10-10 00:00:00,94.0,62.0,219.5
1996-10-11 00:00:00,132.0,56.0,141.0
1996-10-12 00:00:00,176.0,18.0,81.96
1996-10-13 00:00:00,157.0,5.0,90.74
1996-10-14 00:00:00,417.0,73.0,675.8
1996-10-15 00:00:00,222.0,103.0,322.7
1996-10-16 00:00:00,426.0,19.0,648.7
1996-10-17 00:00:00,437.0,29.0,711.4
1996-10-18 00:00:00,245.0,81.0,416.3
1996-10-19 00:00:00,205.0,5.0,197.2
1996-10-20 00:00:00,183.0,20.0,257.5
1996-10-21 00:00:00,270.0,77.0,524.6
1996-10-22 00:00:00,303.0,54.0,477.2
1996-10-23 00:00:00,245.0,70.0,331.0
1996-10-24 00:00:00,226.0,88.0,353.6
1996-10-25 00:00:00,282.0,95.0,457.5
1996-10-26 00:00:00,237.0,65.0,388.8
1996-10-27 00:00:00,213.0,16.0,242.9
1996-10-28 00:00:00,330.0,88.0,559.8
1996-10-29 00:00:00,423.0,89.0,610.9
1996-10-30 00:00:00,375.0,74.0,614.6
1996-10-31 00:00:00,402.0,76.0,671.9
1996-11-01 00:00:00,241.0,23.0,356.4
1996-11-02 00:00:00,294.0,19.0,233.4
1996-11-03 00:00:00,232.0,23.0,267.5
1996-11-04 00:00:00,285.0,78.0,339.4
1996-11-05 00:00:00,424.0,76.0,470.6
1996-11-06 00:00:00,348.0,4.0,403.9
1996-11-07 00:00:00,182.0,55.0,262.5
1996-11-08 00:00:00,93.0,43.0,150.3
1996-11-09 00:00:00,123.0,0.0,103.1
1996-11-10 00:00:00,56.0,61.0,109.6
1996-11-11 00:00:00,468.0,61.0,257.5
1996-11-12 00:00:00,284.0,65.0,497.2
1996-11-13 00:00:00,159.0,78.0,265.0
1996-11-14 00:00:00,194.0,74.0,199.4
1996-11-15 00:00:00,85.0,65.0,190.8
1996-11-16 00:00:00,84.0,4.0,89.24
1996-11-17 00:00:00,148.0,4.0,104.7
1996-11-18 00:00:00,270.0,4.0,172.0
1996-11-19 00:00:00,268.0,9.0,242.9
1996-11-20 00:00:00,226.0,10.0,247.8
1996-11-21 00:00:00,83.0,4.0,154.2
1996-11-22 00:00:00,50.0,49.0,101.5
1996-11-23 00:00:00,59.0,4.0,86.3
1996-11-24 00:00:00,97.0,4.0,68.29
1996-11-25 00:00:00,87.0,4.0,87.76
1996-11-26 00:00:00,60.0,4.0,80.54
1996-11-27 00:00:00,98.0,4.0,61.9
1996-11-28 00:00:00,59.0,135.0,166.0
1996-11-29 00:00:00,39.0,89.0,141.0
1996-11-30 00:00:00,0.0,5.0,59.43
1996-12-01 00:00:00,0.0,18.0,38.36
1996-12-02 00:00:00,0.0,105.0,83.39
1996-12-03 00:00:00,97.0,111.0,109.6
1996-12-04 00:00:00,132.0,84.0,373.9
1996-12-05 00:00:00,76.0,140.0,178.2
1996-12-06 00:00:00,29.0,144.0,178.2
1996-12-07 00:00:00,0.0,105.0,137.3
1996-12-08 00:00:00,24.0,4.0,33.55
1996-12-09 00:00:00,172.0,46.0,76.35
1996-12-10 00:00:00,136.0,113.0,226.4
1996-12-11 00:00:00,209.0,105.0,201.6
1996-12-12 00:00:00,392.0,37.0,400.9
1996-12-13 00:00:00,525.0,120.0,596.1
1996-12-14 00:00:00,531.0,9.0,789.5
1996-12-15 00:00:00,228.0,48.0,391.8
1996-12-16 00:00:00,299.0,135.0,521.2
1996-12-17 00:00:00,427.0,124.0,581.4
1996-12-18 00:00:00,1497.0,122.0,1564.0
1996-12-19 00:00:00,984.0,190.0,1719.0
1996-12-20 00:00:00,1103.0,193.0,1629.0
1996-12-21 00:00:00,1582.0,311.0,2638.0
1996-12-22 00:00:00,1600.0,493.0,2645.0
1996-12-23 00:00:00,1573.0,493.0,2660.0
1996-12-24 00:00:00,1606.0,494.0,2549.0
1996-12-25 00:00:00,1349.0,449.0,2262.0
1996-12-26 00:00:00,942.0,216.0,1689.0
1996-12-27 00:00:00,1133.0,199.0,1399.0
1996-12-28 00:00:00,1139.0,199.0,1581.0
1996-12-29 00:00:00,1111.0,199.0,1564.0
1996-12-30 00:00:00,822.0,199.0,1405.0
1996-12-31 00:00:00,1023.0,199.0,1393.0
1997-01-01 00:00:00,838.0,199.0,1388.0
1997-01-02 00:00:00,1049.0,199.0,1243.0
1997-01-03 00:00:00,1165.0,199.0,1641.0
1997-01-04 00:00:00,714.0,201.0,1432.0
1997-01-05 00:00:00,735.0,203.0,1161.0
1997-01-06 00:00:00,928.0,203.0,1171.0
1997-01-07 00:00:00,1177.0,203.0,1472.0
1997-01-08 00:00:00,1477.0,189.0,2138.0
1997-01-09 00:00:00,1235.0,202.0,1907.0
1997-01-10 00:00:00,1597.0,199.0,2104.0
1997-01-11 00:00:00,1498.0,199.0,2044.0
1997-01-12 00:00:00,1395.0,199.0,2005.0
1997-01-13 00:00:00,1327.0,199.0,1856.0
1997-01-14 00:00:00,1326.0,199.0,1781.0
1997-01-15 00:00:00,1211.0,199.0,1768.0
1997-01-16 00:00:00,1204.0,199.0,1738.0
1997-01-17 00:00:00,1675.0,203.0,2158.0
1997-01-18 00:00:00,1599.0,343.0,2367.0
1997-01-19 00:00:00,1533.0,393.0,2339.0
1997-01-20 00:00:00,1970.0,443.0,2859.0
1997-01-21 00:00:00,1427.0,401.0,2490.0
1997-01-22 00:00:00,1347.0,245.0,1991.0
1997-01-23 00:00:00,1358.0,199.0,1933.0
1997-01-24 00:00:00,1377.0,199.0,1894.0
1997-01-25 00:00:00,1386.0,199.0,1850.0
1997-01-26 00:00:00,1207.0,199.0,1738.0
1997-01-27 00:00:00,1266.0,199.0,1787.0
1997-01-28 00:00:00,1222.0,199.0,1677.0
1997-01-29 00:00:00,1186.0,189.0,1629.0
1997-01-30 00:00:00,1179.0,201.0,1689.0
1997-01-31 00:00:00,1332.0,203.0,1843.0
1997-02-01 00:00:00,1052.0,200.0,1629.0
1997-02-02 00:00:00,848.0,199.0,1339.0
1997-02-03 00:00:00,912.0,201.0,1350.0
1997-02-04 00:00:00,727.0,203.0,1227.0
1997-02-05 00:00:00,707.0,203.0,1120.0
1997-02-06 00:00:00,690.0,203.0,1091.0
1997-02-07 00:00:00,789.0,203.0,1071.0
1997-02-08 00:00:00,511.0,203.0,938.9
1997-02-09 00:00:00,264.0,203.0,610.9
1997-02-10 00:00:00,363.0,205.0,521.2
1997-02-11 00:00:00,83.0,205.0,435.1
1997-02-12 00:00:00,179.0,205.0,407.0
1997-02-13 00:00:00,194.0,205.0,371.0
1997-02-14 00:00:00,404.0,172.0,574.2
1997-02-15 00:00:00,89.0,193.0,410.1
1997-02-16 00:00:00,130.0,163.0,303.7
1997-02-17 00:00:00,217.0,125.0,356.4
1997-02-18 00:00:00,155.0,141.0,267.5
1997-02-19 00:00:00,151.0,141.0,309.1
1997-02-20 00:00:00,145.0,118.0,311.8
1997-02-21 00:00:00,81.0,132.0,280.2
1997-02-22 00:00:00,181.0,116.0,197.2
1997-02-23 00:00:00,158.0,4.0,184.4
1997-02-24 00:00:00,231.0,98.0,322.7
1997-02-25 00:00:00,98.0,24.0,199.4
1997-02-26 00:00:00,171.0,9.0,135.5
1997-02-27 00:00:00,237.0,4.0,192.9
1997-02-28 00:00:00,270.0,12.0,260.0
1997-03-01 00:00:00,303.0,4.0,275.1
1997-03-02 00:00:00,218.0,4.0,250.2
1997-03-03 00:00:00,324.0,36.0,339.4
1997-03-04 00:00:00,213.0,50.0,215.0
1997-03-05 00:00:00,223.0,109.0,275.1
1997-03-06 00:00:00,188.0,100.0,285.3
1997-03-07 00:00:00,156.0,116.0,277.6
1997-03-08 00:00:00,140.0,9.0,201.6
1997-03-09 00:00:00,154.0,41.0,176.1
1997-03-10 00:00:00,177.0,62.0,224.1
1997-03-11 00:00:00,388.0,75.0,298.4
1997-03-12 00:00:00,291.0,133.0,425.6
1997-03-13 00:00:00,168.0,131.0,290.5
1997-03-14 00:00:00,114.0,119.0,245.3
1997-03-15 00:00:00,142.0,12.0,170.0
1997-03-16 00:00:00,133.0,4.0,212.7
1997-03-17 00:00:00,246.0,97.0,168.0
1997-03-18 00:00:00,170.0,151.0,353.6
1997-03-19 00:00:00,127.0,144.0,270.0
1997-03-20 00:00:00,184.0,141.0,231.1
1997-03-21 00:00:00,139.0,145.0,306.4
1997-03-22 00:00:00,73.0,4.0,117.9
1997-03-23 00:00:00,101.0,4.0,86.3
1997-03-24 00:00:00,240.0,90.0,235.8
1997-03-25 00:00:00,335.0,39.0,322.7
1997-03-26 00:00:00,158.0,4.0,255.1
1997-03-27 00:00:00,213.0,10.0,238.2
1997-03-28 00:00:00,296.0,4.0,180.2
1997-03-29 00:00:00,121.0,14.0,275.1
1997-03-30 00:00:00,192.0,4.0,156.1
1997-03-31 00:00:00,248.0,54.0,250.2
1997-04-01 00:00:00,240.0,4.0,199.4
1997-04-02 00:00:00,267.0,4.0,226.2
1997-04-03 00:00:00,308.0,4.0,322.4
1997-04-04 00:00:00,169.0,4.0,203.6
1997-04-05 00:00:00,210.0,4.0,180.1
1997-04-06 00:00:00,104.0,9.0,161.8
1997-04-07 00:00:00,308.0,4.0,257.3
1997-04-08 00:00:00,288.0,4.0,210.3
1997-04-09 00:00:00,275.0,4.0,254.8
1997-04-10 00:00:00,146.0,4.0,184.3
1997-04-11 00:00:00,144.0,4.0,150.2
1997-04-12 00:00:00,250.0,4.0,190.6
1997-04-13 00:00:00,158.0,4.0,180.1
1997-04-14 00:00:00,171.0,4.0,124.7
1997-04-15 00:00:00,118.0,4.0,165.8
1997-04-16 00:00:00,240.0,4.0,167.8
1997-04-17 00:00:00,150.0,4.0,171.9
1997-04-18 00:00:00,115.0,4.0,175.9
1997-04-19 00:00:00,100.0,12.0,65.64
1997-04-20 00:00:00,185.0,4.0,122.9
1997-04-21 00:00:00,279.0,4.0,287.7
1997-04-22 00:00:00,304.0,0.0,186.4
1997-04-23 00:00:00,65.0,4.0,188.5
1997-04-24 00:00:00,63.0,4.0,73.55
1997-04-25 00:00:00,156.0,8.0,98.29
1997-04-26 00:00:00,77.0,4.0,178.0
1997-04-27 00:00:00,83.0,22.0,68.23
1997-04-28 00:00:00,240.0,4.0,205.8
1997-04-29 00:00:00,275.0,4.0,217.0
1997-04-30 00:00:00,377.0,7.0,259.8
1997-05-01 00:00:00,54.0,7.0,245.3
1997-05-02 00:00:00,216.0,4.0,144.7
1997-05-03 00:00:00,210.0,4.0,130.1
1997-05-04 00:00:00,92.0,4.0,112.9
1997-05-05 00:00:00,288.0,16.0,199.4
1997-05-06 00:00:00,75.0,6.0,152.3
1997-05-07 00:00:00,229.0,4.0,124.8
1997-05-08 00:00:00,171.0,7.0,184.4
1997-05-09 00:00:00,125.0,4.0,146.6
1997-05-10 00:00:00,213.0,4.0,152.3
1997-05-11 00:00:00,100.0,4.0,117.9
1997-05-12 00:00:00,244.0,4.0,139.1
1997-05-13 00:00:00,231.0,4.0,199.4
1997-05-14 00:00:00,145.0,4.0,135.5
1997-05-15 00:00:00,108.0,4.0,101.5
1997-05-16 00:00:00,217.0,4.0,128.3
1997-05-17 00:00:00,67.0,7.0,133.7
1997-05-18 00:00:00,129.0,4.0,107.9
1997-05-19 00:00:00,333.0,5.0,221.8
1997-05-20 00:00:00,171.0,5.0,228.7
1997-05-21 00:00:00,185.0,4.0,158.1
1997-05-22 00:00:00,204.0,4.0,186.5
1997-05-23 00:00:00,106.0,5.0,95.28
1997-05-24 00:00:00,108.0,10.0,98.37
1997-05-25 00:00:00,92.0,4.0,89.24
1997-05-26 00:00:00,213.0,12.0,217.2
1997-05-27 00:00:00,100.0,4.0,103.1
1997-05-28 00:00:00,175.0,6.0,139.1
1997-05-29 00:00:00,179.0,4.0,174.1
1997-05-30 00:00:00,142.0,4.0,148.4
1997-05-31 00:00:00,125.0,4.0,137.3
1997-06-01 00:00:00,29.0,4.0,112.9
1997-06-02 00:00:00,117.0,4.0,80.54
1997-06-03 00:00:00,0.0,0.0,51.16
1997-06-04 00:00:00,50.0,4.0,48.9
1997-06-05 00:00:00,0.0,33.0,69.6
1997-06-06 00:00:00,117.0,70.0,137.3
1997-06-07 00:00:00,104.0,7.0,170.0
1997-06-08 00:00:00,25.0,4.0,74.98
1997-06-09 00:00:00,142.0,4.0,158.1
1997-06-10 00:00:00,129.0,4.0,104.7
1997-06-11 00:00:00,131.0,73.0,152.3
1997-06-12 00:00:00,113.0,57.0,170.0
1997-06-13 00:00:00,325.0,4.0,231.1
1997-06-14 00:00:00,0.0,4.0,150.3
1997-06-15 00:00:00,63.0,4.0,54.63
1997-06-16 00:00:00,223.0,4.0,119.6
1997-06-17 00:00:00,146.0,27.0,154.2
1997-06-18 00:00:00,150.0,75.0,146.6
1997-06-19 00:00:00,0.0,74.0,93.76
1997-06-20 00:00:00,88.0,73.0,104.7
1997-06-21 00:00:00,100.0,12.0,106.3
1997-06-22 00:00:00,100.0,5.0,83.39
1997-06-23 00:00:00,133.0,4.0,58.21
1997-06-24 00:00:00,100.0,4.0,107.9
1997-06-25 00:00:00,58.0,4.0,45.61
1997-06-26 00:00:00,117.0,5.0,79.13
1997-06-27 00:00:00,117.0,15.0,109.6
1997-06-28 00:00:00,104.0,4.0,84.84
1997-06-29 00:00:00,100.0,4.0,69.6
1997-06-30 00:00:00,120.0,5.0,123.0
1997-07-01 00:00:00,67.0,4.0,70.93
1997-07-02 00:00:00,156.0,45.0,123.0
1997-07-03 00:00:00,204.0,20.0,126.5
1997-07-04 00:00:00,25.0,22.0,106.3
1997-07-05 00:00:00,63.0,24.0,34.49
1997-07-06 00:00:00,25.0,5.0,52.3
1997-07-07 00:00:00,59.0,125.0,109.6
1997-07-08 00:00:00,175.0,74.0,135.5
1997-07-09 00:00:00,33.0,64.0,90.74
1997-07-10 00:00:00,100.0,9.0,61.9
1997-07-11 00:00:00,0.0,13.0,66.99
1997-07-12 00:00:00,115.0,4.0,21.73
1997-07-13 00:00:00,76.0,4.0,83.39
1997-07-14 00:00:00,154.0,129.0,201.6
1997-07-15 00:00:00,98.0,67.0,95.28
1997-07-16 00:00:00,188.0,36.0,228.7
1997-07-17 00:00:00,58.0,4.0,65.7
1997-07-18 00:00:00,83.0,4.0,106.3
1997-07-19 00:00:00,0.0,10.0,65.7
1997-07-20 00:00:00,0.0,4.0,19.52
1997-07-21 00:00:00,186.0,6.0,65.7
1997-07-22 00:00:00,108.0,6.0,135.5
1997-07-23 00:00:00,83.0,30.0,83.39
1997-07-24 00:00:00,75.0,60.0,162.0
1997-07-25 00:00:00,75.0,85.0,77.73
1997-07-26 00:00:00,25.0,4.0,83.39
1997-07-27 00:00:00,26.0,4.0,119.61
1997-07-28 00:00:00,75.0,8.0,48.9
1997-07-29 00:00:00,58.0,46.0,76.35
1997-07-30 00:00:00,58.0,60.0,84.84
1997-07-31 00:00:00,58.0,71.0,112.9
1997-08-01 00:00:00,71.0,61.0,112.9
1997-08-02 00:00:00,0.0,5.0,98.37
1997-08-03 00:00:00,205.0,4.0,90.74
1997-08-04 00:00:00,125.0,77.0,158.1
1997-08-05 00:00:00,280.0,73.0,203.8
1997-08-06 00:00:00,133.0,4.0,233.4
1997-08-07 00:00:00,85.0,31.0,107.9
1997-08-08 00:00:00,142.0,4.0,96.82
1997-08-09 00:00:00,154.0,4.0,142.8
1997-08-10 00:00:00,66.0,4.0,84.84
1997-08-11 00:00:00,73.0,5.0,59.43
1997-08-12 00:00:00,71.0,32.0,64.42
1997-08-13 00:00:00,73.0,4.0,86.3
1997-08-14 00:00:00,106.0,13.0,74.98
1997-08-15 00:00:00,39.0,4.0,73.61
1997-08-16 00:00:00,98.0,4.0,65.7
1997-08-17 00:00:00,67.0,4.0,72.26
1997-08-18 00:00:00,138.0,4.0,89.24
1997-08-19 00:00:00,38.0,39.0,90.74
1997-08-20 00:00:00,110.0,22.0,89.24
1997-08-21 00:00:00,63.0,15.0,77.73
1997-08-22 00:00:00,67.0,88.0,99.94
1997-08-23 00:00:00,101.0,4.0,87.76
1997-08-24 00:00:00,100.0,4.0,116.2
1997-08-25 00:00:00,155.0,48.0,141.0
1997-08-26 00:00:00,100.0,51.0,152.3
1997-08-27 00:00:00,169.0,30.0,139.1
1997-08-28 00:00:00,78.0,4.0,117.9
1997-08-29 00:00:00,66.0,4.0,68.29
1997-08-30 00:00:00,42.0,4.0,48.9
1997-08-31 00:00:00,109.0,4.0,51.16
1997-09-01 00:00:00,188.0,4.0,154.2
1997-09-02 00:00:00,35.0,16.0,96.82
1997-09-03 00:00:00,63.0,4.0,43.48
1997-09-04 00:00:00,114.0,5.0,69.6
1997-09-05 00:00:00,106.0,4.0,119.6
1997-09-06 00:00:00,41.0,15.0,87.76
1997-09-07 00:00:00,30.0,41.0,69.6
1997-09-08 00:00:00,104.0,15.0,65.7
1997-09-09 00:00:00,119.0,4.0,103.1
1997-09-10 00:00:00,139.0,24.0,101.5
1997-09-11 00:00:00,85.0,19.0,142.8
1997-09-12 00:00:00,98.0,4.0,51.16
1997-09-13 00:00:00,67.0,62.0,131.9
1997-09-14 00:00:00,50.0,30.0,74.98
1997-09-15 00:00:00,95.0,6.0,68.29
1997-09-16 00:00:00,60.0,4.0,63.15
1997-09-17 00:00:00,55.0,46.0,61.9
1997-09-18 00:00:00,90.0,18.0,60.66
1997-09-19 00:00:00,73.0,33.0,96.82
1997-09-20 00:00:00,44.0,31.0,69.6
1997-09-21 00:00:00,67.0,4.0,96.82
1997-09-22 00:00:00,96.0,28.0,68.29
1997-09-23 00:00:00,91.0,64.0,117.9
1997-09-24 00:00:00,33.0,68.0,128.3
1997-09-25 00:00:00,63.0,80.0,99.94
1997-09-26 00:00:00,42.0,88.0,101.5
1997-09-27 00:00:00,90.0,5.0,65.7
1997-09-28 00:00:00,127.0,4.0,126.5
1997-09-29 00:00:00,129.0,51.0,141.0
1997-09-30 00:00:00,45.0,65.0,81.96
1997-10-01 00:00:00,100.0,77.0,56.17
1997-10-02 00:00:00,120.0,71.0,164.7
1997-10-03 00:00:00,104.0,52.0,161.4
1997-10-04 00:00:00,37.0,4.0,94.68
1997-10-05 00:00:00,85.0,5.0,86.42
1997-10-06 00:00:00,198.0,62.0,170.12
1997-10-07 00:00:00,180.0,71.0,186.77
1997-10-08 00:00:00,144.0,61.0,253.49
1997-10-09 00:00:00,24.0,61.0,81.95
1997-10-10 00:00:00,46.0,75.0,87.83
1997-10-11 00:00:00,123.0,20.0,71.17
1997-10-12 00:00:00,140.0,9.0,165.8
1997-10-13 00:00:00,241.0,69.0,207.4
1997-10-14 00:00:00,105.0,69.0,209.4
1997-10-15 00:00:00,187.0,92.0,218.3
1997-10-16 00:00:00,189.0,87.0,286.8
1997-10-17 00:00:00,190.0,130.0,264.7
1997-10-18 00:00:00,207.0,8.0,229.0
1997-10-19 00:00:00,206.0,7.0,157.9
1997-10-20 00:00:00,198.0,4.0,254.5
1997-10-21 00:00:00,277.0,29.0,285.3
1997-10-22 00:00:00,193.0,121.0,313.8
1997-10-23 00:00:00,362.0,98.0,364.17
1997-10-24 00:00:00,205.0,106.0,406.1
1997-10-25 00:00:00,225.0,4.0,198.3
1997-10-26 00:00:00,258.0,4.0,198.1
1997-10-27 00:00:00,336.0,86.0,357.6
1997-10-28 00:00:00,422.0,4.0,463.14
1997-10-29 00:00:00,157.0,44.0,308.6
1997-10-30 00:00:00,203.0,95.0,234.5
1997-10-31 00:00:00,194.0,56.0,237.34
1997-11-01 00:00:00,0.0,4.0,117.1
1997-11-02 00:00:00,838.0,4.0,425.3
1997-11-03 00:00:00,1087.0,139.0,1612.0
1997-11-04 00:00:00,809.0,186.0,1395.0
1997-11-05 00:00:00,638.0,188.0,1001.0
1997-11-06 00:00:00,3004.0,190.0,3063.0
1997-11-07 00:00:00,1052.0,190.0,2108.0
1997-11-08 00:00:00,1375.0,124.0,1954.0
1997-11-09 00:00:00,1330.0,143.0,1762.0
1997-11-10 00:00:00,1427.0,189.0,1966.0
1997-11-11 00:00:00,1446.0,190.0,1855.0
1997-11-12 00:00:00,1338.0,190.0,1846.0
1997-11-13 00:00:00,1479.0,264.0,2109.0
1997-11-14 00:00:00,1479.0,369.0,2508.0
1997-11-15 00:00:00,1371.0,289.0,1984.0
1997-11-16 00:00:00,1189.0,289.0,1806.0
1997-11-17 00:00:00,1358.0,199.0,1750.0
1997-11-18 00:00:00,1442.0,199.0,1933.0
1997-11-19 00:00:00,1371.0,199.0,1953.0
1997-11-20 00:00:00,1330.0,199.0,1780.0
1997-11-21 00:00:00,1250.0,199.0,1648.0
1997-11-22 00:00:00,996.0,199.0,1611.0
1997-11-23 00:00:00,865.0,199.0,1439.0
1997-11-24 00:00:00,654.0,199.0,1113.0
1997-11-25 00:00:00,1544.0,427.0,2141.0
1997-11-26 00:00:00,1707.0,630.0,3403.0
1997-11-27 00:00:00,1530.0,375.0,2450.0
1997-11-28 00:00:00,1225.0,297.0,1753.0
1997-11-29 00:00:00,1660.0,225.0,2225.0
1997-11-30 00:00:00,1400.0,197.0,1863.0
1997-12-01 00:00:00,1208.0,197.0,1728.0
1997-12-02 00:00:00,1163.0,198.0,1612.0
1997-12-03 00:00:00,1085.0,199.0,1529.0
1997-12-04 00:00:00,1083.0,199.0,1478.0
1997-12-05 00:00:00,1073.0,199.0,1373.0
1997-12-06 00:00:00,802.0,199.0,1209.0
1997-12-07 00:00:00,538.0,199.0,1024.0
1997-12-08 00:00:00,683.0,199.0,887.5
1997-12-09 00:00:00,707.0,199.0,1059.0
1997-12-10 00:00:00,753.0,201.0,1062.0
1997-12-11 00:00:00,733.0,203.0,1094.0
1997-12-12 00:00:00,777.0,203.0,1037.0
1997-12-13 00:00:00,396.0,203.0,871.7
1997-12-14 00:00:00,328.0,203.0,484.7
1997-12-15 00:00:00,660.0,185.0,741.1
1997-12-16 00:00:00,785.0,194.0,1056.0
1997-12-17 00:00:00,1252.0,194.0,1268.0
1997-12-18 00:00:00,2435.0,184.0,2938.0
1997-12-19 00:00:00,2333.0,196.0,2848.0
1997-12-20 00:00:00,1699.0,195.0,2493.0
1997-12-21 00:00:00,1850.0,199.0,2441.0
1997-12-22 00:00:00,2873.0,447.0,4363.0
1997-12-23 00:00:00,1604.0,637.0,3156.0
1997-12-24 00:00:00,1252.0,597.0,2144.0
1997-12-25 00:00:00,1400.0,597.0,2175.0
1997-12-26 00:00:00,1558.0,599.0,2346.0
1997-12-27 00:00:00,1467.0,599.0,2205.0
1997-12-28 00:00:00,1308.0,545.0,2060.0
1997-12-29 00:00:00,1604.0,499.0,2468.0
1997-12-30 00:00:00,1613.0,470.0,2580.0
1997-12-31 00:00:00,1414.0,305.0,2055.0
1998-01-01 00:00:00,1334.0,188.0,1801.0
1998-01-02 00:00:00,1305.0,176.0,1743.0
1998-01-03 00:00:00,1244.0,169.0,1666.0
1998-01-04 00:00:00,1200.0,142.0,1580.0
1998-01-05 00:00:00,1121.0,153.0,1549.0
1998-01-06 00:00:00,800.0,199.0,1380.0
1998-01-07 00:00:00,1054.0,199.0,1275.0
1998-01-08 00:00:00,1030.0,199.0,1455.0
1998-01-09 00:00:00,1104.0,199.0,1505.0
1998-01-10 00:00:00,1341.0,199.0,1727.0
1998-01-11 00:00:00,1254.0,199.0,1678.0
1998-01-12 00:00:00,1312.0,199.0,1788.0
1998-01-13 00:00:00,1295.0,308.0,1834.0
1998-01-14 00:00:00,1291.0,447.0,2051.0
1998-01-15 00:00:00,1180.0,418.0,1869.0
1998-01-16 00:00:00,1148.0,252.0,1692.0
1998-01-17 00:00:00,1157.0,199.0,1490.0
1998-01-18 00:00:00,756.0,199.0,1302.0
1998-01-19 00:00:00,1134.0,199.0,1291.0
1998-01-20 00:00:00,751.0,199.0,1182.0
1998-01-21 00:00:00,652.0,199.0,1033.0
1998-01-22 00:00:00,740.0,199.0,964.2
1998-01-23 00:00:00,910.0,199.0,1125.0
1998-01-24 00:00:00,800.0,199.0,1095.0
1998-01-25 00:00:00,546.0,199.0,1125.0
1998-01-26 00:00:00,982.0,199.0,1028.0
1998-01-27 00:00:00,764.0,203.0,1093.0
1998-01-28 00:00:00,736.0,203.0,956.5
1998-01-29 00:00:00,769.0,203.0,197.0
1998-01-30 00:00:00,683.0,203.0,923.2
1998-01-31 00:00:00,622.0,203.0,890.3
1998-02-01 00:00:00,658.0,196.0,985.4
1998-02-02 00:00:00,1242.0,203.0,1415.0
1998-02-03 00:00:00,1481.0,203.0,1961.0
1998-02-04 00:00:00,1539.0,201.0,2443.0
1998-02-05 00:00:00,1354.0,199.0,1946.0
1998-02-06 00:00:00,1368.0,199.0,1903.0
1998-02-07 00:00:00,1341.0,199.0,1830.0
1998-02-08 00:00:00,1197.0,172.0,1615.0
1998-02-09 00:00:00,1342.0,191.0,1700.0
1998-02-10 00:00:00,1176.0,199.0,1604.0
1998-02-11 00:00:00,979.0,199.0,1435.0
1998-02-12 00:00:00,987.0,195.0,1411.0
1998-02-13 00:00:00,912.0,197.0,1388.0
1998-02-14 00:00:00,569.0,194.0,1040.0
1998-02-15 00:00:00,455.0,192.0,788.2
1998-02-16 00:00:00,645.0,192.0,914.5
1998-02-17 00:00:00,515.0,192.0,741.6
1998-02-18 00:00:00,439.0,192.0,738.6
1998-02-19 00:00:00,376.0,192.0,674.3
1998-02-20 00:00:00,368.0,195.0,635.4
1998-02-21 00:00:00,251.0,193.0,479.7
1998-02-22 00:00:00,200.0,180.0,386.4
1998-02-23 00:00:00,438.0,183.0,500.3
1998-02-24 00:00:00,299.0,63.0,451.9
1998-02-25 00:00:00,384.0,158.0,437.9
1998-02-26 00:00:00,385.0,144.0,469.3
1998-02-27 00:00:00,259.0,155.0,448.0
1998-02-28 00:00:00,335.0,77.0,300.6
1998-03-01 00:00:00,203.0,44.0,342.7
1998-03-02 00:00:00,443.0,94.0,350.8
1998-03-03 00:00:00,465.0,90.0,532.1
1998-03-04 00:00:00,326.0,113.0,444.6
1998-03-05 00:00:00,395.0,94.0,463.0
1998-03-06 00:00:00,286.0,94.0,309.0
1998-03-07 00:00:00,234.0,42.0,271.1
1998-03-08 00:00:00,359.0,43.0,293.3
1998-03-09 00:00:00,354.0,104.0,417.0
1998-03-10 00:00:00,177.0,133.0,288.9
1998-03-11 00:00:00,352.0,105.0,308.5
1998-03-12 00:00:00,411.0,122.0,569.2
1998-03-13 00:00:00,282.0,142.0,354.5
1998-03-14 00:00:00,189.0,121.0,319.2
1998-03-15 00:00:00,85.0,68.0,162.7
1998-03-16 00:00:00,303.0,110.0,230.7
1998-03-17 00:00:00,378.0,60.0,352.7
1998-03-18 00:00:00,396.0,91.0,453.6
1998-03-19 00:00:00,235.0,98.0,308.7
1998-03-20 00:00:00,114.0,95.0,225.9
1998-03-21 00:00:00,59.0,30.0,103.0
1998-03-22 00:00:00,135.0,4.0,94.36
1998-03-23 00:00:00,282.0,43.0,179.5
1998-03-24 00:00:00,366.0,95.0,319.5
1998-03-25 00:00:00,243.0,21.0,225.9
1998-03-26 00:00:00,305.0,19.0,250.2
1998-03-27 00:00:00,390.0,11.0,301.7
1998-03-28 00:00:00,338.0,4.0,274.1
1998-03-29 00:00:00,104.0,4.0,192.3
1998-03-30 00:00:00,228.0,74.0,185.9
1998-03-31 00:00:00,196.0,34.0,211.1
1998-04-01 00:00:00,349.0,4.0,252.1
1998-04-02 00:00:00,335.0,4.0,331.4
1998-04-03 00:00:00,308.0,17.0,284.1
1998-04-04 00:00:00,93.0,4.0,143.6
1998-04-05 00:00:00,118.0,4.0,112.6
1998-04-06 00:00:00,295.0,4.0,157.1
1998-04-07 00:00:00,161.0,4.0,276.7
1998-04-08 00:00:00,199.0,31.0,151.8
1998-04-09 00:00:00,105.0,118.0,245.7
1998-04-10 00:00:00,158.0,7.0,161.6
1998-04-11 00:00:00,118.0,43.0,133.1
1998-04-12 00:00:00,34.0,20.0,156.2
1998-04-13 00:00:00,61.0,63.0,105.8
1998-04-14 00:00:00,241.0,22.0,171.6
1998-04-15 00:00:00,341.0,70.0,328.7
1998-04-16 00:00:00,254.0,98.0,317.1
1998-04-17 00:00:00,310.0,113.0,348.3
1998-04-18 00:00:00,134.0,71.0,258.5
1998-04-19 00:00:00,48.0,88.0,183.5
1998-04-20 00:00:00,190.0,45.0,201.5
1998-04-21 00:00:00,280.0,73.0,248.2
1998-04-22 00:00:00,151.0,88.0,228.1
1998-04-23 00:00:00,92.0,123.0,141.3
1998-04-24 00:00:00,129.0,127.0,196.7
1998-04-25 00:00:00,118.0,102.0,188.4
1998-04-26 00:00:00,21.0,78.0,133.4
1998-04-27 00:00:00,51.0,87.0,95.0
1998-04-28 00:00:00,83.0,133.0,164.0
1998-04-29 00:00:00,107.0,57.0,155.6
1998-04-30 00:00:00,76.0,28.0,107.0
1998-05-01 00:00:00,27.0,4.0,62.58
1998-05-02 00:00:00,19.0,46.0,61.48
1998-05-03 00:00:00,29.0,51.0,117.3
1998-05-04 00:00:00,61.0,46.0,51.76
1998-05-05 00:00:00,57.0,97.0,106.3
1998-05-06 00:00:00,37.0,12.0,77.34
1998-05-07 00:00:00,164.0,4.0,84.33
1998-05-08 00:00:00,268.0,4.0,200.1
1998-05-09 00:00:00,34.0,4.0,111.7
1998-05-10 00:00:00,29.0,4.0,34.58
1998-05-11 00:00:00,266.0,6.0,83.19
1998-05-12 00:00:00,182.0,8.0,259.3
1998-05-13 00:00:00,213.0,4.0,133.8
1998-05-14 00:00:00,216.0,51.0,240.4
1998-05-15 00:00:00,188.0,4.0,229.9
1998-05-16 00:00:00,0.0,4.0,104.2
1998-05-17 00:00:00,0.0,11.0,29.11
1998-05-18 00:00:00,0.0,38.0,34.78
1998-05-19 00:00:00,0.0,45.0,55.93
1998-05-20 00:00:00,4.0,91.0,83.4
1998-05-21 00:00:00,12.0,49.0,69.65
1998-05-22 00:00:00,13.0,65.0,67.42
1998-05-23 00:00:00,17.0,39.0,47.72
1998-05-24 00:00:00,0.0,27.0,41.34
1998-05-25 00:00:00,33.0,27.0,31.26
1998-05-26 00:00:00,59.0,48.0,68.73
1998-05-27 00:00:00,77.0,99.0,121.7
1998-05-28 00:00:00,80.0,92.0,130.2
1998-05-29 00:00:00,268.0,54.0,214.3
1998-05-30 00:00:00,77.0,4.0,142.3
1998-05-31 00:00:00,33.0,22.0,86.88
1998-06-01 00:00:00,342.0,134.0,427.4
1998-06-02 00:00:00,453.0,182.0,832.8
1998-06-03 00:00:00,197.0,164.0,572.2
1998-06-04 00:00:00,200.0,185.0,403.5
1998-06-05 00:00:00,266.0,185.0,430.9
1998-06-06 00:00:00,114.0,181.0,409.5
1998-06-07 00:00:00,76.0,159.0,212.8
1998-06-08 00:00:00,117.0,183.0,282.2
1998-06-09 00:00:00,177.0,169.0,280.4
1998-06-10 00:00:00,144.0,170.0,293.9
1998-06-11 00:00:00,96.0,133.0,198.2
1998-06-12 00:00:00,79.0,173.0,216.0
1998-06-13 00:00:00,76.0,185.0,207.3
1998-06-14 00:00:00,29.0,181.0,207.4
1998-06-15 00:00:00,242.0,183.0,235.6
1998-06-16 00:00:00,293.0,181.0,429.5
1998-06-17 00:00:00,202.0,129.0,280.9
1998-06-18 00:00:00,284.0,157.0,345.9
1998-06-19 00:00:00,263.0,150.0,348.8
1998-06-20 00:00:00,251.0,48.0,308.8
1998-06-21 00:00:00,79.0,4.0,164.3
1998-06-22 00:00:00,183.0,76.0,83.56
1998-06-23 00:00:00,159.0,32.0,129.1
1998-06-24 00:00:00,166.0,24.0,145.5
1998-06-25 00:00:00,309.0,25.0,199.0
1998-06-26 00:00:00,300.0,53.0,290.1
1998-06-27 00:00:00,109.0,8.0,221.0
1998-06-28 00:00:00,101.0,4.0,61.74
1998-06-29 00:00:00,360.0,99.0,251.4
1998-06-30 00:00:00,295.0,116.0,452.1
1998-07-01 00:00:00,394.0,18.0,383.3
1998-07-02 00:00:00,260.0,22.0,185.5
1998-07-03 00:00:00,414.0,8.0,315.8
1998-07-04 00:00:00,258.0,0.0,297.2
1998-07-05 00:00:00,165.0,0.0,131.6
1998-07-06 00:00:00,320.0,0.0,237.0
1998-07-07 00:00:00,235.0,8.0,194.1
1998-07-08 00:00:00,383.0,52.0,338.5
1998-07-09 00:00:00,326.0,63.0,370.4
1998-07-10 00:00:00,353.0,10.0,302.3
1998-07-11 00:00:00,229.0,0.0,265.6
1998-07-12 00:00:00,77.0,38.0,117.7
1998-07-13 00:00:00,289.0,80.0,230.3
1998-07-14 00:00:00,385.0,47.0,388.6
1998-07-15 00:00:00,383.0,51.0,366.3
1998-07-16 00:00:00,306.0,51.0,372.2
1998-07-17 00:00:00,313.0,46.0,310.7
1998-07-18 00:00:00,112.0,0.0,140.0
1998-07-19 00:00:00,134.0,0.0,112.8
1998-07-20 00:00:00,256.0,10.0,164.8
1998-07-21 00:00:00,283.0,10.0,254.5
1998-07-22 00:00:00,304.0,24.0,322.7
1998-07-23 00:00:00,317.0,0.0,250.8
1998-07-24 00:00:00,315.0,56.0,313.7
1998-07-25 00:00:00,62.0,0.0,174.5
1998-07-26 00:00:00,74.0,0.0,54.39
1998-07-27 00:00:00,213.0,14.0,122.6
1998-07-28 00:00:00,194.0,37.0,165.8
1998-07-29 00:00:00,261.0,7.0,209.7
1998-07-30 00:00:00,267.0,1.0,234.3
1998-07-31 00:00:00,182.0,0.0,176.8
1998-08-01 00:00:00,72.0,0.0,108.5
1998-08-02 00:00:00,34.0,0.0,37.7
1998-08-03 00:00:00,319.0,17.0,170.5
1998-08-04 00:00:00,152.0,47.0,209.0
1998-08-05 00:00:00,230.0,63.0,219.7
1998-08-06 00:00:00,183.0,34.0,174.7
1998-08-07 00:00:00,195.0,16.0,249.1
1998-08-08 00:00:00,72.0,1.0,54.37
1998-08-09 00:00:00,54.0,0.0,51.26
1998-08-10 00:00:00,100.0,0.0,61.44
1998-08-11 00:00:00,95.0,0.0,74.68
1998-08-12 00:00:00,201.0,14.0,143.4
1998-08-13 00:00:00,190.0,0.0,156.4
1998-08-14 00:00:00,84.0,71.0,163.0
1998-08-15 00:00:00,17.0,53.0,59.86
1998-08-16 00:00:00,43.0,33.0,103.8
1998-08-17 00:00:00,33.0,67.0,63.25
1998-08-18 00:00:00,223.0,2.0,104.5
1998-08-19 00:00:00,96.0,0.0,102.0
1998-08-20 00:00:00,60.0,5.0,48.74
1998-08-21 00:00:00,244.0,4.0,54.0
1998-08-22 00:00:00,153.0,23.0,178.5
1998-08-23 00:00:00,22.0,61.0,104.9
1998-08-24 00:00:00,101.0,86.0,123.2
1998-08-25 00:00:00,201.0,62.0,227.4
1998-08-26 00:00:00,197.0,45.0,181.2
1998-08-27 00:00:00,157.0,0.0,128.0
1998-08-28 00:00:00,80.0,56.0,134.1
1998-08-29 00:00:00,19.0,65.0,90.35
1998-08-30 00:00:00,15.0,0.0,28.91
1998-08-31 00:00:00,27.0,43.0,30.03
1998-09-01 00:00:00,113.0,66.0,66.39
1998-09-02 00:00:00,135.0,62.0,154.8
1998-09-03 00:00:00,168.0,43.0,164.3
1998-09-04 00:00:00,146.0,0.0,113.7
1998-09-05 00:00:00,181.0,11.0,138.7
1998-09-06 00:00:00,11.0,9.0,109.7
1998-09-07 00:00:00,216.0,54.0,104.5
1998-09-08 00:00:00,289.0,118.0,303.1
1998-09-09 00:00:00,197.0,185.0,440.9
1998-09-10 00:00:00,232.0,187.0,358.0
1998-09-11 00:00:00,184.0,190.0,385.9
1998-09-12 00:00:00,58.0,189.0,233.2
1998-09-13 00:00:00,44.0,14.0,91.26
1998-09-14 00:00:00,214.0,62.0,166.4
1998-09-15 00:00:00,127.0,73.0,214.8
1998-09-16 00:00:00,197.0,50.0,161.6
1998-09-17 00:00:00,202.0,104.0,240.1
1998-09-18 00:00:00,60.0,68.0,144.9
1998-09-19 00:00:00,22.0,2.0,51.01
1998-09-20 00:00:00,72.0,24.0,28.79
1998-09-21 00:00:00,180.0,105.0,159.5
1998-09-22 00:00:00,74.0,113.0,191.2
1998-09-23 00:00:00,67.0,40.0,87.82
1998-09-24 00:00:00,100.0,0.0,66.7
1998-09-25 00:00:00,155.0,3.0,69.4
1998-09-26 00:00:00,38.0,0.0,48.55
1998-09-27 00:00:00,31.0,0.0,18.18
1998-09-28 00:00:00,93.0,11.0,51.55
1998-09-29 00:00:00,92.0,27.0,88.98
1998-09-30 00:00:00,110.0,51.0,114.7
1998-10-01 00:00:00,62.0,84.0,127.0
1998-10-02 00:00:00,88.0,1.0,87.77
1998-10-03 00:00:00,82.0,0.0,105.1
1998-10-04 00:00:00,101.0,4.0,103.9
1998-10-05 00:00:00,190.0,0.0,132.2
1998-10-06 00:00:00,207.0,0.0,161.9
1998-10-07 00:00:00,228.0,21.0,185.5
1998-10-08 00:00:00,240.0,0.0,195.5
1998-10-09 00:00:00,150.0,95.0,200.6
1998-10-10 00:00:00,86.0,42.0,150.1
1998-10-11 00:00:00,51.0,11.0,87.77
1998-10-12 00:00:00,68.0,86.0,129.6
1998-10-13 00:00:00,185.0,99.0,161.9
1998-10-14 00:00:00,91.0,110.0,209.3
1998-10-15 00:00:00,205.0,107.0,190.4
1998-10-16 00:00:00,144.0,68.0,214.7
1998-10-17 00:00:00,82.0,108.0,180.6
1998-10-18 00:00:00,81.0,29.0,114.5
1998-10-19 00:00:00,79.0,57.0,120.6
1998-10-20 00:00:00,106.0,56.0,128.3
1998-10-21 00:00:00,71.0,103.0,164.9
1998-10-22 00:00:00,140.0,16.0,110.9
1998-10-23 00:00:00,194.0,29.0,168.0
1998-10-24 00:00:00,66.0,94.0,183.8
1998-10-25 00:00:00,56.0,48.0,110.9
1998-10-26 00:00:00,75.0,50.0,110.9
1998-10-27 00:00:00,67.0,57.0,127.0
1998-10-28 00:00:00,132.0,119.0,153.0
1998-10-29 00:00:00,57.0,93.0,187.1
1998-10-30 00:00:00,65.0,79.0,123.2
1998-10-31 00:00:00,49.0,0.0,82.76
1998-11-01 00:00:00,49.0,0.0,71.17
1998-11-02 00:00:00,114.0,3.0,84.74
1998-11-03 00:00:00,98.0,0.0,123.2
1998-11-04 00:00:00,61.0,0.0,112.1
1998-11-05 00:00:00,63.0,7.0,86.75
1998-11-06 00:00:00,57.0,18.0,89.83
1998-11-07 00:00:00,51.0,0.0,82.76
1998-11-08 00:00:00,22.0,0.0,66.5
1998-11-09 00:00:00,54.0,92.0,86.75
1998-11-10 00:00:00,53.0,159.0,148.7
1998-11-11 00:00:00,57.0,112.0,147.3
1998-11-12 00:00:00,49.0,95.0,129.6
1998-11-13 00:00:00,46.0,134.0,145.9
1998-11-14 00:00:00,58.0,2.0,91.92
1998-11-15 00:00:00,16.0,0.0,76.05
1998-11-16 00:00:00,0.0,83.0,75.12
1998-11-17 00:00:00,0.0,61.0,90.87
1998-11-18 00:00:00,0.0,51.0,80.8
1998-11-19 00:00:00,39.0,20.0,52.66
1998-11-20 00:00:00,22.0,0.0,74.2
1998-11-21 00:00:00,57.0,0.0,43.33
1998-11-22 00:00:00,42.0,0.0,80.8
1998-11-23 00:00:00,104.0,0.0,76.98
1998-11-24 00:00:00,108.0,0.0,112.1
1998-11-25 00:00:00,51.0,20.0,119.4
1998-11-26 00:00:00,20.0,42.0,69.58
1998-11-27 00:00:00,37.0,96.0,80.8
1998-11-28 00:00:00,0.0,5.0,79.98
1998-11-29 00:00:00,0.0,0.0,34.46
1998-11-30 00:00:00,0.0,26.0,36.3
1998-12-01 00:00:00,3.0,2.0,55.23
1998-12-02 00:00:00,71.0,66.0,51.41
1998-12-03 00:00:00,46.0,129.0,138.9
1998-12-04 00:00:00,13.0,133.0,156.0
1998-12-05 00:00:00,0.0,52.0,78.88
1998-12-06 00:00:00,0.0,5.0,38.21
1998-12-07 00:00:00,5.0,70.0,71.17
1998-12-08 00:00:00,0.0,9.0,77.93
1998-12-09 00:00:00,89.0,0.0,33.57
1998-12-10 00:00:00,66.0,0.0,108.6
1998-12-11 00:00:00,22.0,23.0,77.93
1998-12-12 00:00:00,18.0,6.0,53.93
1998-12-13 00:00:00,0.0,1.0,34.46
1998-12-14 00:00:00,1.0,2.0,32.7
1998-12-15 00:00:00,7.0,9.0,36.3
1998-12-16 00:00:00,70.0,0.0,33.57
1998-12-17 00:00:00,69.0,20.0,96.18
1998-12-18 00:00:00,25.0,0.0,84.74
1998-12-19 00:00:00,0.0,0.0,38.21
1998-12-20 00:00:00,0.0,0.0,31.02
1998-12-21 00:00:00,27.0,0.0,31.02
1998-12-22 00:00:00,6.0,0.0,41.22
1998-12-23 00:00:00,194.0,30.0,83.74
1998-12-24 00:00:00,55.0,2.0,119.4
1998-12-25 00:00:00,45.0,0.0,62.07
1998-12-26 00:00:00,14.0,0.0,43.33
1998-12-27 00:00:00,18.0,0.0,33.57
1998-12-28 00:00:00,14.0,4.0,31.85
1998-12-29 00:00:00,10.0,5.0,45.53
1998-12-30 00:00:00,8.0,3.0,37.24
1998-12-31 00:00:00,9.0,0.0,38.21
1999-01-01 00:00:00,16.0,0.0,36.07
1999-01-02 00:00:00,74.0,0.0,43.35
1999-01-03 00:00:00,87.0,0.0,108.6
1999-01-04 00:00:00,10.0,70.0,85.74
1999-01-05 00:00:00,7.0,92.0,92.97
1999-01-06 00:00:00,10.0,107.0,108.6
1999-01-07 00:00:00,9.0,26.0,72.53
1999-01-08 00:00:00,18.0,41.0,76.98
1999-01-09 00:00:00,89.0,1.0,59.98
1999-01-10 00:00:00,100.0,0.0,106.2
1999-01-11 00:00:00,41.0,8.0,90.87
1999-01-12 00:00:00,110.0,24.0,76.05
1999-01-13 00:00:00,159.0,5.0,161.9
1999-01-14 00:00:00,30.0,82.0,171.1
1999-01-15 00:00:00,42.0,34.0,88.79
1999-01-16 00:00:00,51.0,0.0,86.75
1999-01-17 00:00:00,34.0,9.0,79.84
1999-01-18 00:00:00,16.0,1.0,53.07
1999-01-19 00:00:00,15.0,0.0,39.06
1999-01-20 00:00:00,15.0,2.0,38.04
1999-01-21 00:00:00,77.0,0.0,41.16
1999-01-22 00:00:00,66.0,0.0,136.2
1999-01-23 00:00:00,98.0,0.0,113.3
1999-01-24 00:00:00,20.0,0.0,82.76
1999-01-25 00:00:00,30.0,0.0,42.24
1999-01-26 00:00:00,14.0,1.0,61.45
1999-01-27 00:00:00,17.0,0.0,39.06
1999-01-28 00:00:00,12.0,0.0,38.04
1999-01-29 00:00:00,14.0,0.0,38.04
1999-01-30 00:00:00,15.0,0.0,36.07
1999-01-31 00:00:00,17.0,0.0,36.07
1999-02-01 00:00:00,15.0,0.0,36.07
1999-02-02 00:00:00,17.0,0.0,37.05
1999-02-03 00:00:00,15.0,0.0,37.05
1999-02-04 00:00:00,15.0,0.0,37.05
1999-02-05 00:00:00,16.0,0.0,37.05
1999-02-06 00:00:00,18.0,0.0,37.05
1999-02-07 00:00:00,15.0,0.0,37.05
1999-02-08 00:00:00,19.0,0.0,37.05
1999-02-09 00:00:00,19.0,7.0,41.16
1999-02-10 00:00:00,16.0,0.0,46.81
1999-02-11 00:00:00,15.0,0.0,42.24
1999-02-12 00:00:00,16.0,0.0,37.05
1999-02-13 00:00:00,16.0,0.0,37.05
1999-02-14 00:00:00,17.0,0.0,35.84
1999-02-15 00:00:00,21.0,0.0,35.36
1999-02-16 00:00:00,18.0,0.0,35.12
1999-02-17 00:00:00,12.0,0.0,35.12
1999-02-18 00:00:00,16.0,1.0,37.05
1999-02-19 00:00:00,13.0,0.0,37.05
1999-02-20 00:00:00,20.0,0.0,35.6
1999-02-21 00:00:00,1.0,0.0,35.6
1999-02-22 00:00:00,0.0,0.0,35.6
1999-02-23 00:00:00,0.0,0.0,33.79
1999-02-24 00:00:00,0.0,0.0,24.87
1999-02-25 00:00:00,0.0,0.0,22.92
1999-02-26 00:00:00,0.0,0.0,22.41
1999-02-27 00:00:00,0.0,0.0,21.45
1999-02-28 00:00:00,0.0,0.0,21.13
1999-03-01 00:00:00,9.0,0.0,20.21
1999-03-02 00:00:00,12.0,0.0,26.01
1999-03-03 00:00:00,16.0,0.0,31.67
1999-03-04 00:00:00,7.0,0.0,28.43
1999-03-05 00:00:00,3.0,0.0,27.63
1999-03-06 00:00:00,0.0,0.0,20.18
1999-03-07 00:00:00,0.0,3.0,16.78
1999-03-08 00:00:00,10.0,0.0,16.26
1999-03-09 00:00:00,9.0,0.0,22.66
1999-03-10 00:00:00,10.0,0.0,25.09
1999-03-11 00:00:00,19.0,0.0,38.03
1999-03-12 00:00:00,42.0,0.0,48.19
1999-03-13 00:00:00,0.0,0.0,51.39
1999-03-14 00:00:00,0.0,0.0,25.62
1999-03-15 00:00:00,97.0,0.0,36.6
1999-03-16 00:00:00,0.0,8.0,53.37
1999-03-17 00:00:00,17.0,16.0,34.7
1999-03-18 00:00:00,0.0,0.0,28.81
1999-03-19 00:00:00,0.0,0.0,19.81
1999-03-20 00:00:00,0.0,0.0,16.7
1999-03-21 00:00:00,0.0,0.0,16.56
1999-03-22 00:00:00,19.0,0.0,15.81
1999-03-23 00:00:00,9.0,0.0,26.77
1999-03-24 00:00:00,3.0,0.0,20.55
1999-03-25 00:00:00,20.0,0.0,20.38
1999-03-26 00:00:00,15.0,0.0,30.1
1999-03-27 00:00:00,23.0,0.0,30.55
1999-03-28 00:00:00,0.0,0.0,33.66
1999-03-29 00:00:00,38.0,0.0,20.09
1999-03-30 00:00:00,32.0,0.0,38.93
1999-03-31 00:00:00,4.0,8.0,41.47
1999-04-01 00:00:00,0.0,0.0,25.39
1999-04-02 00:00:00,57.0,0.0,17.61
1999-04-03 00:00:00,31.0,15.0,73.57
1999-04-04 00:00:00,10.0,0.0,39.87
1999-04-05 00:00:00,75.0,34.0,79.84
1999-04-06 00:00:00,0.0,0.0,34.77
1999-04-07 00:00:00,0.0,0.0,15.5
1999-04-08 00:00:00,0.0,0.0,14.52
1999-04-09 00:00:00,0.0,0.0,13.6
1999-04-10 00:00:00,0.0,0.0,13.15
1999-04-11 00:00:00,0.0,0.0,13.15
1999-04-12 00:00:00,20.0,0.0,12.72
1999-04-13 00:00:00,15.0,0.0,16.53
1999-04-14 00:00:00,43.0,0.0,26.92
1999-04-15 00:00:00,40.0,0.0,42.08
1999-04-16 00:00:00,172.0,0.0,76.98
1999-04-17 00:00:00,64.0,24.0,129.6
1999-04-18 00:00:00,27.0,0.0,90.87
1999-04-19 00:00:00,330.0,0.0,129.6
1999-04-20 00:00:00,185.0,0.0,244.7
1999-04-21 00:00:00,124.0,0.0,153.0
1999-04-22 00:00:00,13.0,0.0,112.1
1999-04-23 00:00:00,98.0,0.0,42.08
1999-04-24 00:00:00,0.0,23.0,91.92
1999-04-25 00:00:00,14.0,19.0,31.97
1999-04-26 00:00:00,49.0,0.0,23.93
1999-04-27 00:00:00,89.0,0.0,80.8
1999-04-28 00:00:00,101.0,0.0,130.9
1999-04-29 00:00:00,0.0,0.0,91.92
1999-04-30 00:00:00,25.0,0.0,20.57
1999-05-01 00:00:00,0.0,0.0,4.68
1999-05-02 00:00:00,0.0,0.0,5.25
1999-05-03 00:00:00,67.0,0.0,3.96
1999-05-04 00:00:00,138.0,0.0,3.66
1999-05-05 00:00:00,0.0,0.0,3.66
1999-05-06 00:00:00,106.0,0.0,3.88
1999-05-07 00:00:00,0.0,0.0,4.08
1999-05-08 00:00:00,0.0,0.0,3.84
1999-05-09 00:00:00,0.0,0.0,3.63
1999-05-10 00:00:00,0.0,7.0,3.65
1999-05-11 00:00:00,97.0,0.0,3.42
1999-05-12 00:00:00,87.0,0.0,3.24
1999-05-13 00:00:00,80.0,0.0,3.16
1999-05-14 00:00:00,88.0,0.0,3.17
1999-05-15 00:00:00,7.0,0.0,3.16
1999-05-16 00:00:00,28.0,2.0,3.22
1999-05-17 00:00:00,8.0,0.0,3.78
1999-05-18 00:00:00,5.0,18.0,4.17
1999-05-19 00:00:00,0.0,1.0,4.43
1999-05-20 00:00:00,33.0,0.0,3.85
1999-05-21 00:00:00,18.0,0.0,3.63
1999-05-22 00:00:00,0.0,0.0,3.44
1999-05-23 00:00:00,0.0,0.0,3.3
1999-05-24 00:00:00,43.0,0.0,3.08
1999-05-25 00:00:00,168.0,0.0,3.06
1999-05-26 00:00:00,163.0,0.0,3.06
1999-05-27 00:00:00,207.0,0.0,3.08
1999-05-28 00:00:00,214.0,0.0,3.03
1999-05-29 00:00:00,34.0,0.0,2.85
1999-05-30 00:00:00,46.0,0.0,2.68
1999-05-31 00:00:00,266.0,0.0,2.58
1999-06-01 00:00:00,357.0,0.0,288.3
1999-06-02 00:00:00,387.0,0.0,438.7
1999-06-03 00:00:00,423.0,1.0,388.0
1999-06-04 00:00:00,364.0,0.0,402.2
1999-06-05 00:00:00,137.0,0.0,289.0
1999-06-06 00:00:00,0.0,2.0,88.86
1999-06-07 00:00:00,160.0,0.0,68.09
1999-06-08 00:00:00,169.0,0.0,181.2
1999-06-09 00:00:00,211.0,16.0,207.0
1999-06-10 00:00:00,197.0,17.0,177.4
1999-06-11 00:00:00,265.0,1.0,259.4
1999-06-12 00:00:00,104.0,0.0,238.2
1999-06-13 00:00:00,39.0,34.0,78.82
1999-06-14 00:00:00,141.0,0.0,69.94
1999-06-15 00:00:00,122.0,0.0,166.5
1999-06-16 00:00:00,178.0,0.0,132.0
1999-06-17 00:00:00,74.0,0.0,144.2
1999-06-18 00:00:00,150.0,0.0,97.8
1999-06-19 00:00:00,179.0,2.0,155.7
1999-06-20 00:00:00,116.0,3.0,136.0
1999-06-21 00:00:00,308.0,0.0,179.4
1999-06-22 00:00:00,103.0,0.0,200.6
1999-06-23 00:00:00,154.0,0.0,157.5
1999-06-24 00:00:00,10.0,0.0,95.9
1999-06-25 00:00:00,0.0,0.0,21.24
1999-06-26 00:00:00,11.0,0.0,15.59
1999-06-27 00:00:00,139.0,0.0,26.27
1999-06-28 00:00:00,75.0,0.0,148.8
1999-06-29 00:00:00,16.0,0.0,77.54
1999-06-30 00:00:00,7.0,0.0,84.05
1999-07-01 00:00:00,74.0,0.0,56.17
1999-07-02 00:00:00,67.0,0.0,87.03
1999-07-03 00:00:00,0.0,6.0,52.92
1999-07-04 00:00:00,0.0,5.0,21.48
1999-07-05 00:00:00,21.0,0.0,13.27
1999-07-06 00:00:00,0.0,0.0,18.88
1999-07-07 00:00:00,12.0,48.0,26.22
1999-07-08 00:00:00,0.0,12.0,49.81
1999-07-09 00:00:00,25.0,13.0,24.09
1999-07-10 00:00:00,0.0,0.0,45.24
1999-07-11 00:00:00,0.0,0.0,15.59
1999-07-12 00:00:00,10.0,0.0,12.53
1999-07-13 00:00:00,0.0,0.0,13.27
1999-07-14 00:00:00,0.0,0.0,12.44
1999-07-15 00:00:00,20.0,0.0,12.43
1999-07-16 00:00:00,8.0,0.0,32.34
1999-07-17 00:00:00,5.0,0.0,21.21
1999-07-18 00:00:00,17.0,0.0,14.69
1999-07-19 00:00:00,0.0,0.0,20.09
1999-07-20 00:00:00,0.0,40.0,51.95
1999-07-21 00:00:00,0.0,0.0,18.74
1999-07-22 00:00:00,16.0,0.0,16.42
1999-07-23 00:00:00,18.0,0.0,20.68
1999-07-24 00:00:00,4.0,0.0,31.77
1999-07-25 00:00:00,0.0,0.0,23.72
1999-07-26 00:00:00,9.0,0.0,15.45
1999-07-27 00:00:00,18.0,0.0,13.5
1999-07-28 00:00:00,15.0,0.0,14.31
1999-07-29 00:00:00,14.0,0.0,21.68
1999-07-30 00:00:00,39.0,6.0,30.35
1999-07-31 00:00:00,0.0,0.0,44.11
1999-08-01 00:00:00,0.0,0.0,13.88
1999-08-02 00:00:00,11.0,0.0,11.77
1999-08-03 00:00:00,10.0,0.0,15.02
1999-08-04 00:00:00,14.0,0.0,18.51
1999-08-05 00:00:00,17.0,0.0,25.49
1999-08-06 00:00:00,20.0,5.0,30.32
1999-08-07 00:00:00,0.0,0.0,29.61
1999-08-08 00:00:00,0.0,0.0,16.6
1999-08-09 00:00:00,16.0,0.0,13.36
1999-08-10 00:00:00,13.0,0.0,20.62
1999-08-11 00:00:00,15.0,0.0,19.84
1999-08-12 00:00:00,17.0,0.0,23.94
1999-08-13 00:00:00,0.0,2.0,24.82
1999-08-14 00:00:00,0.0,1.0,15.54
1999-08-15 00:00:00,22.0,27.0,37.32
1999-08-16 00:00:00,0.0,2.0,26.57
1999-08-17 00:00:00,0.0,0.0,15.78
1999-08-18 00:00:00,0.0,0.0,16.76
1999-08-19 00:00:00,0.0,7.0,19.73
1999-08-20 00:00:00,0.0,6.0,24.44
1999-08-21 00:00:00,0.0,0.0,23.32
1999-08-22 00:00:00,0.0,0.0,19.56
1999-08-23 00:00:00,0.0,0.0,21.19
1999-08-24 00:00:00,0.0,12.0,26.1
1999-08-25 00:00:00,0.0,27.0,30.66
1999-08-26 00:00:00,0.0,0.0,32.43
1999-08-27 00:00:00,17.0,0.0,20.61
1999-08-28 00:00:00,0.0,5.0,27.72
1999-08-29 00:00:00,0.0,0.0,15.15
1999-08-30 00:00:00,0.0,0.0,11.72
1999-08-31 00:00:00,66.0,1.0,19.68
1999-09-01 00:00:00,19.0,0.0,66.01
1999-09-02 00:00:00,48.0,1.0,33.97
1999-09-03 00:00:00,25.0,0.0,58.03
1999-09-04 00:00:00,0.0,0.0,32.37
1999-09-05 00:00:00,0.0,0.0,15.13
1999-09-06 00:00:00,19.0,0.0,13.38
1999-09-07 00:00:00,19.0,0.0,24.73
1999-09-08 00:00:00,16.0,0.0,33.51
1999-09-09 00:00:00,23.0,0.0,25.81
1999-09-10 00:00:00,41.0,0.0,32.07
1999-09-11 00:00:00,15.0,4.0,62.27
1999-09-12 00:00:00,0.0,0.0,19.53
1999-09-13 00:00:00,70.0,0.0,13.87
1999-09-14 00:00:00,142.0,0.0,81.41
1999-09-15 00:00:00,57.0,0.0,83.44
1999-09-16 00:00:00,70.0,0.0,74.01
1999-09-17 00:00:00,25.0,0.0,63.87
1999-09-18 00:00:00,0.0,0.0,44.95
1999-09-19 00:00:00,1.0,0.0,18.83
1999-09-20 00:00:00,27.0,27.0,25.43
1999-09-21 00:00:00,58.0,35.0,72.04
1999-09-22 00:00:00,100.0,0.0,90.23
1999-09-23 00:00:00,62.0,0.0,116.3
1999-09-24 00:00:00,49.0,0.0,67.68
1999-09-25 00:00:00,6.0,0.0,57.5
1999-09-26 00:00:00,0.0,0.0,23.87
1999-09-27 00:00:00,129.0,0.0,47.05
1999-09-28 00:00:00,60.0,0.0,96.65
1999-09-29 00:00:00,22.0,0.0,59.84
1999-09-30 00:00:00,16.0,2.0,36.77
1999-10-01 00:00:00,7.0,0.0,21.51
1999-10-02 00:00:00,10.0,0.0,18.46
1999-10-03 00:00:00,0.0,0.0,19.53
1999-10-04 00:00:00,13.0,0.0,14.23
1999-10-05 00:00:00,25.0,0.0,18.67
1999-10-06 00:00:00,20.0,0.0,27.46
1999-10-07 00:00:00,24.0,23.0,26.54
1999-10-08 00:00:00,12.0,38.0,60.75
1999-10-09 00:00:00,0.0,0.0,28.16
1999-10-10 00:00:00,0.0,0.0,15.13
1999-10-11 00:00:00,46.0,22.0,23.34
1999-10-12 00:00:00,28.0,87.0,109.1
1999-10-13 00:00:00,0.0,39.0,80.31
1999-10-14 00:00:00,44.0,0.0,43.15
1999-10-15 00:00:00,10.0,3.0,33.02
1999-10-16 00:00:00,0.0,0.0,20.71
1999-10-17 00:00:00,0.0,17.0,19.85
1999-10-18 00:00:00,34.0,0.0,33.6
1999-10-19 00:00:00,147.0,0.0,72.34
1999-10-20 00:00:00,348.0,57.0,408.3
1999-10-21 00:00:00,33.0,39.0,253.2
1999-10-22 00:00:00,314.0,87.0,358.5
1999-10-23 00:00:00,291.0,35.0,512.2
1999-10-24 00:00:00,829.0,23.0,1025.0
1999-10-25 00:00:00,655.0,68.0,1032.0
1999-10-26 00:00:00,532.0,104.0,830.5
1999-10-27 00:00:00,615.0,97.0,876.9
1999-10-28 00:00:00,466.0,41.0,794.1
1999-10-29 00:00:00,395.0,14.0,385.0
1999-10-30 00:00:00,365.0,18.0,536.4
1999-10-31 00:00:00,331.0,77.0,434.1
1999-11-01 00:00:00,252.0,19.0,387.9
1999-11-02 00:00:00,418.0,72.0,424.6
1999-11-03 00:00:00,365.0,87.0,485.1
1999-11-04 00:00:00,477.0,75.0,564.4
1999-11-05 00:00:00,575.0,71.0,655.2
1999-11-06 00:00:00,468.0,2.0,633.2
1999-11-07 00:00:00,157.0,30.0,286.1
1999-11-08 00:00:00,297.0,87.0,300.6
1999-11-09 00:00:00,240.0,117.0,349.8
1999-11-10 00:00:00,302.0,117.0,437.8
1999-11-11 00:00:00,314.0,116.0,448.6
1999-11-12 00:00:00,359.0,121.0,459.1
1999-11-13 00:00:00,77.0,102.0,322.8
1999-11-14 00:00:00,0.0,91.0,165.2
1999-11-15 00:00:00,379.0,119.0,228.1
1999-11-16 00:00:00,473.0,95.0,585.7
1999-11-17 00:00:00,551.0,102.0,617.6
1999-11-18 00:00:00,549.0,131.0,667.2
1999-11-19 00:00:00,431.0,122.0,631.5
1999-11-20 00:00:00,247.0,121.0,497.7
1999-11-21 00:00:00,128.0,0.0,204.1
1999-11-22 00:00:00,532.0,119.0,364.5
1999-11-23 00:00:00,516.0,115.0,646.5
1999-11-24 00:00:00,475.0,114.0,615.2
1999-11-25 00:00:00,398.0,123.0,563.2
1999-11-26 00:00:00,147.0,79.0,396.4
1999-11-27 00:00:00,154.0,80.0,213.2
1999-11-28 00:00:00,15.0,93.0,195.5
1999-11-29 00:00:00,296.0,120.0,246.0
1999-11-30 00:00:00,203.0,124.0,298.7
1999-12-01 00:00:00,176.0,43.0,227.3
1999-12-02 00:00:00,111.0,93.0,269.7
1999-12-03 00:00:00,156.0,116.0,217.7
1999-12-04 00:00:00,28.0,98.0,192.0
1999-12-05 00:00:00,57.0,70.0,83.71
1999-12-06 00:00:00,58.0,128.0,167.8
1999-12-07 00:00:00,0.0,134.0,154.5
1999-12-08 00:00:00,0.0,56.0,64.33
1999-12-09 00:00:00,222.0,121.0,146.4
1999-12-10 00:00:00,43.0,101.0,272.5
1999-12-11 00:00:00,230.0,81.0,155.8
1999-12-12 00:00:00,90.0,1.0,213.2
1999-12-13 00:00:00,155.0,122.0,203.0
1999-12-14 00:00:00,112.0,120.0,251.1
1999-12-15 00:00:00,243.0,121.0,282.6
1999-12-16 00:00:00,276.0,123.0,410.5
1999-12-17 00:00:00,335.0,123.0,468.8
1999-12-18 00:00:00,293.0,104.0,437.4
1999-12-19 00:00:00,58.0,41.0,236.9
1999-12-20 00:00:00,292.0,98.0,278.0
1999-12-21 00:00:00,386.0,113.0,386.3
1999-12-22 00:00:00,212.0,125.0,378.7
1999-12-23 00:00:00,38.0,111.0,238.5
1999-12-24 00:00:00,76.0,60.0,166.0
1999-12-25 00:00:00,69.0,0.0,52.64
1999-12-26 00:00:00,62.0,0.0,74.15
1999-12-27 00:00:00,233.0,29.0,180.2
1999-12-28 00:00:00,41.0,87.0,198.9
1999-12-29 00:00:00,110.0,78.0,132.7
1999-12-30 00:00:00,183.0,30.0,162.3
1999-12-31 00:00:00,81.0,87.0,226.2
2000-01-01 00:00:00,130.0,46.0,221.6
2000-01-02 00:00:00,88.0,53.0,94.68
2000-01-03 00:00:00,178.0,126.0,262.5
2000-01-04 00:00:00,42.0,121.0,224.6
2000-01-05 00:00:00,5.0,117.0,162.9
2000-01-06 00:00:00,0.0,90.0,111.9
2000-01-07 00:00:00,150.0,0.0,79.49
2000-01-08 00:00:00,74.0,0.0,94.81
2000-01-09 00:00:00,24.0,34.0,92.26
2000-01-10 00:00:00,144.0,109.0,162.0
2000-01-11 00:00:00,154.0,113.0,274.9
2000-01-12 00:00:00,144.0,116.0,273.6
2000-01-13 00:00:00,127.0,122.0,188.0
2000-01-14 00:00:00,45.0,128.0,229.5
2000-01-15 00:00:00,0.0,119.0,145.3
2000-01-16 00:00:00,0.0,47.0,59.3
2000-01-17 00:00:00,64.0,103.0,116.8
2000-01-18 00:00:00,104.0,108.0,172.6
2000-01-19 00:00:00,174.0,109.0,225.2
2000-01-20 00:00:00,129.0,118.0,249.5
2000-01-21 00:00:00,114.0,100.0,233.6
2000-01-22 00:00:00,64.0,19.0,99.55
2000-01-23 00:00:00,182.0,0.0,96.6
2000-01-24 00:00:00,251.0,76.0,337.1
2000-01-25 00:00:00,204.0,71.0,263.0
2000-01-26 00:00:00,185.0,105.0,255.1
2000-01-27 00:00:00,130.0,65.0,227.9
2000-01-28 00:00:00,85.0,61.0,168.8
2000-01-29 00:00:00,261.0,5.0,141.1
2000-01-30 00:00:00,147.0,21.0,238.5
2000-01-31 00:00:00,195.0,77.0,241.7
2000-02-01 00:00:00,72.0,86.0,235.1
2000-02-02 00:00:00,72.0,31.0,103.9
2000-02-03 00:00:00,94.0,39.0,98.59
2000-02-04 00:00:00,88.0,66.0,147.7
2000-02-05 00:00:00,0.0,12.0,91.73
2000-02-06 00:00:00,33.0,0.0,25.2
2000-02-07 00:00:00,101.0,98.0,139.7
2000-02-08 00:00:00,85.0,99.0,155.6
2000-02-09 00:00:00,50.0,73.0,136.9
2000-02-10 00:00:00,86.0,112.0,171.9
2000-02-11 00:00:00,49.0,88.0,159.1
2000-02-12 00:00:00,4.0,24.0,65.8
2000-02-13 00:00:00,9.0,13.0,30.27
2000-02-14 00:00:00,28.0,92.0,69.34
2000-02-15 00:00:00,5.0,76.0,92.71
2000-02-16 00:00:00,12.0,112.0,97.47
2000-02-17 00:00:00,8.0,80.0,102.9
2000-02-18 00:00:00,0.0,85.0,94.23
2000-02-19 00:00:00,0.0,16.0,35.38
2000-02-20 00:00:00,0.0,2.0,24.02
2000-02-21 00:00:00,16.0,62.0,36.8
2000-02-22 00:00:00,19.0,72.0,63.79
2000-02-23 00:00:00,27.0,106.0,96.03
2000-02-24 00:00:00,30.0,82.0,105.5
2000-02-25 00:00:00,19.0,83.0,100.6
2000-02-26 00:00:00,0.0,0.0,41.3
2000-02-27 00:00:00,0.0,0.0,18.03
2000-02-28 00:00:00,23.0,41.0,30.51
2000-02-29 00:00:00,87.0,9.0,51.79
2000-03-01 00:00:00,41.0,52.0,96.48
2000-03-02 00:00:00,86.0,42.0,93.95
2000-03-03 00:00:00,71.0,36.0,110.4
2000-03-04 00:00:00,40.0,10.0,84.08
2000-03-05 00:00:00,0.0,0.0,38.69
2000-03-06 00:00:00,15.0,4.0,18.6
2000-03-07 00:00:00,0.0,0.0,23.48
2000-03-08 00:00:00,19.0,33.0,28.56
2000-03-09 00:00:00,30.0,35.0,45.31
2000-03-10 00:00:00,31.0,18.0,52.32
2000-03-11 00:00:00,9.0,0.0,35.31
2000-03-12 00:00:00,7.0,0.0,21.2
2000-03-13 00:00:00,19.0,65.0,51.82
2000-03-14 00:00:00,29.0,68.0,76.97
2000-03-15 00:00:00,20.0,14.0,55.11
2000-03-16 00:00:00,14.0,33.0,42.28
2000-03-17 00:00:00,7.0,0.0,32.96
2000-03-18 00:00:00,61.0,1.0,20.26
2000-03-19 00:00:00,17.0,0.0,57.75
2000-03-20 00:00:00,56.0,3.0,51.63
2000-03-21 00:00:00,61.0,39.0,49.54
2000-03-22 00:00:00,92.0,0.0,84.34
2000-03-23 00:00:00,86.0,15.0,125.4
2000-03-24 00:00:00,28.0,7.0,57.39
2000-03-25 00:00:00,108.0,0.0,59.84
2000-03-26 00:00:00,7.0,0.0,75.19
2000-03-27 00:00:00,25.0,13.0,26.63
2000-03-28 00:00:00,53.0,0.0,43.61
2000-03-29 00:00:00,146.0,0.0,96.07
2000-03-30 00:00:00,219.0,29.0,143.6
2000-03-31 00:00:00,249.0,1.0,277.6
2000-04-01 00:00:00,15.0,0.0,157.8
2000-04-02 00:00:00,33.0,0.0,35.58
2000-04-03 00:00:00,98.0,0.0,78.3
2000-04-04 00:00:00,73.0,0.0,246.7
2000-04-05 00:00:00,18.0,0.0,124.9
2000-04-06 00:00:00,5.0,0.0,95.15
2000-04-07 00:00:00,54.0,0.0,92.85
2000-04-08 00:00:00,0.0,0.0,60.78
2000-04-09 00:00:00,22.0,0.0,24.34
2000-04-10 00:00:00,24.0,1.0,33.04
2000-04-11 00:00:00,10.0,0.0,47.83
2000-04-12 00:00:00,33.0,0.0,64.06
2000-04-13 00:00:00,49.0,6.0,45.23
2000-04-14 00:00:00,16.0,30.0,79.06
2000-04-15 00:00:00,31.0,54.0,110.8
2000-04-16 00:00:00,55.0,4.0,117.0
2000-04-17 00:00:00,64.0,107.0,250.8
2000-04-18 00:00:00,76.0,115.0,274.5
2000-04-19 00:00:00,54.0,124.0,290.1
2000-04-20 00:00:00,27.0,178.0,297.2
2000-04-21 00:00:00,30.0,202.0,306.7
2000-04-22 00:00:00,125.0,168.0,259.7
2000-04-23 00:00:00,0.0,17.0,153.1
2000-04-24 00:00:00,42.0,109.0,158.0
2000-04-25 00:00:00,50.0,75.0,129.4
2000-04-26 00:00:00,59.0,98.0,181.7
2000-04-27 00:00:00,66.0,82.0,213.9
2000-04-28 00:00:00,9.0,23.0,117.8
2000-04-29 00:00:00,19.0,9.0,57.33
2000-04-30 00:00:00,90.0,78.0,237.2
2000-05-01 00:00:00,157.0,126.0,404.4
2000-05-02 00:00:00,214.0,140.0,475.4
2000-05-03 00:00:00,217.0,118.0,415.3
2000-05-04 00:00:00,230.0,118.0,437.1
2000-05-05 00:00:00,344.0,122.0,740.4
2000-05-06 00:00:00,202.0,137.0,647.3
2000-05-07 00:00:00,280.0,137.0,749.2
2000-05-08 00:00:00,225.0,138.0,712.1
2000-05-09 00:00:00,254.0,140.0,556.2
2000-05-10 00:00:00,199.0,152.0,541.4
2000-05-11 00:00:00,200.0,217.0,529.7
2000-05-12 00:00:00,139.0,218.0,511.1
2000-05-13 00:00:00,74.0,218.0,406.8
2000-05-14 00:00:00,50.0,215.0,362.9
2000-05-15 00:00:00,69.0,217.0,409.0
2000-05-16 00:00:00,39.0,215.0,371.9
2000-05-17 00:00:00,94.0,209.0,314.1
2000-05-18 00:00:00,13.0,211.0,329.8
2000-05-19 00:00:00,44.0,212.0,293.2
2000-05-20 00:00:00,27.0,211.0,305.5
2000-05-21 00:00:00,8.0,182.0,252.9
2000-05-22 00:00:00,79.0,172.0,216.2
2000-05-23 00:00:00,42.0,174.0,274.5
2000-05-24 00:00:00,0.0,149.0,234.7
2000-05-25 00:00:00,16.0,49.0,105.9
2000-05-26 00:00:00,6.0,72.0,106.4
2000-05-27 00:00:00,12.0,10.0,63.22
2000-05-28 00:00:00,6.0,35.0,39.61
2000-05-29 00:00:00,18.0,62.0,57.8
2000-05-30 00:00:00,40.0,65.0,92.9
2000-05-31 00:00:00,26.0,68.0,94.62
2000-06-01 00:00:00,27.0,49.0,95.86
2000-06-02 00:00:00,26.0,28.0,61.08
2000-06-03 00:00:00,20.0,10.0,26.55
2000-06-04 00:00:00,8.0,10.0,25.11
2000-06-05 00:00:00,44.0,10.0,24.27
2000-06-06 00:00:00,112.0,34.0,59.99
2000-06-07 00:00:00,67.0,44.0,163.1
2000-06-08 00:00:00,81.0,22.0,72.44
2000-06-09 00:00:00,23.0,7.0,68.51
2000-06-10 00:00:00,11.0,20.0,42.06
2000-06-11 00:00:00,0.0,10.0,22.51
2000-06-12 00:00:00,25.0,10.0,21.75
2000-06-13 00:00:00,22.0,10.0,38.54
2000-06-14 00:00:00,27.0,10.0,37.29
2000-06-15 00:00:00,8.0,68.0,51.15
2000-06-16 00:00:00,66.0,30.0,46.17
2000-06-17 00:00:00,109.0,30.0,56.15
2000-06-18 00:00:00,11.0,10.0,99.55
2000-06-19 00:00:00,81.0,10.0,31.39
2000-06-20 00:00:00,103.0,10.0,92.4
2000-06-21 00:00:00,31.0,11.0,82.23
2000-06-22 00:00:00,173.0,11.0,86.51
2000-06-23 00:00:00,30.0,14.0,86.36
2000-06-24 00:00:00,6.0,47.0,50.61
2000-06-25 00:00:00,15.0,18.0,37.7
2000-06-26 00:00:00,116.0,84.0,92.48
2000-06-27 00:00:00,110.0,16.0,121.8
2000-06-28 00:00:00,186.0,24.0,137.6
2000-06-29 00:00:00,233.0,32.0,218.5
2000-06-30 00:00:00,228.0,68.0,296.9
2000-07-01 00:00:00,2.0,3.0,138.8
2000-07-02 00:00:00,0.0,1.0,29.82
2000-07-03 00:00:00,127.0,25.0,44.73
2000-07-04 00:00:00,172.0,32.0,145.8
2000-07-05 00:00:00,140.0,20.0,147.2
2000-07-06 00:00:00,137.0,31.0,170.8
2000-07-07 00:00:00,27.0,33.0,139.8
2000-07-08 00:00:00,3.0,16.0,58.66
2000-07-09 00:00:00,8.0,11.0,26.85
2000-07-10 00:00:00,17.0,31.0,26.9
2000-07-11 00:00:00,13.0,25.0,43.29
2000-07-12 00:00:00,14.0,19.0,31.93
2000-07-13 00:00:00,97.0,63.0,71.13
2000-07-14 00:00:00,14.0,37.0,100.3
2000-07-15 00:00:00,24.0,20.0,47.36
2000-07-16 00:00:00,3.0,33.0,36.29
2000-07-17 00:00:00,8.0,35.0,47.78
2000-07-18 00:00:00,10.0,16.0,36.42
2000-07-19 00:00:00,33.0,20.0,31.9
2000-07-20 00:00:00,53.0,48.0,53.57
2000-07-21 00:00:00,136.0,23.0,110.8
2000-07-22 00:00:00,31.0,28.0,128.0
2000-07-23 00:00:00,26.0,16.0,44.64
2000-07-24 00:00:00,180.0,22.0,132.9
2000-07-25 00:00:00,118.0,14.0,146.5
2000-07-26 00:00:00,156.0,25.0,109.8
2000-07-27 00:00:00,77.0,40.0,127.2
2000-07-28 00:00:00,153.0,32.0,110.6
2000-07-29 00:00:00,18.0,19.0,134.2
2000-07-30 00:00:00,4.0,19.0,43.1
2000-07-31 00:00:00,144.0,20.0,51.47
2000-08-01 00:00:00,122.0,14.0,144.2
2000-08-02 00:00:00,117.0,15.0,137.3
2000-08-03 00:00:00,83.0,21.0,111.2
2000-08-04 00:00:00,55.0,37.0,108.1
2000-08-05 00:00:00,21.0,27.0,65.2
2000-08-06 00:00:00,0.0,17.0,32.77
2000-08-07 00:00:00,86.0,17.0,32.81
2000-08-08 00:00:00,106.0,26.0,70.53
2000-08-09 00:00:00,132.0,42.0,162.9
2000-08-10 00:00:00,105.0,29.0,126.7
2000-08-11 00:00:00,89.0,37.0,126.1
2000-08-12 00:00:00,25.0,19.0,73.51
2000-08-13 00:00:00,18.0,29.0,52.01
2000-08-14 00:00:00,69.0,15.0,49.59
2000-08-15 00:00:00,46.0,40.0,81.71
2000-08-16 00:00:00,139.0,1.0,58.94
2000-08-17 00:00:00,161.0,11.0,143.9
2000-08-18 00:00:00,162.0,7.0,162.8
2000-08-19 00:00:00,86.0,0.0,123.0
2000-08-20 00:00:00,49.0,0.0,73.74
2000-08-21 00:00:00,163.0,0.0,72.47
2000-08-22 00:00:00,146.0,0.0,174.1
2000-08-23 00:00:00,135.0,24.0,131.7
2000-08-24 00:00:00,142.0,2.0,141.5
2000-08-25 00:00:00,169.0,63.0,179.3
2000-08-26 00:00:00,18.0,16.0,140.0
2000-08-27 00:00:00,9.0,17.0,38.07
2000-08-28 00:00:00,297.0,19.0,148.0
2000-08-29 00:00:00,321.0,3.0,298.4
2000-08-30 00:00:00,397.0,21.0,471.8
2000-08-31 00:00:00,336.0,19.0,370.2
2000-09-01 00:00:00,375.0,45.0,403.6
2000-09-02 00:00:00,265.0,3.0,324.3
2000-09-03 00:00:00,206.0,0.0,267.9
2000-09-04 00:00:00,271.0,70.0,282.0
2000-09-05 00:00:00,508.0,52.0,376.9
2000-09-06 00:00:00,438.0,61.0,567.1
2000-09-07 00:00:00,417.0,60.0,490.3
2000-09-08 00:00:00,320.0,66.0,454.6
2000-09-09 00:00:00,544.0,23.0,542.0
2000-09-10 00:00:00,414.0,0.0,440.3
2000-09-11 00:00:00,478.0,8.0,464.7
2000-09-12 00:00:00,478.0,40.0,514.0
2000-09-13 00:00:00,461.0,18.0,548.4
2000-09-14 00:00:00,514.0,9.0,477.1
2000-09-15 00:00:00,549.0,2.0,591.0
2000-09-16 00:00:00,464.0,37.0,516.2
2000-09-17 00:00:00,213.0,10.0,405.6
2000-09-18 00:00:00,348.0,58.0,328.8
2000-09-19 00:00:00,317.0,37.0,375.8
2000-09-20 00:00:00,304.0,45.0,385.9
2000-09-21 00:00:00,273.0,38.0,328.0
2000-09-22 00:00:00,281.0,16.0,251.0
2000-09-23 00:00:00,384.0,8.0,374.7
2000-09-24 00:00:00,315.0,15.0,394.6
2000-09-25 00:00:00,453.0,46.0,449.4
2000-09-26 00:00:00,314.0,24.0,424.6
2000-09-27 00:00:00,377.0,19.0,353.8
2000-09-28 00:00:00,309.0,33.0,407.8
2000-09-29 00:00:00,175.0,44.0,330.2
2000-09-30 00:00:00,195.0,48.0,240.2
2000-10-01 00:00:00,115.0,15.0,218.38
2000-10-02 00:00:00,164.0,25.0,187.61
2000-10-03 00:00:00,266.0,50.0,241.03
2000-10-04 00:00:00,311.0,15.0,321.36
2000-10-05 00:00:00,269.0,22.0,369.95
2000-10-06 00:00:00,308.0,27.0,295.99
2000-10-07 00:00:00,377.0,3.0,346.22
2000-10-08 00:00:00,109.0,18.0,361.59
2000-10-09 00:00:00,263.0,22.0,205.05
2000-10-10 00:00:00,196.0,39.0,242.31
2000-10-11 00:00:00,238.0,23.0,339.21
2000-10-12 00:00:00,86.0,10.0,194.65
2000-10-13 00:00:00,154.0,56.0,177.75
2000-10-14 00:00:00,0.0,23.0,175.64
2000-10-15 00:00:00,8.0,15.0,112.78
2000-10-16 00:00:00,186.0,41.0,105.74
2000-10-17 00:00:00,215.0,24.0,234.9
2000-10-18 00:00:00,265.0,58.0,304.75
2000-10-19 00:00:00,332.0,25.0,273.91
2000-10-20 00:00:00,266.0,46.0,369.57
2000-10-21 00:00:00,190.0,23.0,253.66
2000-10-22 00:00:00,21.0,26.0,189.59
2000-10-23 00:00:00,170.0,25.0,147.63
2000-10-24 00:00:00,79.0,60.0,213.05
2000-10-25 00:00:00,126.0,51.0,196.19
2000-10-26 00:00:00,134.0,48.0,182.07
2000-10-27 00:00:00,57.0,53.0,171.07
2000-10-28 00:00:00,31.0,28.0,109.63
2000-10-29 00:00:00,26.0,16.0,70.49
2000-10-30 00:00:00,37.0,36.0,89.2
2000-10-31 00:00:00,0.0,8.0,145.21
2000-11-01 00:00:00,0.0,5.0,84.55
2000-11-02 00:00:00,75.0,8.0,57.02
2000-11-03 00:00:00,39.0,21.0,83.95
2000-11-04 00:00:00,44.0,1.0,99.9
2000-11-05 00:00:00,60.0,0.0,91.4
2000-11-06 00:00:00,136.0,11.0,134.92
2000-11-07 00:00:00,119.0,33.0,202.27
2000-11-08 00:00:00,49.0,80.0,215.04
2000-11-09 00:00:00,87.0,12.0,137.48
2000-11-10 00:00:00,148.0,0.0,125.4
2000-11-11 00:00:00,51.0,4.0,147.12
2000-11-12 00:00:00,67.0,0.0,89.3
2000-11-13 00:00:00,240.0,39.0,190.93
2000-11-14 00:00:00,201.0,39.0,277.02
2000-11-15 00:00:00,233.0,63.0,289.1
2000-11-16 00:00:00,205.0,68.0,322.44
2000-11-17 00:00:00,138.0,5.0,245.65
2000-11-18 00:00:00,34.0,0.0,147.43
2000-11-19 00:00:00,28.0,0.0,66.74
2000-11-20 00:00:00,67.0,2.0,96.72
2000-11-21 00:00:00,196.0,0.0,142.83
2000-11-22 00:00:00,161.0,0.0,195.47
2000-11-23 00:00:00,243.0,5.0,236.0
2000-11-24 00:00:00,190.0,4.0,303.64
2000-11-25 00:00:00,60.0,0.0,233.15
2000-11-26 00:00:00,0.0,0.0,189.18
2000-11-27 00:00:00,61.0,29.0,178.47
2000-11-28 00:00:00,36.0,0.0,148.69
2000-11-29 00:00:00,92.0,46.0,146.8
2000-11-30 00:00:00,90.0,0.0,142.64
2000-12-01 00:00:00,295.0,13.0,367.75
2000-12-02 00:00:00,376.0,10.0,686.03
2000-12-03 00:00:00,201.0,20.0,398.31
2000-12-04 00:00:00,202.0,25.0,328.63
2000-12-05 00:00:00,286.0,32.0,429.79
2000-12-06 00:00:00,676.0,93.0,1267.12
2000-12-07 00:00:00,1249.0,147.0,2610.77
2000-12-08 00:00:00,800.0,159.0,1915.67
2000-12-09 00:00:00,537.0,187.0,984.0
2000-12-10 00:00:00,283.0,149.0,707.68
2000-12-11 00:00:00,459.0,163.0,680.49
2000-12-12 00:00:00,577.0,185.0,890.86
2000-12-13 00:00:00,483.0,198.0,873.45
2000-12-14 00:00:00,548.0,198.0,873.56
2000-12-15 00:00:00,808.0,199.0,989.93
2000-12-16 00:00:00,734.0,199.0,1102.99
2000-12-17 00:00:00,523.0,199.0,951.54
2000-12-18 00:00:00,765.0,231.0,920.9
2000-12-19 00:00:00,642.0,348.0,1109.5
2000-12-20 00:00:00,661.0,250.0,1041.08
2000-12-21 00:00:00,536.0,281.0,971.86
2000-12-22 00:00:00,900.0,1100.0,1560.38
2000-12-23 00:00:00,1258.0,2733.0,3229.67
2000-12-24 00:00:00,1297.0,1905.0,3563.1
2000-12-25 00:00:00,772.0,1146.0,2475.88
2000-12-26 00:00:00,860.0,505.0,1518.52
2000-12-27 00:00:00,1040.0,714.0,1912.73
2000-12-28 00:00:00,1203.0,817.0,2234.96
2000-12-29 00:00:00,1342.0,1074.0,2500.07
2000-12-30 00:00:00,1557.0,1505.0,3075.98
2000-12-31 00:00:00,1205.0,1231.0,2711.86
2001-01-01 00:00:00,1205.0,371.0,1697.82
2001-01-02 00:00:00,2133.0,210.0,2222.65
2001-01-03 00:00:00,2495.0,293.0,2912.14
2001-01-04 00:00:00,2610.0,707.0,3374.45
2001-01-05 00:00:00,3330.0,816.0,3809.23
2001-01-06 00:00:00,3552.0,1167.0,4959.14
2001-01-07 00:00:00,1765.0,922.0,3538.57
2001-01-08 00:00:00,1393.0,710.0,2266.57
2001-01-09 00:00:00,1268.0,711.0,2150.22
2001-01-10 00:00:00,2118.0,670.0,2875.04
2001-01-11 00:00:00,3570.0,566.0,4261.05
2001-01-12 00:00:00,4197.0,206.0,4928.13
2001-01-13 00:00:00,3787.0,300.0,4677.0
2001-01-14 00:00:00,2056.0,469.0,3362.06
2001-01-15 00:00:00,1508.0,352.0,2200.89
2001-01-16 00:00:00,1465.0,202.0,1917.03
2001-01-17 00:00:00,1984.0,203.0,2045.05
2001-01-18 00:00:00,2530.0,267.0,2662.63
2001-01-19 00:00:00,1478.0,350.0,2388.12
2001-01-20 00:00:00,1054.0,256.0,1510.84
2001-01-21 00:00:00,990.0,202.0,1433.95
2001-01-22 00:00:00,1090.0,218.0,1396.76
2001-01-23 00:00:00,1324.0,248.0,1710.42
2001-01-24 00:00:00,1453.0,416.0,2014.97
2001-01-25 00:00:00,1732.0,700.0,2600.23
2001-01-26 00:00:00,1801.0,806.0,2712.66
2001-01-27 00:00:00,2962.0,1916.0,4845.55
2001-01-28 00:00:00,3396.0,1770.0,5686.16
2001-01-29 00:00:00,2262.0,1009.0,3979.01
2001-01-30 00:00:00,1295.0,587.0,2274.23
2001-01-31 00:00:00,1245.0,439.0,1914.92
2001-02-01 00:00:00,1012.0,318.0,1577.34
2001-02-02 00:00:00,1264.0,251.0,1683.88
2001-02-03 00:00:00,1332.0,226.0,1751.29
2001-02-04 00:00:00,1214.0,318.0,1725.78
2001-02-05 00:00:00,1455.0,326.0,1827.05
2001-02-06 00:00:00,1208.0,321.0,1922.97
2001-02-07 00:00:00,2594.0,437.0,2767.77
2001-02-08 00:00:00,4080.0,595.0,5108.21
2001-02-09 00:00:00,3761.0,614.0,5113.35
2001-02-10 00:00:00,2889.0,646.0,4326.7
2001-02-11 00:00:00,2243.0,652.0,3533.37
2001-02-12 00:00:00,1407.0,503.0,2498.18
2001-02-13 00:00:00,766.0,240.0,1196.3
2001-02-14 00:00:00,879.0,198.0,1207.52
2001-02-15 00:00:00,992.0,198.0,1441.32
2001-02-16 00:00:00,750.0,198.0,1081.44
2001-02-17 00:00:00,682.0,199.0,897.57
2001-02-18 00:00:00,805.0,199.0,851.64
2001-02-19 00:00:00,725.0,200.0,884.73
2001-02-20 00:00:00,730.0,200.0,930.73
2001-02-21 00:00:00,806.0,201.0,749.54
2001-02-22 00:00:00,750.0,161.0,800.03
2001-02-23 00:00:00,846.0,196.0,995.62
2001-02-24 00:00:00,939.0,203.0,1138.55
2001-02-25 00:00:00,683.0,203.0,1094.71
2001-02-26 00:00:00,875.0,204.0,1101.41
2001-02-27 00:00:00,879.0,205.0,1029.78
2001-02-28 00:00:00,1057.0,206.0,1290.72
2001-03-01 00:00:00,1143.0,206.0,1339.31
2001-03-02 00:00:00,1617.0,206.0,1877.52
2001-03-03 00:00:00,2129.0,205.0,2553.74
2001-03-04 00:00:00,2250.0,320.0,2779.21
2001-03-05 00:00:00,3486.0,660.0,4627.31
2001-03-06 00:00:00,4122.0,903.0,5614.29
2001-03-07 00:00:00,4015.0,954.0,5479.97
2001-03-08 00:00:00,3474.0,841.0,4985.86
2001-03-09 00:00:00,2017.0,619.0,3444.65
2001-03-10 00:00:00,886.0,505.0,1755.38
2001-03-11 00:00:00,1038.0,505.0,1619.3
2001-03-12 00:00:00,984.0,434.0,1563.39
2001-03-13 00:00:00,907.0,292.0,1410.31
2001-03-14 00:00:00,973.0,204.0,1312.33
2001-03-15 00:00:00,924.0,204.0,1202.77
2001-03-16 00:00:00,902.0,205.0,1265.76
2001-03-17 00:00:00,796.0,205.0,1154.75
2001-03-18 00:00:00,691.0,205.0,1014.93
2001-03-19 00:00:00,858.0,206.0,1065.47
2001-03-20 00:00:00,873.0,203.0,1147.67
2001-03-21 00:00:00,871.0,200.0,1153.98
2001-03-22 00:00:00,856.0,139.0,1070.99
2001-03-23 00:00:00,878.0,133.0,1111.47
2001-03-24 00:00:00,715.0,154.0,988.77
2001-03-25 00:00:00,665.0,157.0,875.94
2001-03-26 00:00:00,950.0,133.0,1062.25
2001-03-27 00:00:00,960.0,146.0,1193.27
2001-03-28 00:00:00,804.0,142.0,1071.25
2001-03-29 00:00:00,764.0,151.0,1012.79
2001-03-30 00:00:00,814.0,175.0,951.78
2001-03-31 00:00:00,683.0,179.0,983.69
2001-04-01 00:00:00,668.0,149.0,850.18
2001-04-02 00:00:00,640.0,169.0,820.03
2001-04-03 00:00:00,577.0,206.0,826.09
2001-04-04 00:00:00,562.0,188.0,854.02
2001-04-05 00:00:00,427.0,159.0,666.73
2001-04-06 00:00:00,470.0,165.0,583.34
2001-04-07 00:00:00,443.0,186.0,688.69
2001-04-08 00:00:00,282.0,168.0,494.39
2001-04-09 00:00:00,439.0,145.0,468.38
2001-04-10 00:00:00,283.0,158.0,559.76
2001-04-11 00:00:00,343.0,160.0,433.21
2001-04-12 00:00:00,341.0,151.0,455.5
2001-04-13 00:00:00,212.0,122.0,417.72
2001-04-14 00:00:00,204.0,153.0,340.79
2001-04-15 00:00:00,150.0,150.0,351.65
2001-04-16 00:00:00,267.0,127.0,384.55
2001-04-17 00:00:00,182.0,105.0,296.85
2001-04-18 00:00:00,373.0,67.0,351.23
2001-04-19 00:00:00,374.0,70.0,446.68
2001-04-20 00:00:00,315.0,79.0,392.19
2001-04-21 00:00:00,78.0,68.0,275.07
2001-04-22 00:00:00,109.0,76.0,226.16
2001-04-23 00:00:00,256.0,106.0,322.46
2001-04-24 00:00:00,248.0,94.0,337.83
2001-04-25 00:00:00,190.0,19.0,248.45
2001-04-26 00:00:00,201.0,85.0,319.48
2001-04-27 00:00:00,132.0,101.0,244.43
2001-04-28 00:00:00,48.0,70.0,200.16
2001-04-29 00:00:00,89.0,84.0,179.69
2001-04-30 00:00:00,87.0,98.0,200.82
2001-05-01 00:00:00,41.0,54.0,193.47
2001-05-02 00:00:00,243.0,92.0,229.12
2001-05-03 00:00:00,158.0,109.0,328.43
2001-05-04 00:00:00,191.0,78.0,249.6
2001-05-05 00:00:00,80.0,19.0,201.16
2001-05-06 00:00:00,34.0,26.0,145.48
2001-05-07 00:00:00,183.0,34.0,190.96
2001-05-08 00:00:00,259.0,23.0,267.84
2001-05-09 00:00:00,256.0,32.0,249.42
2001-05-10 00:00:00,363.0,30.0,354.61
2001-05-11 00:00:00,261.0,13.0,331.58
2001-05-12 00:00:00,69.0,14.0,201.91
2001-05-13 00:00:00,51.0,36.0,133.91
2001-05-14 00:00:00,178.0,68.0,210.04
2001-05-15 00:00:00,101.0,29.0,227.24
2001-05-16 00:00:00,135.0,19.0,175.36
2001-05-17 00:00:00,120.0,17.0,197.25
2001-05-18 00:00:00,85.0,25.0,156.7
2001-05-19 00:00:00,114.0,1.0,150.48
2001-05-20 00:00:00,31.0,0.0,131.01
2001-05-21 00:00:00,263.0,5.0,170.72
2001-05-22 00:00:00,286.0,25.0,278.04
2001-05-23 00:00:00,127.0,35.0,253.27
2001-05-24 00:00:00,154.0,29.0,195.66
2001-05-25 00:00:00,117.0,40.0,210.19
2001-05-26 00:00:00,78.0,55.0,201.05
2001-05-27 00:00:00,95.0,17.0,133.2
2001-05-28 00:00:00,245.0,39.0,210.77
2001-05-29 00:00:00,254.0,33.0,310.68
2001-05-30 00:00:00,338.0,49.0,363.54
2001-05-31 00:00:00,170.0,63.0,295.17
2001-06-01 00:00:00,193.0,71.0,259.87
2001-06-02 00:00:00,119.0,3.0,185.3
2001-06-03 00:00:00,28.0,0.0,144.26
2001-06-04 00:00:00,218.0,0.0,150.86
2001-06-05 00:00:00,162.0,14.0,194.63
2001-06-06 00:00:00,213.0,44.0,192.65
2001-06-07 00:00:00,248.0,58.0,269.32
2001-06-08 00:00:00,224.0,44.0,293.63
2001-06-09 00:00:00,97.0,0.0,189.26
2001-06-10 00:00:00,0.0,9.0,119.48
2001-06-11 00:00:00,160.0,2.0,102.54
2001-06-12 00:00:00,126.0,54.0,187.38
2001-06-13 00:00:00,92.0,24.0,163.54
2001-06-14 00:00:00,125.0,0.0,134.38
2001-06-15 00:00:00,99.0,0.0,137.32
2001-06-16 00:00:00,132.0,0.0,125.34
2001-06-17 00:00:00,20.0,0.0,103.77
2001-06-18 00:00:00,125.0,44.0,83.91
2001-06-19 00:00:00,206.0,61.0,125.81
2001-06-20 00:00:00,169.0,57.0,224.7
2001-06-21 00:00:00,278.0,89.0,212.34
2001-06-22 00:00:00,218.0,28.0,225.23
2001-06-23 00:00:00,259.0,0.0,201.31
2001-06-24 00:00:00,12.0,0.0,126.0
2001-06-25 00:00:00,341.0,47.0,200.28
2001-06-26 00:00:00,204.0,66.0,202.43
2001-06-27 00:00:00,145.0,83.0,176.36
2001-06-28 00:00:00,120.0,85.0,181.43
2001-06-29 00:00:00,55.0,73.0,187.42
2001-06-30 00:00:00,48.0,4.0,126.44
2001-07-01 00:00:00,0.0,21.0,84.48
2001-07-02 00:00:00,53.0,61.0,82.56
2001-07-03 00:00:00,77.0,60.0,107.87
2001-07-04 00:00:00,100.0,52.0,160.17
2001-07-05 00:00:00,0.0,50.0,160.08
2001-07-06 00:00:00,37.0,61.0,100.01
2001-07-07 00:00:00,10.0,31.0,92.63
2001-07-08 00:00:00,8.0,3.0,65.55
2001-07-09 00:00:00,41.0,20.0,82.37
2001-07-10 00:00:00,9.0,33.0,94.35
2001-07-11 00:00:00,52.0,23.0,82.83
2001-07-12 00:00:00,62.0,5.0,107.52
2001-07-13 00:00:00,12.0,47.0,120.09
2001-07-14 00:00:00,4.0,18.0,78.85
2001-07-15 00:00:00,22.0,25.0,83.0
2001-07-16 00:00:00,0.0,18.0,78.33
2001-07-17 00:00:00,8.0,45.0,80.09
2001-07-18 00:00:00,23.0,56.0,99.79
2001-07-19 00:00:00,23.0,58.0,108.36
2001-07-20 00:00:00,27.0,55.0,106.88
2001-07-21 00:00:00,0.0,38.0,100.69
2001-07-22 00:00:00,19.0,47.0,82.4
2001-07-23 00:00:00,36.0,66.0,104.18
2001-07-24 00:00:00,0.0,56.0,123.86
2001-07-25 00:00:00,33.0,49.0,110.14
2001-07-26 00:00:00,21.0,60.0,93.86
2001-07-27 00:00:00,0.0,62.0,104.0
2001-07-28 00:00:00,5.0,51.0,88.45
2001-07-29 00:00:00,8.0,43.0,93.31
2001-07-30 00:00:00,17.0,53.0,98.56
2001-07-31 00:00:00,0.0,61.0,103.5
2001-08-01 00:00:00,0.0,55.0,91.47
2001-08-02 00:00:00,8.0,67.0,94.13
2001-08-03 00:00:00,37.0,69.0,105.85
2001-08-04 00:00:00,3.0,59.0,118.58
2001-08-05 00:00:00,18.0,23.0,90.2
2001-08-06 00:00:00,72.0,50.0,91.07
2001-08-07 00:00:00,33.0,53.0,162.71
2001-08-08 00:00:00,3.0,57.0,99.33
2001-08-09 00:00:00,40.0,32.0,94.91
2001-08-10 00:00:00,14.0,49.0,89.89
2001-08-11 00:00:00,107.0,70.0,138.13
2001-08-12 00:00:00,37.0,67.0,147.32
2001-08-13 00:00:00,177.0,59.0,157.28
2001-08-14 00:00:00,135.0,107.0,246.2
2001-08-15 00:00:00,48.0,97.0,195.24
2001-08-16 00:00:00,142.0,71.0,163.16
2001-08-17 00:00:00,153.0,73.0,229.09
2001-08-18 00:00:00,141.0,73.0,224.07
2001-08-19 00:00:00,70.0,5.0,137.5
2001-08-20 00:00:00,207.0,70.0,196.59
2001-08-21 00:00:00,250.0,65.0,259.78
2001-08-22 00:00:00,242.0,64.0,315.01
2001-08-23 00:00:00,304.0,64.0,279.38
2001-08-24 00:00:00,265.0,73.0,379.77
2001-08-25 00:00:00,174.0,76.0,257.98
2001-08-26 00:00:00,158.0,21.0,194.16
2001-08-27 00:00:00,192.0,72.0,237.09
2001-08-28 00:00:00,274.0,65.0,287.24
2001-08-29 00:00:00,338.0,57.0,342.84
2001-08-30 00:00:00,281.0,53.0,338.78
2001-08-31 00:00:00,151.0,64.0,243.84
2001-09-01 00:00:00,111.0,46.0,207.83
2001-09-02 00:00:00,57.0,18.0,156.67
2001-09-03 00:00:00,141.0,73.0,163.78
2001-09-04 00:00:00,109.0,67.0,202.76
2001-09-05 00:00:00,124.0,57.0,178.82
2001-09-06 00:00:00,101.0,61.0,171.54
2001-09-07 00:00:00,137.0,53.0,179.18
2001-09-08 00:00:00,91.0,15.0,167.07
2001-09-09 00:00:00,25.0,15.0,99.67
2001-09-10 00:00:00,76.0,66.0,131.03
2001-09-11 00:00:00,98.0,33.0,118.94
2001-09-12 00:00:00,146.0,41.0,1067.92
2001-09-13 00:00:00,142.0,17.0,174.52
2001-09-14 00:00:00,84.0,0.0,141.35
2001-09-15 00:00:00,9.0,0.0,91.96
2001-09-16 00:00:00,10.0,0.0,54.45
2001-09-17 00:00:00,104.0,19.0,81.73
2001-09-18 00:00:00,42.0,13.0,131.67
2001-09-19 00:00:00,156.0,6.0,102.53
2001-09-20 00:00:00,54.0,6.0,144.91
2001-09-21 00:00:00,139.0,22.0,123.9
2001-09-22 00:00:00,17.0,21.0,156.34
2001-09-23 00:00:00,7.0,5.0,76.66
2001-09-24 00:00:00,37.0,7.0,59.98
2001-09-25 00:00:00,37.0,3.0,72.27
2001-09-26 00:00:00,32.0,4.0,85.55
2001-09-27 00:00:00,16.0,24.0,75.35
2001-09-28 00:00:00,0.0,0.0,86.48
2001-09-29 00:00:00,22.0,13.0,65.85
2001-09-30 00:00:00,4.0,0.0,50.36
2001-10-01 00:00:00,22.0,29.0,
2001-10-02 00:00:00,40.0,38.0,
2001-10-03 00:00:00,210.0,0.0,
2001-10-04 00:00:00,46.0,0.0,
2001-10-05 00:00:00,120.0,0.0,
2001-10-06 00:00:00,131.0,0.0,
2001-10-07 00:00:00,91.0,0.0,
2001-10-08 00:00:00,281.0,0.0,
2001-10-09 00:00:00,73.0,0.0,
2001-10-10 00:00:00,51.0,0.0,
2001-10-11 00:00:00,39.0,0.0,
2001-10-12 00:00:00,86.0,0.0,
2001-10-13 00:00:00,60.0,0.0,
2001-10-14 00:00:00,0.0,0.0,
2001-10-15 00:00:00,209.0,0.0,
2001-10-16 00:00:00,241.0,0.0,
2001-10-17 00:00:00,203.0,4.0,
2001-10-18 00:00:00,304.0,0.0,
2001-10-19 00:00:00,372.0,1.0,
2001-10-20 00:00:00,368.0,0.0,
2001-10-21 00:00:00,103.0,0.0,
2001-10-22 00:00:00,321.0,0.0,
2001-10-23 00:00:00,315.0,0.0,
2001-10-24 00:00:00,406.0,0.0,
2001-10-25 00:00:00,280.0,0.0,
2001-10-26 00:00:00,343.0,0.0,
2001-10-27 00:00:00,312.0,0.0,
2001-10-28 00:00:00,243.0,5.0,
2001-10-29 00:00:00,273.0,0.0,
2001-10-30 00:00:00,379.0,0.0,
2001-10-31 00:00:00,383.0,0.0,
2001-11-01 00:00:00,218.0,0.0,
2001-11-02 00:00:00,237.0,0.0,
2001-11-03 00:00:00,247.0,0.0,
2001-11-04 00:00:00,64.0,0.0,
2001-11-05 00:00:00,185.0,0.0,
2001-11-06 00:00:00,334.0,5.0,
2001-11-07 00:00:00,274.0,3.0,
2001-11-08 00:00:00,265.0,0.0,
2001-11-09 00:00:00,293.0,0.0,
2001-11-10 00:00:00,90.0,0.0,
2001-11-11 00:00:00,109.0,0.0,
2001-11-12 00:00:00,406.0,2.0,
2001-11-13 00:00:00,387.0,0.0,
2001-11-14 00:00:00,383.0,0.0,
2001-11-15 00:00:00,357.0,0.0,
2001-11-16 00:00:00,489.0,0.0,
2001-11-17 00:00:00,541.0,0.0,
2001-11-18 00:00:00,273.0,0.0,
2001-11-19 00:00:00,388.0,0.0,
2001-11-20 00:00:00,192.0,48.0,
2001-11-21 00:00:00,329.0,0.0,
2001-11-22 00:00:00,319.0,0.0,237.35
2001-11-23 00:00:00,137.0,0.0,164.89
2001-11-24 00:00:00,169.0,0.0,83.67
2001-11-25 00:00:00,99.0,0.0,112.36
2001-11-26 00:00:00,207.0,0.0,90.56
2001-11-27 00:00:00,139.0,0.0,132.39
2001-11-28 00:00:00,148.0,0.0,113.53
2001-11-29 00:00:00,167.0,4.0,115.78
2001-11-30 00:00:00,147.0,0.0,122.29
2001-12-01 00:00:00,52.0,0.0,85.42
2001-12-02 00:00:00,181.0,0.0,70.37
2001-12-03 00:00:00,269.0,0.0,133.74
2001-12-04 00:00:00,299.0,30.0,182.48
2001-12-05 00:00:00,405.0,0.0,291.16
2001-12-06 00:00:00,80.0,0.0,169.84
2001-12-07 00:00:00,111.0,0.0,75.01
2001-12-08 00:00:00,16.0,0.0,77.7
2001-12-09 00:00:00,34.0,0.0,37.84
2001-12-10 00:00:00,190.0,0.0,70.04
2001-12-11 00:00:00,359.0,31.0,186.98
2001-12-12 00:00:00,337.0,12.0,227.96
2001-12-13 00:00:00,401.0,14.0,317.58
2001-12-14 00:00:00,378.0,0.0,254.61
2001-12-15 00:00:00,241.0,0.0,197.02
2001-12-16 00:00:00,295.0,0.0,181.32
2001-12-17 00:00:00,474.0,17.0,272.83
2001-12-18 00:00:00,571.0,0.0,429.26
2001-12-19 00:00:00,419.0,27.0,341.14
2001-12-20 00:00:00,284.0,40.0,290.09
2001-12-21 00:00:00,97.0,37.0,133.81
2001-12-22 00:00:00,193.0,0.0,78.38
2001-12-23 00:00:00,144.0,0.0,138.44
2001-12-24 00:00:00,0.0,0.0,92.28
2001-12-25 00:00:00,0.0,5.0,36.3
2001-12-26 00:00:00,22.0,31.0,37.52
2001-12-27 00:00:00,54.0,64.0,61.49
2001-12-28 00:00:00,21.0,58.0,71.68
2001-12-29 00:00:00,11.0,35.0,51.55
2001-12-30 00:00:00,0.0,20.0,42.01
2001-12-31 00:00:00,0.0,0.0,39.83
2002-01-01 00:00:00,0.0,0.0,36.3
2002-01-02 00:00:00,66.0,53.0,43.69
2002-01-03 00:00:00,61.0,53.0,85.22
2002-01-04 00:00:00,6.0,30.0,77.16
2002-01-05 00:00:00,52.0,0.0,42.79
2002-01-06 00:00:00,49.0,0.0,51.11
2002-01-07 00:00:00,12.0,42.0,53.83
2002-01-08 00:00:00,270.0,0.0,91.64
2002-01-09 00:00:00,308.0,10.0,197.42
2002-01-10 00:00:00,467.0,0.0,249.3
2002-01-11 00:00:00,351.0,9.0,289.32
2002-01-12 00:00:00,24.0,0.0,176.32
2002-01-13 00:00:00,0.0,0.0,36.3
2002-01-14 00:00:00,318.0,49.0,82.53
2002-01-15 00:00:00,441.0,1.0,277.64
2002-01-16 00:00:00,333.0,9.0,282.62
2002-01-17 00:00:00,356.0,38.0,249.2
2002-01-18 00:00:00,245.0,47.0,259.14
2002-01-19 00:00:00,55.0,0.0,113.71
2002-01-20 00:00:00,38.0,0.0,52.25
2002-01-21 00:00:00,169.0,69.0,107.7
2002-01-22 00:00:00,43.0,81.0,128.79
2002-01-23 00:00:00,397.0,62.0,217.12
2002-01-24 00:00:00,295.0,41.0,427.24
2002-01-25 00:00:00,18.0,68.0,147.04
2002-01-26 00:00:00,33.0,0.0,68.46
2002-01-27 00:00:00,44.0,0.0,44.24
2002-01-28 00:00:00,19.0,30.0,61.78
2002-01-29 00:00:00,28.0,15.0,74.95
2002-01-30 00:00:00,93.0,42.0,67.07
2002-01-31 00:00:00,41.0,33.0,121.9
2002-02-01 00:00:00,52.0,14.0,54.0
2002-02-02 00:00:00,0.0,0.0,64.09
2002-02-03 00:00:00,16.0,0.0,36.3
2002-02-04 00:00:00,67.0,6.0,51.72
2002-02-05 00:00:00,65.0,22.0,66.07
2002-02-06 00:00:00,104.0,0.0,80.05
2002-02-07 00:00:00,52.0,0.0,103.75
2002-02-08 00:00:00,0.0,0.0,50.16
2002-02-09 00:00:00,26.0,0.0,50.65
2002-02-10 00:00:00,17.0,0.0,75.31
2002-02-11 00:00:00,70.0,0.0,63.4
2002-02-12 00:00:00,26.0,0.0,78.95
2002-02-13 00:00:00,36.0,0.0,70.32
2002-02-14 00:00:00,18.0,0.0,76.51
2002-02-15 00:00:00,15.0,0.0,
2002-02-16 00:00:00,46.0,0.0,
2002-02-17 00:00:00,23.0,0.0,
2002-02-18 00:00:00,105.0,3.0,
2002-02-19 00:00:00,119.0,5.0,
2002-02-20 00:00:00,137.0,0.0,
2002-02-21 00:00:00,71.0,5.0,
2002-02-22 00:00:00,0.0,0.0,
2002-02-23 00:00:00,57.0,0.0,51.48
2002-02-24 00:00:00,41.0,0.0,81.92
2002-02-25 00:00:00,147.0,1.0,104.93
2002-02-26 00:00:00,89.0,0.0,139.18
2002-02-27 00:00:00,87.0,1.0,111.38
2002-02-28 00:00:00,81.0,0.0,120.18
2002-03-01 00:00:00,12.0,0.0,105.27
2002-03-02 00:00:00,205.0,0.0,106.51
2002-03-03 00:00:00,92.0,0.0,163.88
2002-03-04 00:00:00,370.0,0.0,206.4
2002-03-05 00:00:00,208.0,0.0,298.97
2002-03-06 00:00:00,314.0,0.0,284.04
2002-03-07 00:00:00,308.0,1.0,279.61
2002-03-08 00:00:00,260.0,0.0,267.69
2002-03-09 00:00:00,105.0,0.0,224.38
2002-03-10 00:00:00,73.0,0.0,102.17
2002-03-11 00:00:00,304.0,0.0,152.51
2002-03-12 00:00:00,194.0,0.0,265.87
2002-03-13 00:00:00,233.0,0.0,222.27
2002-03-14 00:00:00,465.0,0.0,477.25
2002-03-15 00:00:00,422.0,10.0,528.75
2002-03-16 00:00:00,373.0,15.0,554.94
2002-03-17 00:00:00,261.0,41.0,436.62
2002-03-18 00:00:00,197.0,67.0,427.34
2002-03-19 00:00:00,173.0,51.0,315.94
2002-03-20 00:00:00,200.0,13.0,306.0
2002-03-21 00:00:00,170.0,9.0,269.86
2002-03-22 00:00:00,182.0,0.0,256.57
2002-03-23 00:00:00,126.0,0.0,202.38
2002-03-24 00:00:00,32.0,0.0,166.18
2002-03-25 00:00:00,148.0,62.0,126.39
2002-03-26 00:00:00,38.0,37.0,204.21
2002-03-27 00:00:00,56.0,11.0,143.26
2002-03-28 00:00:00,87.0,2.0,122.79
2002-03-29 00:00:00,43.0,0.0,116.18
2002-03-30 00:00:00,148.0,23.0,124.27
2002-03-31 00:00:00,16.0,0.0,147.03
2002-04-01 00:00:00,95.0,53.0,142.87
2002-04-02 00:00:00,216.0,0.0,114.02
2002-04-03 00:00:00,243.0,53.0,278.32
2002-04-04 00:00:00,202.0,63.0,261.53
2002-04-05 00:00:00,264.0,39.0,259.47
2002-04-06 00:00:00,211.0,0.0,265.12
2002-04-07 00:00:00,82.0,0.0,137.95
2002-04-08 00:00:00,301.0,0.0,234.36
2002-04-09 00:00:00,258.0,0.0,311.62
2002-04-10 00:00:00,230.0,8.0,216.69
2002-04-11 00:00:00,265.0,6.0,342.1
2002-04-12 00:00:00,39.0,29.0,186.38
2002-04-13 00:00:00,45.0,0.0,118.5
2002-04-14 00:00:00,13.0,0.0,66.78
2002-04-15 00:00:00,232.0,48.0,151.25
2002-04-16 00:00:00,212.0,0.0,251.26
2002-04-17 00:00:00,255.0,0.0,204.54
2002-04-18 00:00:00,86.0,0.0,188.35
2002-04-19 00:00:00,174.0,0.0,147.67
2002-04-20 00:00:00,112.0,23.0,166.22
2002-04-21 00:00:00,35.0,22.0,145.61
2002-04-22 00:00:00,26.0,0.0,58.06
2002-04-23 00:00:00,0.0,0.0,59.05
2002-04-24 00:00:00,7.0,0.0,46.03
2002-04-25 00:00:00,14.0,3.0,66.4
2002-04-26 00:00:00,17.0,2.0,57.95
2002-04-27 00:00:00,21.0,7.0,72.83
2002-04-28 00:00:00,21.0,0.0,63.22
2002-04-29 00:00:00,81.0,0.0,55.63
2002-04-30 00:00:00,5.0,2.0,99.47
2002-05-01 00:00:00,0.0,0.0,61.43
2002-05-02 00:00:00,0.0,0.0,47.24
2002-05-03 00:00:00,19.0,0.0,45.29
2002-05-04 00:00:00,0.0,2.0,57.72
2002-05-05 00:00:00,0.0,0.0,44.49
2002-05-06 00:00:00,0.0,2.0,42.92
2002-05-07 00:00:00,212.0,25.0,108.02
2002-05-08 00:00:00,197.0,0.0,213.41
2002-05-09 00:00:00,147.0,1.0,184.57
2002-05-10 00:00:00,31.0,0.0,130.75
2002-05-11 00:00:00,30.0,0.0,70.75
2002-05-12 00:00:00,8.0,0.0,46.13
2002-05-13 00:00:00,35.0,15.0,67.47
2002-05-14 00:00:00,7.0,0.0,88.32
2002-05-15 00:00:00,22.0,0.0,53.41
2002-05-16 00:00:00,17.0,0.0,65.55
2002-05-17 00:00:00,21.0,0.0,63.62
2002-05-18 00:00:00,12.0,0.0,61.94
2002-05-19 00:00:00,0.0,0.0,49.8
2002-05-20 00:00:00,35.0,0.0,45.61
2002-05-21 00:00:00,54.0,0.0,82.94
2002-05-22 00:00:00,69.0,0.0,96.81
2002-05-23 00:00:00,0.0,0.0,83.48
2002-05-24 00:00:00,106.0,0.0,54.16
2002-05-25 00:00:00,20.0,0.0,102.22
2002-05-26 00:00:00,1.0,0.0,52.23
2002-05-27 00:00:00,88.0,6.0,54.18
2002-05-28 00:00:00,119.0,2.0,113.86
2002-05-29 00:00:00,156.0,0.0,145.8
2002-05-30 00:00:00,146.0,0.0,156.44
2002-05-31 00:00:00,146.0,0.0,155.43
2002-06-01 00:00:00,125.0,0.0,142.45
2002-06-02 00:00:00,81.0,0.0,118.51
2002-06-03 00:00:00,290.0,2.0,148.2
2002-06-04 00:00:00,284.0,0.0,286.2
2002-06-05 00:00:00,97.0,0.0,205.72
2002-06-06 00:00:00,122.0,13.0,143.23
2002-06-07 00:00:00,60.0,0.0,108.58
2002-06-08 00:00:00,8.0,0.0,87.01
2002-06-09 00:00:00,7.0,0.0,44.57
2002-06-10 00:00:00,48.0,0.0,44.68
2002-06-11 00:00:00,36.0,0.0,82.42
2002-06-12 00:00:00,106.0,23.0,71.77
2002-06-13 00:00:00,141.0,0.0,125.62
2002-06-14 00:00:00,108.0,0.0,127.13
2002-06-15 00:00:00,109.0,50.0,165.37
2002-06-16 00:00:00,27.0,56.0,157.25
2002-06-17 00:00:00,273.0,6.0,132.36
2002-06-18 00:00:00,272.0,3.0,236.88
2002-06-19 00:00:00,168.0,44.0,289.87
2002-06-20 00:00:00,0.0,26.0,117.52
2002-06-21 00:00:00,143.0,0.0,65.76
2002-06-22 00:00:00,22.0,0.0,123.79
2002-06-23 00:00:00,23.0,0.0,64.75
2002-06-24 00:00:00,25.0,1.0,58.21
2002-06-25 00:00:00,98.0,17.0,67.51
2002-06-26 00:00:00,80.0,1.0,120.58
2002-06-27 00:00:00,95.0,1.0,99.66
2002-06-28 00:00:00,63.0,3.0,105.05
2002-06-29 00:00:00,0.0,0.0,89.79
2002-06-30 00:00:00,7.0,0.0,47.23
2002-07-01 00:00:00,0.0,17.0,49.43
2002-07-02 00:00:00,16.0,4.0,48.68
2002-07-03 00:00:00,64.0,2.0,59.72
2002-07-04 00:00:00,87.0,36.0,114.81
2002-07-05 00:00:00,20.0,8.0,96.06
2002-07-06 00:00:00,0.0,3.0,70.59
2002-07-07 00:00:00,0.0,0.0,44.82
2002-07-08 00:00:00,0.0,30.0,54.89
2002-07-09 00:00:00,18.0,63.0,74.52
2002-07-10 00:00:00,0.0,43.0,90.55
2002-07-11 00:00:00,26.0,44.0,90.24
2002-07-12 00:00:00,23.0,55.0,115.43
2002-07-13 00:00:00,0.0,0.0,75.79
2002-07-14 00:00:00,0.0,1.0,42.88
2002-07-15 00:00:00,37.0,65.0,67.57
2002-07-16 00:00:00,31.0,67.0,107.23
2002-07-17 00:00:00,10.0,75.0,120.34
2002-07-18 00:00:00,0.0,78.0,146.24
2002-07-19 00:00:00,0.0,82.0,125.97
2002-07-20 00:00:00,0.0,0.0,62.5
2002-07-21 00:00:00,0.0,5.0,37.51
2002-07-22 00:00:00,16.0,56.0,64.76
2002-07-23 00:00:00,28.0,60.0,94.77
2002-07-24 00:00:00,34.0,74.0,116.21
2002-07-25 00:00:00,8.0,73.0,119.95
2002-07-26 00:00:00,0.0,55.0,113.99
2002-07-27 00:00:00,0.0,0.0,53.82
2002-07-28 00:00:00,0.0,0.0,37.26
2002-07-29 00:00:00,40.0,68.0,66.51
2002-07-30 00:00:00,0.0,58.0,104.93
2002-07-31 00:00:00,19.0,35.0,84.38
2002-08-01 00:00:00,0.0,12.0,71.96
2002-08-02 00:00:00,21.0,10.0,53.73
2002-08-03 00:00:00,8.0,8.0,55.65
2002-08-04 00:00:00,8.0,11.0,50.19
2002-08-05 00:00:00,19.0,49.0,74.06
2002-08-06 00:00:00,20.0,29.0,72.86
2002-08-07 00:00:00,25.0,56.0,100.77
2002-08-08 00:00:00,0.0,46.0,91.52
2002-08-09 00:00:00,8.0,36.0,81.16
2002-08-10 00:00:00,12.0,29.0,65.64
2002-08-11 00:00:00,9.0,23.0,69.05
2002-08-12 00:00:00,24.0,20.0,62.27
2002-08-13 00:00:00,20.0,36.0,79.01
2002-08-14 00:00:00,34.0,22.0,79.67
2002-08-15 00:00:00,20.0,34.0,88.56
2002-08-16 00:00:00,0.0,44.0,72.18
2002-08-17 00:00:00,0.0,50.0,68.59
2002-08-18 00:00:00,0.0,34.0,64.58
2002-08-19 00:00:00,21.0,14.0,53.02
2002-08-20 00:00:00,34.0,5.0,49.36
2002-08-21 00:00:00,46.0,18.0,69.82
2002-08-22 00:00:00,51.0,3.0,76.06
2002-08-23 00:00:00,0.0,2.0,75.19
2002-08-24 00:00:00,0.0,0.0,39.51
2002-08-25 00:00:00,0.0,12.0,35.25
2002-08-26 00:00:00,12.0,25.0,53.9
2002-08-27 00:00:00,25.0,10.0,54.83
2002-08-28 00:00:00,23.0,50.0,80.75
2002-08-29 00:00:00,8.0,51.0,89.6
2002-08-30 00:00:00,65.0,24.0,95.29
2002-08-31 00:00:00,0.0,0.0,82.45
2002-09-01 00:00:00,0.0,0.0,38.64
2002-09-02 00:00:00,21.57,2.19,35.32
2002-09-03 00:00:00,30.88,0.0,61.15
2002-09-04 00:00:00,9.65,13.55,60.72
2002-09-05 00:00:00,17.38,14.91,65.5
2002-09-06 00:00:00,24.52,9.0,66.22
2002-09-07 00:00:00,0.0,2.6,61.44
2002-09-08 00:00:00,0.0,0.0,37.95
2002-09-09 00:00:00,,,39.87
2002-09-10 00:00:00,29.44,0.0,66.06
2002-09-11 00:00:00,34.23,0.0,62.48
2002-09-12 00:00:00,20.74,44.47,75.62
2002-09-13 00:00:00,0.0,14.85,71.46
2002-09-14 00:00:00,72.59,0.0,47.65
2002-09-15 00:00:00,19.92,0.0,71.3
2002-09-16 00:00:00,58.0,0.0,56.75
2002-09-17 00:00:00,43.53,7.45,89.04
2002-09-18 00:00:00,20.53,39.33,90.95
2002-09-19 00:00:00,33.12,43.18,85.35
2002-09-20 00:00:00,13.03,14.11,72.59
2002-09-21 00:00:00,0.0,0.0,60.81
2002-09-22 00:00:00,0.0,9.3,42.3
2002-09-23 00:00:00,18.78,1.32,46.08
2002-09-24 00:00:00,26.67,7.17,62.67
2002-09-25 00:00:00,63.01,34.8,83.05
2002-09-26 00:00:00,20.12,42.01,123.82
2002-09-27 00:00:00,12.2,7.13,71.72
2002-09-28 00:00:00,0.0,2.35,50.64
2002-09-29 00:00:00,0.0,11.95,42.39
2002-09-30 00:00:00,34.42,43.73,65.41
2002-10-01 00:00:00,30.27,0.0,76.49
2002-10-02 00:00:00,17.55,43.19,79.62
2002-10-03 00:00:00,25.68,8.38,60.74
2002-10-04 00:00:00,35.68,43.7,89.95
2002-10-05 00:00:00,0.0,12.37,71.37
2002-10-06 00:00:00,0.0,12.29,46.64
2002-10-07 00:00:00,21.03,25.52,60.69
2002-10-08 00:00:00,31.11,28.94,74.19
2002-10-09 00:00:00,14.95,0.21,68.26
2002-10-10 00:00:00,14.59,1.68,51.02
2002-10-11 00:00:00,0.0,0.0,63.34
2002-10-12 00:00:00,0.0,4.2,55.69
2002-10-13 00:00:00,0.0,0.0,39.13
2002-10-14 00:00:00,28.78,0.0,36.7
2002-10-15 00:00:00,21.77,8.05,62.24
2002-10-16 00:00:00,25.74,0.0,60.55
2002-10-17 00:00:00,31.18,0.0,59.87
2002-10-18 00:00:00,,,63.23
2002-10-19 00:00:00,,,41.01
2002-10-20 00:00:00,0.0,8.8,38.05
2002-10-21 00:00:00,26.44,0.0,45.89
2002-10-22 00:00:00,30.66,10.98,61.96
2002-10-23 00:00:00,58.98,0.0,70.71
2002-10-24 00:00:00,0.0,52.62,107.29
2002-10-25 00:00:00,8.58,15.03,87.47
2002-10-26 00:00:00,12.33,6.76,52.04
2002-10-27 00:00:00,,,59.98
2002-10-28 00:00:00,13.43,62.51,86.35
2002-10-29 00:00:00,37.47,11.48,69.3
2002-10-30 00:00:00,25.49,0.0,70.46
2002-10-31 00:00:00,8.18,0.0,71.34
2002-11-01 00:00:00,0.0,0.0,50.97
2002-11-02 00:00:00,0.0,6.33,41.77
2002-11-03 00:00:00,0.0,8.52,42.74
2002-11-04 00:00:00,41.99,15.72,57.66
2002-11-05 00:00:00,32.41,28.3,81.61
2002-11-06 00:00:00,42.36,19.06,79.34
2002-11-07 00:00:00,31.71,20.47,73.9
2002-11-08 00:00:00,0.0,18.08,70.3
2002-11-09 00:00:00,0.0,18.41,56.0
2002-11-10 00:00:00,0.0,20.07,50.98
2002-11-11 00:00:00,25.6,55.51,77.97
2002-11-12 00:00:00,29.51,25.12,87.67
2002-11-13 00:00:00,55.78,22.48,67.84
2002-11-14 00:00:00,0.0,15.33,85.27
2002-11-15 00:00:00,0.0,24.11,74.23
2002-11-16 00:00:00,0.0,67.49,80.83
2002-11-17 00:00:00,14.54,29.9,77.4
2002-11-18 00:00:00,109.37,87.25,158.16
2002-11-19 00:00:00,90.62,12.7,149.67
2002-11-20 00:00:00,185.69,40.39,311.3
2002-11-21 00:00:00,214.03,60.09,281.33
2002-11-22 00:00:00,154.39,74.18,269.42
2002-11-23 00:00:00,201.97,103.34,370.05
2002-11-24 00:00:00,154.88,117.96,364.58
2002-11-25 00:00:00,351.1,132.67,438.51
2002-11-26 00:00:00,243.74,128.95,470.3
2002-11-27 00:00:00,203.23,131.84,453.03
2002-11-28 00:00:00,291.54,116.42,408.17
2002-11-29 00:00:00,344.52,132.01,466.38
2002-11-30 00:00:00,128.57,132.27,371.14
2002-12-01 00:00:00,165.26,132.29,272.42
2002-12-02 00:00:00,161.79,132.29,294.18
2002-12-03 00:00:00,33.24,130.89,254.37
2002-12-04 00:00:00,7.09,134.32,203.66
2002-12-05 00:00:00,65.46,134.52,196.52
2002-12-06 00:00:00,104.77,135.28,176.39
2002-12-07 00:00:00,294.54,149.53,310.25
2002-12-08 00:00:00,391.44,166.95,452.37
2002-12-09 00:00:00,458.94,171.17,567.49
2002-12-10 00:00:00,415.57,85.85,437.42
2002-12-11 00:00:00,557.64,107.04,687.23
2002-12-12 00:00:00,388.5,202.73,589.61
2002-12-13 00:00:00,391.3,203.06,573.74
2002-12-14 00:00:00,497.77,198.94,681.54
2002-12-15 00:00:00,609.55,201.5,863.87
2002-12-16 00:00:00,477.73,202.02,737.33
2002-12-17 00:00:00,521.86,201.82,740.11
2002-12-18 00:00:00,754.44,200.06,1099.26
2002-12-19 00:00:00,989.71,193.64,1336.41
2002-12-20 00:00:00,1200.87,197.49,1445.56
2002-12-21 00:00:00,1024.32,200.02,1318.55
2002-12-22 00:00:00,1123.83,200.08,1298.26
2002-12-23 00:00:00,1077.14,200.51,1350.2
2002-12-24 00:00:00,,,1268.17
2002-12-25 00:00:00,786.66,162.77,1036.72
2002-12-26 00:00:00,929.92,137.53,1053.26
2002-12-27 00:00:00,1170.32,182.09,1351.85
2002-12-28 00:00:00,1277.88,445.9,1949.09
2002-12-29 00:00:00,1221.17,651.74,1983.8
2002-12-30 00:00:00,1280.05,586.68,1884.9
2002-12-31 00:00:00,1312.3,344.82,1690.18
2003-01-01 00:00:00,823.77,303.95,1311.28
2003-01-02 00:00:00,1091.48,325.84,1319.8
2003-01-03 00:00:00,1302.73,558.58,1868.87
2003-01-04 00:00:00,,,2015.81
2003-01-05 00:00:00,1103.83,654.0,1878.18
2003-01-06 00:00:00,1140.19,439.4,1734.53
2003-01-07 00:00:00,1183.92,405.64,1634.92
2003-01-08 00:00:00,1348.89,405.47,1853.43
2003-01-09 00:00:00,1282.1,405.05,1853.88
2003-01-10 00:00:00,,,1700.41
2003-01-11 00:00:00,,,1479.96
2003-01-12 00:00:00,,,1551.8
2003-01-13 00:00:00,1100.66,300.36,1344.15
2003-01-14 00:00:00,811.66,245.28,1206.27
2003-01-15 00:00:00,894.13,199.75,1097.56
2003-01-16 00:00:00,1120.35,203.87,1245.18
2003-01-17 00:00:00,866.25,208.2,1203.19
2003-01-18 00:00:00,715.44,202.43,908.63
2003-01-19 00:00:00,796.32,202.09,1091.16
2003-01-20 00:00:00,937.11,238.15,1130.88
2003-01-21 00:00:00,1119.57,401.22,1706.72
2003-01-22 00:00:00,1057.65,550.4,1643.69
2003-01-23 00:00:00,828.19,529.21,1463.5
2003-01-24 00:00:00,918.09,426.34,1435.45
2003-01-25 00:00:00,754.83,307.39,1089.12
2003-01-26 00:00:00,692.65,248.42,1024.27
2003-01-27 00:00:00,608.32,173.65,841.02
2003-01-28 00:00:00,563.98,199.66,750.18
2003-01-29 00:00:00,709.73,199.87,854.19
2003-01-30 00:00:00,741.95,200.52,961.05
2003-01-31 00:00:00,722.59,200.99,875.59
2003-02-01 00:00:00,658.78,201.32,901.67
2003-02-02 00:00:00,596.34,201.33,782.4
2003-02-03 00:00:00,738.39,202.52,813.47
2003-02-04 00:00:00,659.89,203.34,855.93
2003-02-05 00:00:00,601.17,203.84,715.37
2003-02-06 00:00:00,625.3,204.57,752.78
2003-02-07 00:00:00,697.12,205.18,763.31
2003-02-08 00:00:00,704.04,204.83,833.48
2003-02-09 00:00:00,377.47,200.02,592.03
2003-02-10 00:00:00,518.87,189.86,541.88
2003-02-11 00:00:00,463.59,201.74,657.79
2003-02-12 00:00:00,191.18,206.18,388.0
2003-02-13 00:00:00,223.42,203.79,386.64
2003-02-14 00:00:00,291.85,113.83,338.09
2003-02-15 00:00:00,246.98,122.65,312.99
2003-02-16 00:00:00,173.86,43.29,273.69
2003-02-17 00:00:00,147.93,123.57,285.25
2003-02-18 00:00:00,228.99,159.5,297.97
2003-02-19 00:00:00,352.91,139.33,432.5
2003-02-20 00:00:00,359.14,110.84,466.72
2003-02-21 00:00:00,242.47,137.69,461.5
2003-02-22 00:00:00,302.44,137.62,429.84
2003-02-23 00:00:00,554.51,84.19,656.82
2003-02-24 00:00:00,280.53,137.45,495.22
2003-02-25 00:00:00,686.87,179.91,798.92
2003-02-26 00:00:00,919.86,177.28,1073.03
2003-02-27 00:00:00,1270.5,174.03,1519.38
2003-02-28 00:00:00,1089.36,187.27,1374.16
2003-03-01 00:00:00,903.32,175.07,1203.05
2003-03-02 00:00:00,948.02,167.15,1025.74
2003-03-03 00:00:00,876.84,179.68,1134.81
2003-03-04 00:00:00,827.13,178.52,1055.05
2003-03-05 00:00:00,654.55,191.86,919.03
2003-03-06 00:00:00,649.99,187.67,853.22
2003-03-07 00:00:00,712.18,197.72,842.98
2003-03-08 00:00:00,672.57,196.26,876.16
2003-03-09 00:00:00,517.33,183.56,767.86
2003-03-10 00:00:00,635.56,187.52,708.09
2003-03-11 00:00:00,456.28,188.1,675.35
2003-03-12 00:00:00,297.54,204.32,486.7
2003-03-13 00:00:00,412.41,198.42,503.09
2003-03-14 00:00:00,431.77,205.37,574.53
2003-03-15 00:00:00,306.77,209.5,526.94
2003-03-16 00:00:00,81.66,210.24,317.27
2003-03-17 00:00:00,147.48,210.19,284.34
2003-03-18 00:00:00,166.06,209.99,322.03
2003-03-19 00:00:00,228.22,207.6,298.31
2003-03-20 00:00:00,404.82,207.79,513.64
2003-03-21 00:00:00,177.16,208.57,385.13
2003-03-22 00:00:00,155.47,200.9,279.96
2003-03-23 00:00:00,37.55,206.61,309.47
2003-03-24 00:00:00,183.25,161.37,216.26
2003-03-25 00:00:00,163.47,113.4,264.99
2003-03-26 00:00:00,369.6,134.36,325.78
2003-03-27 00:00:00,325.54,137.62,453.38
2003-03-28 00:00:00,571.24,70.07,537.04
2003-03-29 00:00:00,631.6,17.53,600.64
2003-03-30 00:00:00,,,1059.52
2003-03-31 00:00:00,988.6,86.18,1213.36
2003-04-01 00:00:00,317.67,96.39,768.53
2003-04-02 00:00:00,527.48,65.88,725.41
2003-04-03 00:00:00,657.55,5.43,702.42
2003-04-04 00:00:00,,,529.75
2003-04-05 00:00:00,,,421.12
2003-04-06 00:00:00,213.86,0.0,312.99
2003-04-07 00:00:00,461.94,56.66,340.2
2003-04-08 00:00:00,584.4,42.91,561.23
2003-04-09 00:00:00,582.53,6.33,498.04
2003-04-10 00:00:00,,,605.6
2003-04-11 00:00:00,,,480.0
2003-04-12 00:00:00,550.13,0.0,494.94
2003-04-13 00:00:00,438.11,0.0,444.76
2003-04-14 00:00:00,512.0,0.0,446.69
2003-04-15 00:00:00,479.61,80.48,561.89
2003-04-16 00:00:00,429.74,84.13,505.86
2003-04-17 00:00:00,,,443.56
2003-04-18 00:00:00,,,300.12
2003-04-19 00:00:00,,,481.82
2003-04-20 00:00:00,445.76,8.51,432.69
2003-04-21 00:00:00,366.13,78.76,396.46
2003-04-22 00:00:00,481.67,8.86,422.81
2003-04-23 00:00:00,387.33,78.05,416.11
2003-04-24 00:00:00,439.95,105.66,495.57
2003-04-25 00:00:00,,,507.41
2003-04-26 00:00:00,,,305.32
2003-04-27 00:00:00,86.9,140.0,323.83
2003-04-28 00:00:00,385.75,131.94,314.25
2003-04-29 00:00:00,339.46,119.72,439.45
2003-04-30 00:00:00,439.45,103.06,407.05
2003-05-01 00:00:00,70.25,58.54,484.35
2003-05-02 00:00:00,146.91,86.66,298.09
2003-05-03 00:00:00,245.57,103.49,350.51
2003-05-04 00:00:00,92.48,160.0,228.24
2003-05-05 00:00:00,332.18,160.0,305.89
2003-05-06 00:00:00,251.01,115.56,289.04
2003-05-07 00:00:00,334.86,108.33,301.27
2003-05-08 00:00:00,409.94,122.5,415.94
2003-05-09 00:00:00,462.79,100.02,501.76
2003-05-10 00:00:00,140.22,85.94,281.99
2003-05-11 00:00:00,52.57,82.01,169.63
2003-05-12 00:00:00,88.96,79.4,149.93
2003-05-13 00:00:00,9.62,44.35,113.05
2003-05-14 00:00:00,6.93,50.36,82.57
2003-05-15 00:00:00,54.23,83.68,111.2
2003-05-16 00:00:00,17.71,95.78,133.56
2003-05-17 00:00:00,,,113.58
2003-05-18 00:00:00,,,130.2
2003-05-19 00:00:00,,,140.47
2003-05-20 00:00:00,,,165.6
2003-05-21 00:00:00,,,221.03
2003-05-22 00:00:00,,,208.24
2003-05-23 00:00:00,,,266.83
2003-05-24 00:00:00,,,170.43
2003-05-25 00:00:00,0.0,14.44,62.93
2003-05-26 00:00:00,121.49,95.91,113.96
2003-05-27 00:00:00,,,179.65
2003-05-28 00:00:00,39.99,79.4,160.62
2003-05-29 00:00:00,71.23,58.33,114.41
2003-05-30 00:00:00,78.11,54.35,101.44
2003-05-31 00:00:00,66.15,40.43,109.05
2003-06-01 00:00:00,32.64,11.25,102.35
2003-06-02 00:00:00,13.78,59.86,118.38
2003-06-03 00:00:00,14.57,70.54,87.41
2003-06-04 00:00:00,78.04,69.59,124.48
2003-06-05 00:00:00,32.93,83.46,117.99
2003-06-06 00:00:00,47.55,88.63,120.97
2003-06-07 00:00:00,,63.05,100.23
2003-06-08 00:00:00,2.52,23.28,63.79
2003-06-09 00:00:00,63.71,65.4,93.92
2003-06-10 00:00:00,45.6,27.92,118.79
2003-06-11 00:00:00,76.7,85.65,109.53
2003-06-12 00:00:00,178.89,85.33,178.93
2003-06-13 00:00:00,211.11,91.15,266.24
2003-06-14 00:00:00,59.68,22.71,164.15
2003-06-15 00:00:00,39.67,62.87,140.77
2003-06-16 00:00:00,420.21,58.97,205.22
2003-06-17 00:00:00,235.06,68.6,322.86
2003-06-18 00:00:00,198.47,72.98,219.31
2003-06-19 00:00:00,252.64,55.97,262.11
2003-06-20 00:00:00,237.4,49.13,244.85
2003-06-21 00:00:00,94.28,0.0,178.8
2003-06-22 00:00:00,10.94,2.97,78.48
2003-06-23 00:00:00,152.11,33.57,92.22
2003-06-24 00:00:00,104.62,8.23,129.19
2003-06-25 00:00:00,357.94,39.58,233.41
2003-06-26 00:00:00,219.92,43.47,263.37
2003-06-27 00:00:00,216.52,62.84,220.91
2003-06-28 00:00:00,137.74,3.94,177.9
2003-06-29 00:00:00,17.97,0.94,108.69
2003-06-30 00:00:00,211.79,6.9,98.76
2003-07-01 00:00:00,109.77,0.0,141.19
2003-07-02 00:00:00,0.0,0.0,102.8
2003-07-03 00:00:00,0.0,36.83,51.39
2003-07-04 00:00:00,33.36,51.99,61.43
2003-07-05 00:00:00,22.93,0.0,67.97
2003-07-06 00:00:00,32.98,10.75,57.43
2003-07-07 00:00:00,76.08,68.76,104.37
2003-07-08 00:00:00,93.95,37.61,93.48
2003-07-09 00:00:00,83.13,112.11,133.59
2003-07-10 00:00:00,110.04,57.95,136.04
2003-07-11 00:00:00,89.36,58.04,146.22
2003-07-12 00:00:00,35.08,0.59,101.14
2003-07-13 00:00:00,6.67,7.41,59.91
2003-07-14 00:00:00,52.91,25.42,56.83
2003-07-15 00:00:00,117.66,31.34,113.64
2003-07-16 00:00:00,66.6,50.66,127.81
2003-07-17 00:00:00,105.77,35.74,115.59
2003-07-18 00:00:00,73.2,43.72,130.95
2003-07-19 00:00:00,36.3,2.16,90.38
2003-07-20 00:00:00,18.31,9.39,63.65
2003-07-21 00:00:00,169.91,62.46,107.79
2003-07-22 00:00:00,211.71,55.46,194.37
2003-07-23 00:00:00,214.25,58.45,254.49
2003-07-24 00:00:00,283.93,53.98,221.38
2003-07-25 00:00:00,136.26,60.52,221.4
2003-07-26 00:00:00,4.93,13.39,118.22
2003-07-27 00:00:00,7.89,6.74,49.74
2003-07-28 00:00:00,35.22,64.93,71.44
2003-07-29 00:00:00,94.09,64.37,103.42
2003-07-30 00:00:00,19.23,101.78,142.13
2003-07-31 00:00:00,10.47,101.41,100.5
2003-08-01 00:00:00,40.57,96.78,100.26
2003-08-02 00:00:00,,,133.66
2003-08-03 00:00:00,,,135.34
2003-08-04 00:00:00,56.18,96.31,111.57
2003-08-05 00:00:00,226.92,95.73,195.91
2003-08-06 00:00:00,81.95,116.51,217.01
2003-08-07 00:00:00,106.57,113.94,162.43
2003-08-08 00:00:00,19.5,73.18,143.02
2003-08-09 00:00:00,24.33,105.71,108.81
2003-08-10 00:00:00,26.41,62.04,95.32
2003-08-11 00:00:00,37.88,25.08,73.48
2003-08-12 00:00:00,146.08,46.86,139.77
2003-08-13 00:00:00,,,185.86
2003-08-14 00:00:00,,,142.17
2003-08-15 00:00:00,33.5,79.48,115.96
2003-08-16 00:00:00,26.26,98.34,113.75
2003-08-17 00:00:00,45.32,59.96,90.84
2003-08-18 00:00:00,82.15,29.06,91.77
2003-08-19 00:00:00,101.6,11.69,104.15
2003-08-20 00:00:00,25.17,16.59,90.87
2003-08-21 00:00:00,24.09,10.47,60.65
2003-08-22 00:00:00,13.92,31.14,70.16
2003-08-23 00:00:00,12.2,55.65,73.82
2003-08-24 00:00:00,22.48,23.43,62.47
2003-08-25 00:00:00,4.96,10.02,54.15
2003-08-26 00:00:00,,,38.11
2003-08-27 00:00:00,36.82,0.0,62.62
2003-08-28 00:00:00,5.88,0.0,66.28
2003-08-29 00:00:00,102.74,0.0,39.25
2003-08-30 00:00:00,,,87.85
2003-08-31 00:00:00,0.0,6.01,39.73
2003-09-01 00:00:00,84.7,0.0,46.62
2003-09-02 00:00:00,187.26,18.12,121.49
2003-09-03 00:00:00,117.28,11.73,148.94
2003-09-04 00:00:00,98.94,8.19,106.3
2003-09-05 00:00:00,120.23,3.6,103.87
2003-09-06 00:00:00,15.73,0.0,94.13
2003-09-07 00:00:00,30.33,0.0,52.27
2003-09-08 00:00:00,123.26,28.82,79.94
2003-09-09 00:00:00,85.63,0.0,110.43
2003-09-10 00:00:00,25.84,17.58,76.91
2003-09-11 00:00:00,29.95,31.34,64.99
2003-09-12 00:00:00,14.2,50.88,82.08
2003-09-13 00:00:00,87.22,11.75,61.3
2003-09-14 00:00:00,56.89,11.55,98.16
2003-09-15 00:00:00,114.79,19.77,76.41
2003-09-16 00:00:00,297.32,9.72,192.59
2003-09-17 00:00:00,303.66,0.0,225.95
2003-09-18 00:00:00,360.75,11.47,288.7
2003-09-19 00:00:00,366.75,0.0,280.72
2003-09-20 00:00:00,199.46,6.07,208.32
2003-09-21 00:00:00,176.59,48.58,166.78
2003-09-22 00:00:00,297.63,0.0,195.03
2003-09-23 00:00:00,400.08,0.0,311.25
2003-09-24 00:00:00,412.07,0.0,326.02
2003-09-25 00:00:00,388.1,0.0,287.89
2003-09-26 00:00:00,419.82,0.0,318.97
2003-09-27 00:00:00,158.48,4.34,262.81
2003-09-28 00:00:00,93.06,0.0,54.97
2003-09-29 00:00:00,394.67,11.06,249.51
2003-09-30 00:00:00,281.87,0.0,231.34
2003-10-01 00:00:00,166.8,0.0,182.89
2003-10-02 00:00:00,97.66,14.41,143.26
2003-10-03 00:00:00,155.13,0.0,117.81
2003-10-04 00:00:00,19.72,1.17,95.79
2003-10-05 00:00:00,33.73,0.0,40.64
2003-10-06 00:00:00,194.39,3.08,117.37
2003-10-07 00:00:00,64.03,0.0,113.73
2003-10-08 00:00:00,209.66,0.0,125.67
2003-10-09 00:00:00,133.76,0.0,137.29
2003-10-10 00:00:00,210.47,0.0,116.23
2003-10-11 00:00:00,252.96,0.0,207.02
2003-10-12 00:00:00,103.18,0.0,164.66
2003-10-13 00:00:00,241.95,4.46,113.76
2003-10-14 00:00:00,311.94,21.98,255.97
2003-10-15 00:00:00,273.66,32.82,239.37
2003-10-16 00:00:00,132.03,1.5,169.73
2003-10-17 00:00:00,102.93,3.93,130.75
2003-10-18 00:00:00,77.87,8.89,95.4
2003-10-19 00:00:00,47.92,31.35,111.59
2003-10-20 00:00:00,231.57,26.15,130.43
2003-10-21 00:00:00,211.04,35.19,203.44
2003-10-22 00:00:00,123.82,23.68,192.52
2003-10-23 00:00:00,162.78,51.55,153.57
2003-10-24 00:00:00,212.89,55.56,192.38
2003-10-25 00:00:00,90.23,65.21,178.96
2003-10-26 00:00:00,204.02,54.91,183.64
2003-10-27 00:00:00,260.63,27.33,227.34
2003-10-28 00:00:00,430.06,15.52,432.68
2003-10-29 00:00:00,303.63,2.84,321.84
2003-10-30 00:00:00,242.24,6.49,283.43
2003-10-31 00:00:00,439.66,23.05,376.82
2003-11-01 00:00:00,274.91,97.49,555.24
2003-11-02 00:00:00,107.88,103.87,302.55
2003-11-03 00:00:00,145.65,43.26,204.46
2003-11-04 00:00:00,201.9,19.26,215.47
2003-11-05 00:00:00,226.64,40.98,251.84
2003-11-06 00:00:00,317.53,47.48,321.84
2003-11-07 00:00:00,342.6,63.13,382.76
2003-11-08 00:00:00,206.72,111.39,290.51
2003-11-09 00:00:00,88.07,107.76,224.99
2003-11-10 00:00:00,638.86,109.49,549.43
2003-11-11 00:00:00,369.48,96.65,571.72
2003-11-12 00:00:00,442.17,97.43,436.05
2003-11-13 00:00:00,400.92,100.56,460.62
2003-11-14 00:00:00,402.84,107.22,419.67
2003-11-15 00:00:00,442.13,87.26,453.57
2003-11-16 00:00:00,633.23,105.06,781.31
2003-11-17 00:00:00,514.94,97.77,597.77
2003-11-18 00:00:00,441.54,94.41,488.06
2003-11-19 00:00:00,550.36,104.22,612.37
2003-11-20 00:00:00,592.23,530.46,629.07
2003-11-21 00:00:00,486.05,91.77,520.52
2003-11-22 00:00:00,547.81,57.42,594.7
2003-11-23 00:00:00,674.4,48.07,693.25
2003-11-24 00:00:00,767.01,86.08,790.29
2003-11-25 00:00:00,670.51,111.36,742.23
2003-11-26 00:00:00,685.5,94.5,732.85
2003-11-27 00:00:00,654.21,69.4,684.12
2003-11-28 00:00:00,539.95,84.54,575.78
2003-11-29 00:00:00,688.34,93.52,647.15
2003-11-30 00:00:00,752.3,92.74,657.73
2003-12-01 00:00:00,676.21,106.88,722.6
2003-12-02 00:00:00,565.92,88.73,581.12
2003-12-03 00:00:00,563.54,98.47,589.58
2003-12-04 00:00:00,477.14,113.9,533.88
2003-12-05 00:00:00,447.43,90.95,448.87
2003-12-06 00:00:00,941.61,100.11,787.31
2003-12-07 00:00:00,958.02,121.91,1068.61
2003-12-08 00:00:00,969.64,122.55,1066.57
2003-12-09 00:00:00,1102.06,106.18,1127.04
2003-12-10 00:00:00,1299.55,129.24,1441.94
2003-12-11 00:00:00,1081.2,170.41,1280.98
2003-12-12 00:00:00,1001.58,255.33,1206.4
2003-12-13 00:00:00,1038.72,350.57,1279.92
2003-12-14 00:00:00,937.13,352.23,1218.2
2003-12-15 00:00:00,940.48,300.36,1182.64
2003-12-16 00:00:00,924.46,202.45,1054.93
2003-12-17 00:00:00,972.29,200.62,1040.21
2003-12-18 00:00:00,1260.65,192.09,1316.22
2003-12-19 00:00:00,1220.93,195.47,1336.34
2003-12-20 00:00:00,1007.71,190.19,1135.78
2003-12-21 00:00:00,897.91,201.98,1058.22
2003-12-22 00:00:00,1065.89,202.23,1167.86
2003-12-23 00:00:00,1154.62,202.57,1273.31
2003-12-24 00:00:00,896.61,202.85,1055.61
2003-12-25 00:00:00,738.92,200.83,866.83
2003-12-26 00:00:00,673.92,202.95,748.9
2003-12-27 00:00:00,678.26,207.53,755.47
2003-12-28 00:00:00,663.92,199.89,729.38
2003-12-29 00:00:00,506.81,205.09,613.6
2003-12-30 00:00:00,373.17,177.96,568.81
2003-12-31 00:00:00,436.79,199.96,470.91
2004-01-01 00:00:00,237.58,200.54,365.36
2004-01-02 00:00:00,463.46,186.52,487.76
2004-01-03 00:00:00,316.28,204.34,400.2
2004-01-04 00:00:00,143.51,204.92,383.82
2004-01-05 00:00:00,434.68,205.53,356.02
2004-01-06 00:00:00,440.07,51.75,494.8
2004-01-07 00:00:00,498.89,50.9,376.42
2004-01-08 00:00:00,595.01,23.47,528.5
2004-01-09 00:00:00,360.02,24.02,368.26
2004-01-10 00:00:00,129.44,16.15,191.58
2004-01-11 00:00:00,49.91,37.31,136.87
2004-01-12 00:00:00,125.79,89.8,140.97
2004-01-13 00:00:00,122.99,86.07,197.77
2004-01-14 00:00:00,94.68,61.79,159.61
2004-01-15 00:00:00,208.21,39.05,146.31
2004-01-16 00:00:00,139.82,24.54,184.54
2004-01-17 00:00:00,132.7,75.18,168.83
2004-01-18 00:00:00,42.42,70.56,153.79
2004-01-19 00:00:00,310.18,106.82,189.17
2004-01-20 00:00:00,40.74,84.03,245.72
2004-01-21 00:00:00,112.51,112.33,154.95
2004-01-22 00:00:00,70.46,105.92,172.14
2004-01-23 00:00:00,93.62,115.87,184.32
2004-01-24 00:00:00,31.44,53.61,130.5
2004-01-25 00:00:00,22.52,20.27,84.86
2004-01-26 00:00:00,145.83,70.77,90.72
2004-01-27 00:00:00,34.25,61.34,180.36
2004-01-28 00:00:00,81.38,66.38,123.4
2004-01-29 00:00:00,163.89,109.1,196.3
2004-01-30 00:00:00,250.12,88.2,331.89
2004-01-31 00:00:00,180.26,84.94,294.47
2004-02-01 00:00:00,620.54,141.5,698.93
2004-02-02 00:00:00,611.51,131.99,851.81
2004-02-03 00:00:00,156.98,163.72,449.01
2004-02-04 00:00:00,197.98,141.84,337.24
2004-02-05 00:00:00,530.11,128.45,470.52
2004-02-06 00:00:00,608.49,139.8,741.95
2004-02-07 00:00:00,411.79,99.09,479.54
2004-02-08 00:00:00,168.13,74.41,357.85
2004-02-09 00:00:00,566.04,114.66,466.63
2004-02-10 00:00:00,673.35,123.21,669.35
2004-02-11 00:00:00,696.99,126.13,741.22
2004-02-12 00:00:00,679.46,140.27,690.47
2004-02-13 00:00:00,609.35,102.6,645.12
2004-02-14 00:00:00,,,332.58
2004-02-15 00:00:00,86.44,71.85,218.0
2004-02-16 00:00:00,455.44,113.51,289.63
2004-02-17 00:00:00,560.3,91.9,525.85
2004-02-18 00:00:00,612.68,104.79,567.19
2004-02-19 00:00:00,467.91,110.98,503.54
2004-02-20 00:00:00,510.99,112.94,498.67
2004-02-21 00:00:00,498.06,134.64,527.56
2004-02-22 00:00:00,178.06,68.7,279.95
2004-02-23 00:00:00,248.15,113.44,237.73
2004-02-24 00:00:00,200.63,42.42,210.73
2004-02-25 00:00:00,438.62,122.66,441.3
2004-02-26 00:00:00,538.83,121.0,589.36
2004-02-27 00:00:00,337.48,108.33,569.38
2004-02-28 00:00:00,249.14,120.89,307.2
2004-02-29 00:00:00,130.01,55.98,259.99
2004-03-01 00:00:00,262.65,143.89,315.44
2004-03-02 00:00:00,440.16,118.39,417.69
2004-03-03 00:00:00,465.66,162.41,528.34
2004-03-04 00:00:00,326.1,128.29,475.79
2004-03-05 00:00:00,318.36,135.73,406.78
2004-03-06 00:00:00,151.49,127.09,313.46
2004-03-07 00:00:00,141.03,105.91,198.23
2004-03-08 00:00:00,352.49,154.81,307.72
2004-03-09 00:00:00,431.01,115.23,400.49
2004-03-10 00:00:00,349.96,102.06,385.25
2004-03-11 00:00:00,258.53,43.93,254.85
2004-03-12 00:00:00,389.12,11.34,278.91
2004-03-13 00:00:00,204.33,55.37,312.65
2004-03-14 00:00:00,143.26,6.38,156.98
2004-03-15 00:00:00,254.28,9.26,138.7
2004-03-16 00:00:00,216.64,32.58,197.47
2004-03-17 00:00:00,93.31,73.46,185.94
2004-03-18 00:00:00,158.0,96.03,185.56
2004-03-19 00:00:00,110.3,28.58,162.11
2004-03-20 00:00:00,79.86,30.29,107.56
2004-03-21 00:00:00,80.73,11.49,103.7
2004-03-22 00:00:00,227.11,16.53,134.57
2004-03-23 00:00:00,298.05,22.16,188.85
2004-03-24 00:00:00,168.22,69.98,223.54
2004-03-25 00:00:00,275.68,56.15,190.89
2004-03-26 00:00:00,260.97,11.01,242.77
2004-03-27 00:00:00,301.01,37.36,230.51
2004-03-28 00:00:00,,,247.84
2004-03-29 00:00:00,504.23,25.55,336.14
2004-03-30 00:00:00,618.8,53.62,511.1
2004-03-31 00:00:00,529.06,0.0,482.69
2004-04-01 00:00:00,448.76,12.24,273.66
2004-04-02 00:00:00,370.91,0.0,355.51
2004-04-03 00:00:00,378.12,0.0,277.69
2004-04-04 00:00:00,107.42,8.68,184.71
2004-04-05 00:00:00,284.43,32.96,173.58
2004-04-06 00:00:00,328.52,3.66,199.94
2004-04-07 00:00:00,183.78,43.59,237.97
2004-04-08 00:00:00,163.11,0.69,142.15
2004-04-09 00:00:00,127.59,10.1,152.46
2004-04-10 00:00:00,144.99,23.59,79.61
2004-04-11 00:00:00,113.15,0.0,135.08
2004-04-12 00:00:00,,,185.33
2004-04-13 00:00:00,93.05,20.08,176.87
2004-04-14 00:00:00,251.01,12.73,130.67
2004-04-15 00:00:00,253.3,14.83,223.14
2004-04-16 00:00:00,284.58,0.0,209.41
2004-04-17 00:00:00,114.72,4.97,160.28
2004-04-18 00:00:00,48.7,0.0,86.85
2004-04-19 00:00:00,237.2,3.92,119.55
2004-04-20 00:00:00,252.91,0.0,169.06
2004-04-21 00:00:00,249.21,18.45,212.07
2004-04-22 00:00:00,86.16,0.23,159.91
2004-04-23 00:00:00,103.92,4.34,72.1
2004-04-24 00:00:00,101.97,0.0,107.08
2004-04-25 00:00:00,3.49,1.24,67.61
2004-04-26 00:00:00,166.0,6.46,74.51
2004-04-27 00:00:00,112.76,7.4,110.5
2004-04-28 00:00:00,112.94,4.21,110.92
2004-04-29 00:00:00,119.33,0.0,98.88
2004-04-30 00:00:00,142.31,0.0,107.81
2004-05-01 00:00:00,156.47,10.3,112.8
2004-05-02 00:00:00,88.25,0.0,128.2
2004-05-03 00:00:00,307.59,0.0,153.7
2004-05-04 00:00:00,200.76,0.0,181.67
2004-05-05 00:00:00,237.26,0.0,162.1
2004-05-06 00:00:00,151.99,0.0,159.17
2004-05-07 00:00:00,201.82,0.0,152.21
2004-05-08 00:00:00,75.21,0.0,119.46
2004-05-09 00:00:00,188.5,4.25,80.87
2004-05-10 00:00:00,257.06,1.65,193.46
2004-05-11 00:00:00,186.05,0.0,149.21
2004-05-12 00:00:00,306.36,0.0,166.17
2004-05-13 00:00:00,197.53,0.0,230.54
2004-05-14 00:00:00,197.81,0.0,148.26
2004-05-15 00:00:00,185.19,0.0,123.49
2004-05-16 00:00:00,45.07,0.0,119.21
2004-05-17 00:00:00,222.37,2.06,110.92
2004-05-18 00:00:00,328.4,4.85,159.98
2004-05-19 00:00:00,198.3,11.97,223.94
2004-05-20 00:00:00,294.28,0.0,175.36
2004-05-21 00:00:00,275.4,0.0,232.63
2004-05-22 00:00:00,161.08,0.0,133.94
2004-05-23 00:00:00,63.91,4.48,115.49
2004-05-24 00:00:00,268.83,0.0,111.45
2004-05-25 00:00:00,294.98,2.89,207.53
2004-05-26 00:00:00,279.55,0.0,215.57
2004-05-27 00:00:00,295.35,1.84,209.7
2004-05-28 00:00:00,288.87,2.98,214.17
2004-05-29 00:00:00,129.75,0.49,157.35
2004-05-30 00:00:00,63.52,0.0,99.39
2004-05-31 00:00:00,229.28,15.67,94.91
2004-06-01 00:00:00,275.16,0.0,189.64
2004-06-02 00:00:00,306.11,0.0,215.58
2004-06-03 00:00:00,236.4,42.43,194.11
2004-06-04 00:00:00,59.97,0.0,130.1
2004-06-05 00:00:00,169.27,0.0,61.49
2004-06-06 00:00:00,72.01,,115.56
2004-06-07 00:00:00,152.1,,58.28
2004-06-08 00:00:00,119.21,,104.41
2004-06-09 00:00:00,191.77,,112.66
2004-06-10 00:00:00,218.41,,154.84
2004-06-11 00:00:00,97.32,,105.63
2004-06-12 00:00:00,142.59,,77.53
2004-06-13 00:00:00,16.13,0.0,78.95
2004-06-14 00:00:00,71.24,0.0,34.46
2004-06-15 00:00:00,107.84,0.0,34.46
2004-06-16 00:00:00,46.55,46.53,55.37
2004-06-17 00:00:00,140.11,0.0,43.54
2004-06-18 00:00:00,44.57,0.0,74.93
2004-06-19 00:00:00,22.96,0.0,36.73
2004-06-20 00:00:00,22.88,0.0,36.72
2004-06-21 00:00:00,162.08,0.0,61.71
2004-06-22 00:00:00,196.94,7.95,111.48
2004-06-23 00:00:00,210.11,3.16,140.67
2004-06-24 00:00:00,139.72,0.0,115.66
2004-06-25 00:00:00,120.51,11.64,80.47
2004-06-26 00:00:00,147.12,1.03,95.6
2004-06-27 00:00:00,17.59,4.63,64.16
2004-06-28 00:00:00,210.51,1.83,62.65
2004-06-29 00:00:00,235.29,1.33,127.69
2004-06-30 00:00:00,254.05,0.0,137.84
2004-07-01 00:00:00,233.88,0.0,144.03
2004-07-02 00:00:00,214.14,6.2,133.95
2004-07-03 00:00:00,31.72,0.0,98.39
2004-07-04 00:00:00,0.0,0.0,15.35
2004-07-05 00:00:00,196.27,16.53,42.15
2004-07-06 00:00:00,147.1,0.0,116.97
2004-07-07 00:00:00,227.68,0.0,111.24
2004-07-08 00:00:00,108.3,0.0,148.54
2004-07-09 00:00:00,132.48,0.0,86.46
2004-07-10 00:00:00,53.11,0.0,69.87
2004-07-11 00:00:00,50.43,0.0,60.45
2004-07-12 00:00:00,246.55,0.0,106.41
2004-07-13 00:00:00,170.21,5.99,176.81
2004-07-14 00:00:00,173.33,13.67,105.48
2004-07-15 00:00:00,206.77,0.0,136.4
2004-07-16 00:00:00,224.78,11.37,173.3
2004-07-17 00:00:00,37.51,0.0,143.03
2004-07-18 00:00:00,15.88,0.0,47.4
2004-07-19 00:00:00,44.58,0.0,49.47
2004-07-20 00:00:00,98.41,0.0,60.85
2004-07-21 00:00:00,24.83,5.54,81.44
2004-07-22 00:00:00,47.42,2.27,54.64
2004-07-23 00:00:00,79.8,17.67,85.73
2004-07-24 00:00:00,0.0,0.0,76.83
2004-07-25 00:00:00,0.0,0.0,55.05
2004-07-26 00:00:00,28.23,42.07,56.19
2004-07-27 00:00:00,41.98,92.14,63.35
2004-07-28 00:00:00,5.46,78.63,63.65
2004-07-29 00:00:00,28.02,21.86,59.8
2004-07-30 00:00:00,32.66,28.09,66.49
2004-07-31 00:00:00,0.0,0.0,63.81
2004-08-01 00:00:00,0.0,0.0,63.38
2004-08-02 00:00:00,64.97,4.02,64.68
2004-08-03 00:00:00,53.46,64.6,76.24
2004-08-04 00:00:00,25.11,62.21,75.56
2004-08-05 00:00:00,42.57,83.88,86.84
2004-08-06 00:00:00,47.88,99.67,107.3
2004-08-07 00:00:00,23.79,19.76,84.86
2004-08-08 00:00:00,28.27,33.62,72.44
2004-08-09 00:00:00,45.17,43.41,71.56
2004-08-10 00:00:00,93.11,0.24,74.68
2004-08-11 00:00:00,31.88,41.89,107.15
2004-08-12 00:00:00,23.07,34.54,73.21
2004-08-13 00:00:00,89.17,0.0,47.37
2004-08-14 00:00:00,,,49.95
2004-08-15 00:00:00,,,74.19
2004-08-16 00:00:00,102.91,4.41,43.02
2004-08-17 00:00:00,72.25,0.0,96.14
2004-08-18 00:00:00,113.75,0.86,83.94
2004-08-19 00:00:00,80.51,0.0,110.59
2004-08-20 00:00:00,119.44,5.54,85.42
2004-08-21 00:00:00,25.15,0.0,92.09
2004-08-22 00:00:00,5.92,0.0,42.52
2004-08-23 00:00:00,202.47,0.0,75.86
2004-08-24 00:00:00,260.01,0.0,174.54
2004-08-25 00:00:00,282.89,0.0,208.33
2004-08-26 00:00:00,101.6,5.12,164.79
2004-08-27 00:00:00,122.91,0.7,87.49
2004-08-28 00:00:00,74.32,0.0,84.64
2004-08-29 00:00:00,24.57,0.0,86.02
2004-08-30 00:00:00,205.49,1.92,82.74
2004-08-31 00:00:00,232.85,0.0,191.88
2004-09-01 00:00:00,163.46,23.96,184.14
2004-09-02 00:00:00,146.46,19.56,147.66
2004-09-03 00:00:00,109.63,16.15,129.53
2004-09-04 00:00:00,,,86.74
2004-09-05 00:00:00,33.33,0.0,55.6
2004-09-06 00:00:00,281.47,9.34,109.25
2004-09-07 00:00:00,195.57,45.06,225.74
2004-09-08 00:00:00,103.03,62.48,161.46
2004-09-09 00:00:00,208.75,59.77,188.55
2004-09-10 00:00:00,140.89,42.39,170.41
2004-09-11 00:00:00,60.61,14.78,121.85
2004-09-12 00:00:00,6.71,0.0,61.86
2004-09-13 00:00:00,175.21,7.96,75.5
2004-09-14 00:00:00,80.08,20.42,131.14
2004-09-15 00:00:00,101.7,0.0,85.92
2004-09-16 00:00:00,105.65,5.45,83.97
2004-09-17 00:00:00,135.33,55.09,143.35
2004-09-18 00:00:00,,,88.58
2004-09-19 00:00:00,0.0,15.82,44.05
2004-09-20 00:00:00,183.96,10.05,67.26
2004-09-21 00:00:00,111.55,37.32,130.41
2004-09-22 00:00:00,77.24,38.94,101.42
2004-09-23 00:00:00,116.33,16.55,86.2
2004-09-24 00:00:00,152.57,0.0,95.33
2004-09-25 00:00:00,104.12,0.0,113.4
2004-09-26 00:00:00,28.11,0.0,66.09
2004-09-27 00:00:00,115.56,0.0,44.25
2004-09-28 00:00:00,153.36,17.48,89.57
2004-09-29 00:00:00,143.39,0.0,95.76
2004-09-30 00:00:00,157.37,18.99,96.1
2004-10-01 00:00:00,86.51,0.0,81.7
2004-10-02 00:00:00,158.38,5.55,49.55
2004-10-03 00:00:00,63.92,1.15,83.59
2004-10-04 00:00:00,321.17,0.0,94.84
2004-10-05 00:00:00,289.06,19.61,168.01
2004-10-06 00:00:00,235.28,6.19,160.42
2004-10-07 00:00:00,310.14,29.5,150.54
2004-10-08 00:00:00,196.81,16.29,174.82
2004-10-09 00:00:00,234.08,27.08,90.5
2004-10-10 00:00:00,48.35,17.91,115.03
2004-10-11 00:00:00,144.64,6.93,27.82
2004-10-12 00:00:00,49.5,17.82,79.04
2004-10-13 00:00:00,242.69,23.16,49.43
2004-10-14 00:00:00,241.48,46.78,144.91
2004-10-15 00:00:00,136.33,21.9,133.53
2004-10-16 00:00:00,100.44,7.11,49.04
2004-10-17 00:00:00,27.6,37.27,36.88
2004-10-18 00:00:00,139.33,21.13,58.06
2004-10-19 00:00:00,228.49,11.66,75.37
2004-10-20 00:00:00,305.83,27.81,181.88
2004-10-21 00:00:00,319.23,,244.51
2004-10-22 00:00:00,148.55,14.6,114.43
2004-10-23 00:00:00,19.52,7.47,58.17
2004-10-24 00:00:00,27.79,0.0,10.98
2004-10-25 00:00:00,340.89,0.0,93.14
2004-10-26 00:00:00,185.98,22.17,137.18
2004-10-27 00:00:00,291.79,96.28,175.65
2004-10-28 00:00:00,553.15,176.94,584.83
2004-10-29 00:00:00,113.92,203.04,284.38
2004-10-30 00:00:00,263.21,203.78,248.47
2004-10-31 00:00:00,106.97,144.88,268.77
2004-11-01 00:00:00,169.15,121.97,133.17
2004-11-02 00:00:00,260.98,192.59,279.26
2004-11-03 00:00:00,251.19,142.93,248.66
2004-11-04 00:00:00,250.34,80.44,201.76
2004-11-05 00:00:00,229.84,31.12,243.32
2004-11-06 00:00:00,124.04,37.98,115.93
2004-11-07 00:00:00,99.28,17.64,120.76
2004-11-08 00:00:00,109.54,36.08,
2004-11-09 00:00:00,147.98,0.0,24.15
2004-11-10 00:00:00,131.45,0.0,
2004-11-11 00:00:00,229.24,26.24,
2004-11-12 00:00:00,260.11,21.17,93.93
2004-11-13 00:00:00,153.86,1.66,93.85
2004-11-14 00:00:00,107.88,15.77,55.22
2004-11-15 00:00:00,231.99,16.25,70.47
2004-11-16 00:00:00,310.87,30.06,106.38
2004-11-17 00:00:00,372.76,35.35,173.04
2004-11-18 00:00:00,325.6,40.52,175.8
2004-11-19 00:00:00,311.79,5.85,181.38
2004-11-20 00:00:00,247.45,10.07,209.71
2004-11-21 00:00:00,169.34,42.3,169.31
2004-11-22 00:00:00,353.28,23.47,235.41
2004-11-23 00:00:00,313.48,57.67,284.17
2004-11-24 00:00:00,334.25,58.97,266.12
2004-11-25 00:00:00,289.22,,279.12
2004-11-26 00:00:00,,,271.34
2004-11-27 00:00:00,,,216.91
2004-11-28 00:00:00,285.62,,204.72
2004-11-29 00:00:00,348.05,98.53,333.9
2004-11-30 00:00:00,427.58,,378.99
2004-12-01 00:00:00,424.5,109.14,437.68
2004-12-02 00:00:00,531.36,,393.03
2004-12-03 00:00:00,434.34,79.78,480.87
2004-12-04 00:00:00,274.93,76.02,311.38
2004-12-05 00:00:00,125.31,66.66,219.74
2004-12-06 00:00:00,199.19,108.37,179.35
2004-12-07 00:00:00,270.63,76.71,262.99
2004-12-08 00:00:00,287.39,19.15,239.85
2004-12-09 00:00:00,489.63,88.28,398.04
2004-12-10 00:00:00,465.44,,441.4
2004-12-11 00:00:00,140.73,39.1,242.05
2004-12-12 00:00:00,176.71,38.03,100.68
2004-12-13 00:00:00,247.61,101.46,262.92
2004-12-14 00:00:00,243.92,111.96,259.84
2004-12-15 00:00:00,,,253.98
2004-12-16 00:00:00,,,252.5
2004-12-17 00:00:00,,,238.34
2004-12-18 00:00:00,,,225.03
2004-12-19 00:00:00,,,180.37
2004-12-20 00:00:00,,,151.7
2004-12-21 00:00:00,197.26,35.52,197.28
2004-12-22 00:00:00,272.64,73.09,200.94
2004-12-23 00:00:00,176.54,1.16,230.95
2004-12-24 00:00:00,130.9,27.0,126.4
2004-12-25 00:00:00,49.42,56.89,
2004-12-26 00:00:00,21.34,39.56,
2004-12-27 00:00:00,50.91,55.12,
2005-01-02 00:00:00,44.99,44.27,
2005-01-03 00:00:00,56.95,14.9,
2005-01-04 00:00:00,53.31,24.16,
2005-01-05 00:00:00,12.79,30.19,
2005-01-06 00:00:00,34.32,0.11,46.02
2005-01-07 00:00:00,48.92,10.98,42.1
2005-01-08 00:00:00,26.31,41.23,56.56
2005-01-09 00:00:00,47.89,33.51,63.53
2005-01-10 00:00:00,82.79,60.62,78.36
2005-01-11 00:00:00,46.34,77.41,129.52
2005-01-12 00:00:00,92.5,79.29,128.31
2005-01-13 00:00:00,69.32,89.36,113.45
2005-01-14 00:00:00,23.65,4.29,89.95
2005-01-15 00:00:00,32.94,10.34,40.38
2005-01-16 00:00:00,60.68,50.4,51.87
2005-01-17 00:00:00,67.93,118.31,127.21
2005-01-18 00:00:00,0.0,6.96,79.07
2005-01-19 00:00:00,29.86,1.46,22.58
2005-01-20 00:00:00,23.15,2.31,34.44
2005-01-21 00:00:00,22.0,0.0,39.97
2005-01-22 00:00:00,37.81,10.89,29.67
2005-01-23 00:00:00,0.0,61.37,52.61
2005-01-24 00:00:00,26.35,58.87,54.0
2005-01-25 00:00:00,19.27,7.21,59.71
2005-01-26 00:00:00,26.4,26.06,40.11
2005-01-27 00:00:00,40.56,112.56,79.74
2005-01-28 00:00:00,44.29,102.58,115.47
2005-01-29 00:00:00,6.15,17.14,85.08
2005-01-30 00:00:00,0.0,0.0,22.27
2005-01-31 00:00:00,21.98,21.15,23.25
2005-02-01 00:00:00,16.03,0.0,35.53
2005-02-02 00:00:00,52.37,0.0,26.6
2005-02-03 00:00:00,44.57,12.6,42.94
2005-02-04 00:00:00,0.0,4.09,58.55
2005-02-05 00:00:00,0.0,43.32,30.77
2005-02-06 00:00:00,0.0,13.95,36.13
2005-02-07 00:00:00,15.73,14.73,24.7
2005-02-08 00:00:00,44.33,0.0,29.72
2005-02-09 00:00:00,112.84,0.0,49.32
2005-02-10 00:00:00,64.56,0.11,74.75
2005-02-11 00:00:00,32.08,24.01,65.04
2005-02-12 00:00:00,32.84,4.33,37.29
2005-02-13 00:00:00,12.05,0.0,43.46
2005-02-14 00:00:00,9.32,3.04,30.0
2005-02-15 00:00:00,27.07,1.11,27.4
2005-02-16 00:00:00,88.66,0.0,26.98
2005-02-17 00:00:00,50.03,0.0,63.58
2005-02-18 00:00:00,48.33,0.0,47.91
2005-02-19 00:00:00,25.44,5.36,49.38
2005-02-20 00:00:00,22.33,15.59,21.6
2005-02-21 00:00:00,32.14,1.28,36.73
2005-02-22 00:00:00,28.32,0.0,39.4
2005-02-23 00:00:00,78.29,2.09,40.23
2005-02-24 00:00:00,48.07,2.55,68.02
2005-02-25 00:00:00,164.47,4.49,78.16
2005-02-26 00:00:00,0.0,13.65,92.05
2005-02-27 00:00:00,0.0,1.53,26.04
2005-02-28 00:00:00,227.24,0.0,56.89
2005-03-01 00:00:00,418.01,6.72,235.1
2005-03-02 00:00:00,311.12,0.0,394.54
2005-03-03 00:00:00,165.76,11.29,144.11
2005-03-04 00:00:00,80.43,1.73,78.26
2005-03-05 00:00:00,,,64.11
2005-03-06 00:00:00,33.0,0.0,35.47
2005-03-07 00:00:00,108.7,0.0,35.7
2005-03-08 00:00:00,143.51,0.91,117.5
2005-03-09 00:00:00,171.99,2.16,101.06
2005-03-10 00:00:00,300.51,0.0,163.49
2005-03-11 00:00:00,173.41,0.0,182.35
2005-03-12 00:00:00,21.15,0.0,56.12
2005-03-13 00:00:00,0.0,0.0,36.61
2005-03-14 00:00:00,79.22,0.11,26.28
2005-03-15 00:00:00,21.89,0.0,48.76
2005-03-16 00:00:00,33.22,1.23,29.57
2005-03-17 00:00:00,18.5,5.58,26.96
2005-03-18 00:00:00,18.14,0.0,30.31
2005-03-19 00:00:00,23.58,0.0,33.19
2005-03-20 00:00:00,21.55,0.0,30.22
2005-03-21 00:00:00,35.34,0.0,19.06
2005-03-22 00:00:00,25.63,2.09,38.05
2005-03-23 00:00:00,78.16,2.06,45.39
2005-03-24 00:00:00,,,47.79
2005-03-25 00:00:00,,,24.56
2005-03-26 00:00:00,,,35.1
2005-03-27 00:00:00,0.0,0.0,20.03
2005-03-28 00:00:00,189.88,73.87,145.65
2005-03-29 00:00:00,0.0,5.74,67.98
2005-03-30 00:00:00,0.0,0.0,22.3
2005-03-31 00:00:00,31.87,0.0,20.1
2005-04-01 00:00:00,18.54,0.0,27.41
2005-04-02 00:00:00,0.0,5.67,26.06
2005-04-03 00:00:00,0.0,0.0,21.44
2005-04-04 00:00:00,46.1,6.36,23.74
2005-04-05 00:00:00,9.86,0.0,39.75
2005-04-06 00:00:00,20.86,4.5,20.71
2005-04-07 00:00:00,56.83,0.0,37.11
2005-04-08 00:00:00,126.71,1.53,56.17
2005-04-09 00:00:00,0.0,0.0,58.76
2005-04-10 00:00:00,14.74,6.66,23.31
2005-04-11 00:00:00,31.17,0.0,35.51
2005-04-12 00:00:00,43.65,0.0,37.02
2005-04-13 00:00:00,63.7,5.92,50.85
2005-04-14 00:00:00,36.49,0.0,44.1
2005-04-15 00:00:00,0.0,0.0,24.78
2005-04-16 00:00:00,19.69,0.0,16.2
2005-04-17 00:00:00,24.17,0.0,21.99
2005-04-18 00:00:00,28.24,0.0,37.49
2005-04-19 00:00:00,14.58,0.0,26.92
2005-04-20 00:00:00,31.65,0.0,21.82
2005-04-21 00:00:00,,,23.65
2005-04-22 00:00:00,107.33,0.0,62.12
2005-04-23 00:00:00,30.12,0.0,66.77
2005-04-24 00:00:00,25.65,0.0,31.97
2005-04-25 00:00:00,,,22.02
2005-04-26 00:00:00,16.57,0.0,28.67
2005-04-27 00:00:00,70.09,0.0,38.34
2005-04-28 00:00:00,10.79,0.0,50.92
2005-04-29 00:00:00,13.34,0.0,15.2
2005-04-30 00:00:00,9.22,0.0,13.52
2005-05-01 00:00:00,12.52,0.0,13.79
2005-05-02 00:00:00,0.0,0.0,16.4
2005-05-03 00:00:00,38.13,0.0,18.0
2005-05-04 00:00:00,40.55,0.0,38.67
2005-05-05 00:00:00,13.54,0.0,28.36
2005-05-06 00:00:00,24.43,0.0,21.12
2005-05-07 00:00:00,15.4,8.11,28.62
2005-05-08 00:00:00,33.13,0.17,20.49
2005-05-09 00:00:00,15.0,0.0,28.23
2005-05-10 00:00:00,23.04,0.0,15.72
2005-05-11 00:00:00,10.88,10.18,31.54
2005-05-12 00:00:00,25.74,6.12,18.66
2005-05-13 00:00:00,17.39,0.0,19.23
2005-05-14 00:00:00,13.9,10.02,22.23
2005-05-15 00:00:00,30.83,6.23,16.61
2005-05-16 00:00:00,19.53,0.0,40.35
2005-05-17 00:00:00,35.58,0.0,25.97
2005-05-18 00:00:00,7.45,0.0,28.79
2005-05-19 00:00:00,90.89,18.92,34.58
2005-05-20 00:00:00,42.2,0.0,46.63
2005-05-21 00:00:00,49.55,4.03,21.35
2005-05-22 00:00:00,0.0,0.21,23.67
2005-05-23 00:00:00,85.95,0.0,36.6
2005-05-24 00:00:00,5.09,0.0,33.25
2005-05-25 00:00:00,,,8.4
2005-05-26 00:00:00,0.0,2.44,6.75
2005-05-27 00:00:00,41.28,0.0,22.16
2005-05-28 00:00:00,44.4,0.0,6.3
2005-05-29 00:00:00,15.87,7.48,12.6
2005-05-30 00:00:00,0.27,0.0,6.89
2005-05-31 00:00:00,15.6,0.0,
2005-06-01 00:00:00,0.0,0.0,
2005-06-02 00:00:00,36.37,4.83,
2005-06-03 00:00:00,53.97,0.0,
2005-06-04 00:00:00,0.0,0.0,
2005-06-05 00:00:00,0.0,0.0,
2005-06-06 00:00:00,49.61,16.91,
2005-06-07 00:00:00,0.0,32.16,
2005-06-08 00:00:00,28.91,32.0,
2005-06-09 00:00:00,30.65,0.0,
2005-06-10 00:00:00,15.46,2.21,
2005-06-11 00:00:00,68.18,3.41,
2005-06-12 00:00:00,72.02,0.0,
2005-06-13 00:00:00,0.0,0.08,
2005-06-14 00:00:00,10.08,1.91,
2005-06-15 00:00:00,9.59,0.12,
2005-06-16 00:00:00,32.91,0.57,
2005-06-17 00:00:00,55.85,0.0,
2005-06-18 00:00:00,0.0,0.0,
2005-06-19 00:00:00,0.0,14.85,
2005-06-20 00:00:00,0.0,0.33,
2005-06-21 00:00:00,137.54,2.75,
2005-06-22 00:00:00,175.45,9.55,
2005-06-23 00:00:00,97.25,0.0,
2005-06-24 00:00:00,8.11,0.0,
2005-06-25 00:00:00,17.83,0.0,
2005-06-26 00:00:00,20.14,0.0,
2005-06-27 00:00:00,73.96,0.0,
2005-06-28 00:00:00,0.0,0.0,
2005-06-29 00:00:00,20.17,0.0,
2005-06-30 00:00:00,0.0,0.0,
2005-07-01 00:00:00,7.55,0.0,
2005-07-02 00:00:00,27.69,0.0,
2005-07-03 00:00:00,4.7,0.0,
2005-07-04 00:00:00,6.15,0.0,
2005-07-05 00:00:00,47.74,0.0,
2005-07-06 00:00:00,0.0,0.0,
2005-07-07 00:00:00,5.76,0.84,
2005-07-08 00:00:00,12.41,0.0,
2005-07-09 00:00:00,0.0,0.0,
2005-07-10 00:00:00,23.22,0.0,
2005-07-11 00:00:00,8.83,0.0,
2005-07-12 00:00:00,16.64,1.59,
2005-07-13 00:00:00,20.12,0.0,
2005-07-14 00:00:00,3.52,0.0,
2005-07-15 00:00:00,22.09,0.0,
2005-07-16 00:00:00,0.0,3.13,
2005-07-17 00:00:00,0.0,0.0,
2005-07-18 00:00:00,15.32,0.0,
2005-07-19 00:00:00,36.82,0.0,
2005-07-20 00:00:00,30.01,0.47,
2005-07-21 00:00:00,61.63,0.0,
2005-07-22 00:00:00,59.8,0.0,
2005-07-23 00:00:00,0.0,0.0,
2005-07-24 00:00:00,0.0,5.34,
2005-07-25 00:00:00,49.45,26.75,
2005-07-26 00:00:00,38.33,0.0,
2005-07-27 00:00:00,57.1,0.0,
2005-07-28 00:00:00,9.73,0.0,
2005-07-29 00:00:00,17.75,3.03,0.85
2005-07-30 00:00:00,43.8,0.0,0.91
2005-07-31 00:00:00,0.0,0.0,0.99
2005-08-01 00:00:00,16.0,0.0,1.08
2005-08-02 00:00:00,58.12,0.0,1.16
2005-08-03 00:00:00,18.66,0.23,1.25
2005-08-04 00:00:00,60.31,6.93,1.33
2005-08-05 00:00:00,44.96,5.24,14.98
2005-08-06 00:00:00,27.56,2.58,29.12
2005-08-07 00:00:00,15.42,0.0,20.7
2005-08-08 00:00:00,41.9,0.0,19.23
2005-08-09 00:00:00,15.13,0.0,32.17
2005-08-10 00:00:00,35.84,0.0,16.23
2005-08-11 00:00:00,46.97,0.0,29.23
2005-08-12 00:00:00,38.5,1.34,36.2
2005-08-13 00:00:00,23.59,0.0,30.25
2005-08-14 00:00:00,0.0,0.0,24.83
2005-08-15 00:00:00,64.27,10.8,43.75
2005-08-16 00:00:00,0.0,0.0,23.9
2005-08-17 00:00:00,17.89,0.0,16.84
2005-08-18 00:00:00,40.54,0.0,15.2
2005-08-19 00:00:00,23.46,0.0,32.06
2005-08-20 00:00:00,30.38,0.0,36.77
2005-08-21 00:00:00,35.29,0.0,33.23
2005-08-22 00:00:00,87.44,3.42,31.65
2005-08-23 00:00:00,31.8,2.16,64.16
2005-08-24 00:00:00,10.51,0.0,36.37
2005-08-25 00:00:00,10.77,1.52,21.06
2005-08-26 00:00:00,28.69,0.0,24.92
2005-08-27 00:00:00,46.55,0.0,41.5
2005-08-28 00:00:00,60.45,0.0,45.52
2005-08-29 00:00:00,80.53,0.0,39.63
2005-08-30 00:00:00,15.52,0.0,60.22
2005-08-31 00:00:00,59.38,0.92,26.81
2005-09-01 00:00:00,63.11,0.0,62.38
2005-09-02 00:00:00,71.42,2.21,51.71
2005-09-03 00:00:00,13.71,0.0,43.34
2005-09-04 00:00:00,17.22,4.05,27.31
2005-09-05 00:00:00,85.53,11.06,22.47
2005-09-06 00:00:00,10.73,0.13,51.64
2005-09-07 00:00:00,28.68,1.37,17.69
2005-09-08 00:00:00,71.81,3.75,36.08
2005-09-09 00:00:00,26.67,0.0,42.44
2005-09-10 00:00:00,0.0,1.31,29.82
2005-09-11 00:00:00,0.0,0.0,13.32
2005-09-12 00:00:00,30.32,0.0,10.61
2005-09-13 00:00:00,46.72,0.0,14.95
2005-09-14 00:00:00,48.35,86.11,48.99
2005-09-15 00:00:00,36.41,88.62,68.88
2005-09-16 00:00:00,15.58,21.04,44.58
2005-09-17 00:00:00,7.09,0.0,11.62
2005-09-18 00:00:00,17.87,0.0,8.87
2005-09-19 00:00:00,59.78,39.37,24.12
2005-09-20 00:00:00,32.46,36.39,29.77
2005-09-21 00:00:00,64.43,43.81,24.06
2005-09-22 00:00:00,50.3,29.99,26.15
2005-09-23 00:00:00,16.44,12.5,16.38
2005-09-24 00:00:00,4.49,0.0,
2005-09-25 00:00:00,22.25,2.35,
2005-09-26 00:00:00,6.97,28.6,
2005-09-27 00:00:00,25.63,34.86,
2005-09-28 00:00:00,41.92,33.42,
2005-09-29 00:00:00,62.87,36.66,
2005-09-30 00:00:00,0.0,,
2005-10-01 00:00:00,0.0,,
2005-10-02 00:00:00,17.39,0.0,
2005-10-03 00:00:00,22.55,7.91,
2005-10-04 00:00:00,13.74,13.07,
2005-10-05 00:00:00,63.26,18.99,
2005-10-06 00:00:00,45.99,24.51,
2005-10-07 00:00:00,11.42,0.0,
2005-10-08 00:00:00,57.45,7.62,
2005-10-09 00:00:00,0.0,5.96,
2005-10-10 00:00:00,9.81,0.0,
2005-10-11 00:00:00,43.13,0.0,
2005-10-12 00:00:00,0.0,0.0,
2005-10-13 00:00:00,9.56,24.69,
2005-10-14 00:00:00,11.63,,
2005-10-15 00:00:00,3.94,,
2005-10-16 00:00:00,0.0,,
2005-10-17 00:00:00,11.18,6.0,
2005-10-18 00:00:00,14.34,4.19,
2005-10-19 00:00:00,17.66,0.0,
2005-10-20 00:00:00,12.05,0.0,
2005-10-23 00:00:00,0.0,14.23,
2005-10-24 00:00:00,24.03,1.43,
2005-10-25 00:00:00,32.32,0.0,
2005-10-26 00:00:00,16.04,4.66,
2005-10-27 00:00:00,8.26,0.63,
2005-10-28 00:00:00,29.55,4.75,
2005-10-29 00:00:00,22.65,5.34,
2005-10-30 00:00:00,27.68,0.18,
2005-11-01 00:00:00,172.9,6.05,83.22
2005-11-02 00:00:00,36.18,13.8,
2005-11-03 00:00:00,18.24,2.92,
2005-11-04 00:00:00,0.0,0.0,
2005-11-05 00:00:00,21.68,4.32,
2005-11-06 00:00:00,10.94,2.64,
2005-11-07 00:00:00,53.6,4.38,
2005-11-08 00:00:00,24.99,5.09,
2005-11-09 00:00:00,17.27,0.0,
2005-11-10 00:00:00,38.47,0.0,
2005-11-11 00:00:00,17.09,2.84,
2005-11-12 00:00:00,25.52,0.0,
2005-11-13 00:00:00,0.0,0.0,
2005-11-14 00:00:00,55.51,0.0,
2005-11-15 00:00:00,37.13,16.01,
2005-11-16 00:00:00,33.22,0.0,
2005-11-17 00:00:00,27.57,14.49,
2005-11-18 00:00:00,25.13,0.0,
2005-11-20 00:00:00,145.46,0.0,
2005-11-21 00:00:00,55.45,0.11,
2005-11-22 00:00:00,10.9,5.94,
2005-11-23 00:00:00,79.3,0.0,
2005-11-24 00:00:00,34.79,0.0,
2005-11-25 00:00:00,13.62,10.91,
2005-11-26 00:00:00,33.62,38.0,
2005-11-27 00:00:00,32.46,6.52,
2005-11-28 00:00:00,64.6,57.69,
2005-11-29 00:00:00,0.0,0.0,
2005-11-30 00:00:00,109.35,0.0,
2005-12-01 00:00:00,20.19,1.35,
2005-12-02 00:00:00,185.25,0.0,
2005-12-03 00:00:00,238.72,0.0,123.75
2005-12-04 00:00:00,51.94,0.0,
2005-12-05 00:00:00,73.86,0.0,
2005-12-06 00:00:00,51.13,0.0,
2005-12-07 00:00:00,113.35,0.0,
2005-12-08 00:00:00,83.61,2.08,
2005-12-09 00:00:00,78.13,0.26,
2005-12-10 00:00:00,91.96,0.0,
2005-12-11 00:00:00,134.92,0.0,
2005-12-12 00:00:00,102.51,0.0,
2005-12-13 00:00:00,96.34,1.57,
2005-12-14 00:00:00,98.63,0.0,
2005-12-15 00:00:00,121.6,17.42,
2005-12-16 00:00:00,143.01,7.52,
2005-12-17 00:00:00,42.07,7.2,
2005-12-18 00:00:00,147.17,0.0,
2005-12-19 00:00:00,320.19,0.0,38.55
2005-12-20 00:00:00,246.62,41.46,63.11
2005-12-21 00:00:00,167.28,0.65,
2005-12-23 00:00:00,72.21,2.88,
2005-12-24 00:00:00,38.25,0.0,
2005-12-26 00:00:00,87.95,0.0,
2005-12-27 00:00:00,124.82,0.0,
2005-12-28 00:00:00,151.38,0.0,
2005-12-29 00:00:00,28.89,3.51,
2005-12-30 00:00:00,33.29,3.35,
2005-12-31 00:00:00,14.76,0.0,
2006-01-01 00:00:00,18.42,1.53,
2006-01-02 00:00:00,36.73,0.0,
2006-01-03 00:00:00,20.46,0.0,
2006-01-04 00:00:00,27.57,0.0,
2006-01-05 00:00:00,44.93,0.0,
2006-01-06 00:00:00,0.0,0.0,
2006-01-07 00:00:00,18.26,45.22,
2006-01-08 00:00:00,20.35,52.64,
2006-01-09 00:00:00,38.21,5.3,
2006-01-10 00:00:00,127.32,0.0,
2006-01-11 00:00:00,30.7,58.34,
2006-01-12 00:00:00,28.39,13.71,
2006-01-13 00:00:00,43.89,139.74,
2006-01-14 00:00:00,0.47,105.79,
2006-01-15 00:00:00,22.25,52.05,
2006-01-16 00:00:00,120.75,170.17,
2006-01-17 00:00:00,54.88,168.33,31.38
2006-01-18 00:00:00,42.32,224.03,22.61
2006-01-19 00:00:00,43.87,191.0,16.33
2006-01-20 00:00:00,7.77,214.36,19.61
2006-01-21 00:00:00,0.0,129.82,
2006-01-22 00:00:00,26.24,117.56,
2006-01-23 00:00:00,40.91,126.37,4.02
2006-01-24 00:00:00,20.09,133.81,
2006-01-25 00:00:00,5.74,82.42,
2006-01-26 00:00:00,33.61,115.37,
2006-01-27 00:00:00,24.73,107.27,
2006-01-28 00:00:00,45.72,94.78,
2006-01-29 00:00:00,22.56,146.49,10.79
2006-01-30 00:00:00,124.96,115.86,
2006-01-31 00:00:00,27.94,124.33,
2006-02-01 00:00:00,34.71,101.58,
2006-02-02 00:00:00,42.88,95.84,
2006-02-03 00:00:00,28.08,97.78,
2006-02-04 00:00:00,13.3,69.96,
2006-02-05 00:00:00,37.98,82.78,
2006-02-06 00:00:00,27.85,131.1,
2006-02-07 00:00:00,24.16,93.05,
2006-02-08 00:00:00,22.79,82.45,
2006-02-09 00:00:00,26.63,57.45,
2006-02-10 00:00:00,16.76,49.67,
2006-02-11 00:00:00,14.77,19.22,
2006-02-12 00:00:00,38.45,28.69,
2006-02-13 00:00:00,27.95,45.78,
2006-02-14 00:00:00,12.27,34.55,
2006-02-15 00:00:00,21.89,8.75,
2006-02-16 00:00:00,33.34,6.47,35.03
2006-02-17 00:00:00,43.24,3.82,43.87
2006-02-18 00:00:00,34.4,8.2,49.57
2006-02-19 00:00:00,37.4,37.09,57.09
2006-02-20 00:00:00,111.39,32.1,134.0
2006-02-21 00:00:00,57.17,0.0,149.33
2006-02-22 00:00:00,90.6,24.79,90.14
2006-02-23 00:00:00,54.01,35.51,96.23
2006-02-24 00:00:00,46.39,0.0,87.5
2006-02-25 00:00:00,0.0,12.65,82.12
2006-02-26 00:00:00,38.63,7.97,48.97
2006-02-27 00:00:00,45.68,11.98,84.26
2006-02-28 00:00:00,8.71,0.0,78.44
2006-03-01 00:00:00,28.21,39.5,55.55
2006-03-02 00:00:00,80.7,6.75,76.9
2006-03-03 00:00:00,11.55,0.0,69.87
2006-03-04 00:00:00,97.91,9.27,51.25
2006-03-05 00:00:00,320.5,14.12,416.76
2006-03-06 00:00:00,44.45,0.0,192.81
2006-03-07 00:00:00,29.19,5.41,122.72
2006-03-08 00:00:00,50.35,0.0,47.63
2006-03-09 00:00:00,92.43,0.0,132.6
2006-03-10 00:00:00,0.0,8.28,67.03
2006-03-11 00:00:00,42.4,24.2,53.52
2006-03-12 00:00:00,2.83,24.2,82.05
2006-03-13 00:00:00,15.92,2.53,51.38
2006-03-14 00:00:00,35.29,32.27,58.8
2006-03-15 00:00:00,11.32,74.55,88.56
2006-03-16 00:00:00,6.07,94.01,106.41
2006-03-17 00:00:00,15.71,60.16,99.56
2006-03-18 00:00:00,68.08,25.97,78.72
2006-03-19 00:00:00,291.63,62.74,294.76
2006-03-20 00:00:00,274.11,20.31,425.35
2006-03-21 00:00:00,159.06,47.25,337.21
2006-03-22 00:00:00,116.94,66.4,220.31
2006-03-23 00:00:00,104.98,78.29,103.65
2006-03-24 00:00:00,377.82,124.44,294.42
2006-03-25 00:00:00,284.93,146.94,387.24
2006-03-26 00:00:00,129.92,170.73,170.8
2006-03-27 00:00:00,138.77,143.08,243.82
2006-03-28 00:00:00,330.14,124.08,373.44
2006-03-29 00:00:00,325.14,168.73,581.02
2006-03-30 00:00:00,198.28,142.68,420.43
2006-03-31 00:00:00,347.44,167.82,462.23
2006-04-01 00:00:00,298.79,152.11,461.02
2006-04-02 00:00:00,129.35,118.24,341.79
2006-04-03 00:00:00,307.94,112.4,359.29
2006-04-04 00:00:00,102.69,77.99,264.33
2006-04-05 00:00:00,166.68,97.91,205.28
2006-04-06 00:00:00,119.52,51.26,207.96
2006-04-07 00:00:00,220.27,68.48,196.84
2006-04-08 00:00:00,254.06,4.83,292.63
2006-04-09 00:00:00,19.97,0.0,140.81
2006-04-10 00:00:00,156.59,0.0,80.76
2006-04-11 00:00:00,146.28,58.94,153.33
2006-04-12 00:00:00,93.3,38.24,156.14
2006-04-13 00:00:00,35.98,60.4,128.44
2006-04-14 00:00:00,91.2,124.02,172.31
2006-04-15 00:00:00,,,175.74
2006-04-16 00:00:00,7.43,0.0,64.5
2006-04-17 00:00:00,144.57,75.0,153.2
2006-04-18 00:00:00,120.91,25.51,124.18
2006-04-19 00:00:00,109.19,18.42,105.76
2006-04-20 00:00:00,147.38,83.0,209.76
2006-04-21 00:00:00,141.41,0.0,143.38
2006-04-22 00:00:00,91.6,0.0,100.49
2006-04-23 00:00:00,25.21,17.65,97.77
2006-04-24 00:00:00,94.55,0.22,67.94
2006-04-25 00:00:00,110.8,0.0,89.94
2006-04-26 00:00:00,150.27,0.0,123.97
2006-04-27 00:00:00,57.57,0.89,100.14
2006-04-28 00:00:00,59.03,8.99,74.77
2006-04-29 00:00:00,203.19,46.75,92.5
2006-04-30 00:00:00,0.0,40.85,216.56
2006-05-01 00:00:00,61.26,9.69,24.34
2006-05-02 00:00:00,99.16,10.26,83.17
2006-05-03 00:00:00,171.97,1.3,129.56
2006-05-04 00:00:00,151.03,14.9,128.09
2006-05-05 00:00:00,,,171.04
2006-05-06 00:00:00,,,181.38
2006-05-07 00:00:00,,,78.65
2006-05-08 00:00:00,,,119.97
2006-05-09 00:00:00,121.98,33.26,131.64
2006-05-10 00:00:00,274.23,33.82,161.26
2006-05-11 00:00:00,109.01,17.85,232.87
2006-05-12 00:00:00,,,121.14
2006-05-13 00:00:00,40.4,13.15,102.08
2006-05-14 00:00:00,81.08,23.11,55.79
2006-05-15 00:00:00,139.58,77.7,156.13
2006-05-16 00:00:00,242.09,102.94,228.59
2006-05-17 00:00:00,130.33,36.55,252.77
2006-05-18 00:00:00,135.56,30.5,133.81
2006-05-19 00:00:00,141.87,68.72,202.06
2006-05-20 00:00:00,,,113.35
2006-05-21 00:00:00,24.77,10.18,38.07
2006-05-22 00:00:00,38.02,1.72,38.19
2006-05-23 00:00:00,18.39,44.69,79.61
2006-05-24 00:00:00,101.42,61.84,73.09
2006-05-25 00:00:00,102.51,51.75,150.13
2006-05-26 00:00:00,86.98,101.61,173.93
2006-05-27 00:00:00,42.74,78.09,133.35
2006-05-28 00:00:00,0.0,34.37,60.4
2006-05-29 00:00:00,159.39,64.06,113.34
2006-05-30 00:00:00,55.54,73.74,165.33
2006-05-31 00:00:00,68.39,15.88,89.63
2006-06-01 00:00:00,14.67,78.94,118.11
2006-06-02 00:00:00,0.0,80.74,72.97
2006-06-03 00:00:00,16.58,2.78,34.77
2006-06-04 00:00:00,50.55,7.58,18.8
2006-06-05 00:00:00,26.54,35.03,94.83
2006-06-06 00:00:00,48.7,98.85,100.2
2006-06-07 00:00:00,260.06,19.97,122.7
2006-06-08 00:00:00,194.94,10.75,233.65
2006-06-09 00:00:00,188.49,0.0,169.37
2006-06-10 00:00:00,101.62,0.0,145.37
2006-06-11 00:00:00,37.39,48.76,129.92
2006-06-12 00:00:00,139.94,2.12,57.09
2006-06-13 00:00:00,47.5,5.3,106.6
2006-06-14 00:00:00,18.48,0.0,46.68
2006-06-15 00:00:00,227.06,1.1,52.89
2006-06-16 00:00:00,43.56,10.03,206.47
2006-06-17 00:00:00,73.65,0.0,64.2
2006-06-18 00:00:00,0.0,0.0,55.32
2006-06-19 00:00:00,179.94,0.0,82.67
2006-06-20 00:00:00,15.13,4.22,113.24
2006-06-21 00:00:00,164.75,0.0,63.24
2006-06-22 00:00:00,137.07,3.48,137.95
2006-06-23 00:00:00,49.61,8.19,102.96
2006-06-24 00:00:00,18.72,0.0,44.41
2006-06-25 00:00:00,16.45,0.0,25.42
2006-06-26 00:00:00,65.24,32.14,54.98
2006-06-27 00:00:00,130.7,51.54,112.26
2006-06-28 00:00:00,54.4,0.0,111.17
2006-06-29 00:00:00,9.31,40.84,65.84
2006-06-30 00:00:00,31.84,18.32,53.07
2006-07-01 00:00:00,36.05,0.0,39.17
2006-07-02 00:00:00,30.37,0.0,40.45
2006-07-03 00:00:00,181.74,0.0,61.2
2006-07-04 00:00:00,32.42,0.0,124.83
2006-07-05 00:00:00,112.44,0.0,55.46
2006-07-06 00:00:00,112.36,0.0,98.48
2006-07-07 00:00:00,88.1,16.76,101.96
2006-07-08 00:00:00,51.9,0.0,77.36
2006-07-09 00:00:00,19.24,13.28,51.31
2006-07-10 00:00:00,75.85,18.78,39.27
2006-07-11 00:00:00,60.89,17.17,61.62
2006-07-12 00:00:00,43.17,60.61,101.88
2006-07-13 00:00:00,111.4,40.36,99.78
2006-07-14 00:00:00,165.9,41.69,140.45
2006-07-15 00:00:00,81.88,26.22,152.62
2006-07-16 00:00:00,13.92,19.53,73.98
2006-07-17 00:00:00,,,167.79
2006-07-18 00:00:00,,,196.97
2006-07-19 00:00:00,,,168.94
2006-07-20 00:00:00,236.88,0.0,199.2
2006-07-21 00:00:00,240.23,1.7,225.34
2006-07-22 00:00:00,75.09,0.0,156.47
2006-07-23 00:00:00,129.96,1.1,62.61
2006-07-24 00:00:00,153.86,0.0,142.95
2006-07-25 00:00:00,112.34,39.23,143.14
2006-07-26 00:00:00,218.08,5.74,151.14
2006-07-27 00:00:00,165.75,0.0,160.89
2006-07-28 00:00:00,172.85,31.31,155.02
2006-07-29 00:00:00,80.42,78.64,184.98
2006-07-30 00:00:00,155.68,10.65,115.7
2006-07-31 00:00:00,163.29,51.47,196.42
2006-08-01 00:00:00,164.88,59.49,195.25
2006-08-02 00:00:00,203.97,53.13,189.04
2006-08-03 00:00:00,140.87,45.84,198.32
2006-08-04 00:00:00,137.17,16.38,126.51
2006-08-05 00:00:00,73.33,17.05,111.52
2006-08-06 00:00:00,50.11,44.74,76.96
2006-08-07 00:00:00,125.78,90.63,123.65
2006-08-08 00:00:00,72.4,25.63,146.96
2006-08-09 00:00:00,61.58,9.62,72.45
2006-08-10 00:00:00,33.04,5.66,56.68
2006-08-11 00:00:00,121.5,34.62,75.28
2006-08-12 00:00:00,,,82.23
2006-08-13 00:00:00,29.71,4.71,26.77
2006-08-14 00:00:00,10.02,29.74,40.38
2006-08-15 00:00:00,41.09,4.54,26.52
2006-08-16 00:00:00,0.0,0.0,17.16
2006-08-17 00:00:00,29.74,2.17,10.67
2006-08-18 00:00:00,95.18,29.9,50.97
2006-08-19 00:00:00,67.59,72.97,83.06
2006-08-20 00:00:00,23.04,103.15,118.17
2006-08-21 00:00:00,92.77,106.33,85.79
2006-08-22 00:00:00,277.16,152.18,232.96
2006-08-23 00:00:00,257.28,20.74,228.84
2006-08-24 00:00:00,205.29,7.25,181.01
2006-08-25 00:00:00,230.9,18.63,149.36
2006-08-26 00:00:00,31.13,0.0,132.35
2006-08-27 00:00:00,106.49,0.0,14.81
2006-08-28 00:00:00,188.67,0.26,68.14
2006-08-29 00:00:00,,,120.43
2006-08-30 00:00:00,194.76,1.83,90.35
2006-08-31 00:00:00,241.97,3.37,136.98
2006-09-01 00:00:00,267.6,9.93,106.44
2006-09-02 00:00:00,130.45,0.0,111.89
2006-09-03 00:00:00,132.36,20.75,47.3
2006-09-04 00:00:00,,,93.59
2006-09-05 00:00:00,306.8,49.99,170.18
2006-09-06 00:00:00,292.77,57.2,149.12
2006-09-07 00:00:00,227.34,59.64,124.12
2006-09-08 00:00:00,,,123.51
2006-09-09 00:00:00,56.61,27.59,77.47
2006-09-10 00:00:00,0.0,10.71,2.24
2006-09-11 00:00:00,163.71,44.8,6.36
2006-09-12 00:00:00,,,38.0
2006-09-13 00:00:00,180.3,7.07,31.11
2006-09-14 00:00:00,115.7,10.39,37.45
2006-09-15 00:00:00,130.51,5.68,10.64
2006-09-16 00:00:00,71.91,3.2,15.72
2006-09-17 00:00:00,118.48,10.46,2.61
2006-09-18 00:00:00,299.69,0.0,41.4
2006-09-19 00:00:00,205.81,0.12,57.43
2006-09-20 00:00:00,153.82,0.0,36.73
2006-09-21 00:00:00,77.26,11.54,12.5
2006-09-22 00:00:00,109.61,11.98,2.75
2006-09-23 00:00:00,25.45,9.61,7.69
2006-09-24 00:00:00,86.39,0.14,4.59
2006-09-25 00:00:00,,,0.82
2006-09-26 00:00:00,105.33,10.21,7.69
2006-09-27 00:00:00,147.04,5.76,14.65
2006-09-28 00:00:00,109.16,1.91,17.66
2006-09-29 00:00:00,52.2,18.62,4.98
2006-09-30 00:00:00,19.68,27.03,0.36
2006-10-01 00:00:00,21.93,10.63,11.35
2006-10-02 00:00:00,34.84,2.01,11.35
2006-10-03 00:00:00,0.0,0.5,11.35
2006-10-04 00:00:00,13.64,1.48,11.35
2006-10-05 00:00:00,13.91,31.01,11.35
2006-10-06 00:00:00,10.65,4.28,11.35
2006-10-07 00:00:00,0.0,1.47,11.35
2006-10-08 00:00:00,0.0,20.96,11.35
2006-10-09 00:00:00,,,11.35
2006-10-10 00:00:00,,5.9,11.35
2006-10-11 00:00:00,14.39,6.25,20.18
2006-10-12 00:00:00,28.85,0.0,11.35
2006-10-13 00:00:00,21.7,54.67,12.57
2006-10-14 00:00:00,5.52,12.75,11.38
2006-10-15 00:00:00,,,11.35
2006-10-16 00:00:00,0.0,0.0,11.35
2006-10-17 00:00:00,0.0,22.62,11.35
2006-10-18 00:00:00,20.2,30.03,11.35
2006-10-19 00:00:00,15.25,21.46,11.35
2006-10-20 00:00:00,0.0,71.68,121.3
2006-10-21 00:00:00,19.09,120.79,277.5
2006-10-22 00:00:00,20.55,49.82,248.12
2006-10-23 00:00:00,411.24,133.3,606.77
2006-10-24 00:00:00,358.22,170.41,981.38
2006-10-25 00:00:00,419.08,168.09,1340.86
2006-10-26 00:00:00,857.43,172.0,1672.42
2006-10-27 00:00:00,261.22,178.71,1013.24
2006-10-28 00:00:00,136.36,181.46,574.29
2006-10-29 00:00:00,14.49,184.67,504.98
2006-10-30 00:00:00,152.47,186.33,449.72
2006-10-31 00:00:00,12.63,179.56,461.94
2006-11-01 00:00:00,88.3,180.21,381.41
2006-11-02 00:00:00,65.93,179.97,460.27
2006-11-03 00:00:00,,,406.31
2006-11-04 00:00:00,,,1182.13
2006-11-05 00:00:00,1284.86,118.39,1721.58
2006-11-06 00:00:00,2195.54,211.42,3355.74
2006-11-07 00:00:00,1103.82,356.81,2356.84
2006-11-08 00:00:00,718.29,278.02,1539.52
2006-11-09 00:00:00,364.26,206.67,933.31
2006-11-10 00:00:00,,,796.37
2006-11-11 00:00:00,310.37,194.89,658.08
2006-11-12 00:00:00,171.43,194.26,683.0
2006-11-13 00:00:00,308.19,194.35,666.27
2006-11-14 00:00:00,289.26,205.53,649.87
2006-11-15 00:00:00,370.01,228.02,741.5
2006-11-16 00:00:00,776.45,273.99,1247.19
2006-11-17 00:00:00,641.6,359.5,1477.73
2006-11-18 00:00:00,407.24,457.25,1211.27
2006-11-19 00:00:00,583.69,387.48,1222.91
2006-11-20 00:00:00,607.75,254.78,1241.6
2006-11-21 00:00:00,464.25,208.45,937.42
2006-11-22 00:00:00,425.06,208.9,928.58
2006-11-23 00:00:00,336.56,209.13,809.26
2006-11-24 00:00:00,916.64,549.45,1805.3
2006-11-25 00:00:00,1918.07,2364.15,5009.48
2006-11-26 00:00:00,1155.77,2819.34,3908.08
2006-11-27 00:00:00,761.35,1273.81,2496.8
2006-11-28 00:00:00,978.7,383.21,1756.86
2006-11-29 00:00:00,934.43,217.3,1502.39
2006-11-30 00:00:00,889.61,203.11,1428.66
2006-12-01 00:00:00,708.36,209.52,1318.18
2006-12-02 00:00:00,851.41,202.87,1375.5
2006-12-03 00:00:00,650.89,199.48,1172.47
2006-12-04 00:00:00,626.64,217.57,1134.13
2006-12-05 00:00:00,825.29,201.48,1223.73
2006-12-06 00:00:00,1050.35,229.04,1584.58
2006-12-07 00:00:00,724.99,308.09,1594.72
2006-12-08 00:00:00,1278.29,305.2,1723.08
2006-12-09 00:00:00,1176.21,302.53,1971.56
2006-12-10 00:00:00,510.32,301.32,1394.83
2006-12-11 00:00:00,879.09,300.49,1309.35
2006-12-12 00:00:00,925.43,300.28,1520.05
2006-12-13 00:00:00,915.1,268.37,1470.62
2006-12-14 00:00:00,930.65,200.78,1381.11
2006-12-15 00:00:00,973.12,186.27,1336.9
2006-12-16 00:00:00,1197.08,203.73,1570.5
2006-12-17 00:00:00,962.14,204.08,1394.47
2006-12-18 00:00:00,1027.37,183.02,1428.26
2006-12-19 00:00:00,876.3,203.06,1346.31
2006-12-20 00:00:00,890.39,203.57,1324.91
2006-12-21 00:00:00,770.33,204.13,1076.11
2006-12-22 00:00:00,739.07,204.93,1088.03
2006-12-23 00:00:00,675.75,205.45,1087.69
2006-12-24 00:00:00,325.86,206.16,811.16
2006-12-25 00:00:00,466.02,206.92,614.84
2006-12-26 00:00:00,597.43,207.82,889.95
2006-12-27 00:00:00,601.62,122.1,799.71
2006-12-28 00:00:00,574.33,128.33,808.22
2006-12-29 00:00:00,585.8,99.36,776.36
2006-12-30 00:00:00,,,768.59
2006-12-31 00:00:00,544.88,144.93,801.4
2007-01-01 00:00:00,572.92,116.88,779.31
2007-01-02 00:00:00,564.24,138.18,750.51
2007-01-03 00:00:00,474.15,134.1,690.78
2007-01-04 00:00:00,,115.53,654.94
2007-01-05 00:00:00,399.15,105.68,670.63
2007-01-06 00:00:00,,,275.08
2007-01-07 00:00:00,165.11,109.26,247.87
2007-01-08 00:00:00,120.08,137.29,366.01
2007-01-09 00:00:00,114.3,117.95,302.02
2007-01-10 00:00:00,130.79,137.03,267.17
2007-01-11 00:00:00,124.16,91.49,316.93
2007-01-12 00:00:00,104.12,82.46,304.23
2007-01-13 00:00:00,62.63,89.36,238.69
2007-01-14 00:00:00,51.68,85.21,195.38
2007-01-15 00:00:00,97.84,141.33,231.06
2007-01-16 00:00:00,32.59,93.51,244.67
2007-01-17 00:00:00,51.81,48.04,121.28
2007-01-18 00:00:00,16.51,86.1,131.41
2007-01-19 00:00:00,16.76,101.74,143.57
2007-01-20 00:00:00,0.0,85.69,135.21
2007-01-21 00:00:00,0.0,58.8,84.05
2007-01-22 00:00:00,0.0,75.45,102.16
2007-01-23 00:00:00,63.42,105.39,119.32
2007-01-24 00:00:00,34.7,82.58,157.74
2007-01-25 00:00:00,71.4,81.2,147.98
2007-01-26 00:00:00,84.2,97.06,186.35
2007-01-27 00:00:00,55.36,67.65,186.76
2007-01-28 00:00:00,33.91,94.24,143.09
2007-01-29 00:00:00,28.51,128.75,176.91
2007-01-30 00:00:00,114.77,144.26,201.19
2007-01-31 00:00:00,21.74,134.85,254.44
2007-02-01 00:00:00,34.75,94.85,149.06
2007-02-02 00:00:00,40.37,122.99,162.21
2007-02-03 00:00:00,14.16,48.58,95.65
2007-02-04 00:00:00,32.41,42.41,83.79
2007-02-05 00:00:00,38.64,106.97,136.32
2007-02-06 00:00:00,18.36,79.73,166.36
2007-02-07 00:00:00,41.21,108.93,134.32
2007-02-08 00:00:00,257.01,53.15,156.78
2007-02-09 00:00:00,547.87,18.93,709.5
2007-02-10 00:00:00,316.56,7.25,418.9
2007-02-11 00:00:00,112.81,6.4,371.2
2007-02-12 00:00:00,232.0,10.59,298.86
2007-02-13 00:00:00,146.53,16.81,321.87
2007-02-14 00:00:00,484.4,90.78,498.38
2007-02-15 00:00:00,649.63,100.52,896.85
2007-02-16 00:00:00,650.63,112.38,943.19
2007-02-17 00:00:00,653.88,100.58,954.23
2007-02-18 00:00:00,418.23,102.62,735.6
2007-02-19 00:00:00,582.2,177.53,822.1
2007-02-20 00:00:00,454.63,138.45,698.48
2007-02-21 00:00:00,457.79,114.81,658.03
2007-02-22 00:00:00,408.17,119.01,628.99
2007-02-23 00:00:00,472.05,133.06,722.22
2007-02-24 00:00:00,391.9,124.23,658.28
2007-02-25 00:00:00,222.85,110.09,474.3
2007-02-26 00:00:00,347.18,133.84,464.56
2007-02-27 00:00:00,290.15,112.52,527.74
2007-02-28 00:00:00,443.64,107.11,511.5
2007-03-01 00:00:00,317.14,94.58,574.77
2007-03-02 00:00:00,359.01,139.89,517.71
2007-03-03 00:00:00,277.8,180.61,545.27
2007-03-04 00:00:00,201.0,111.03,447.97
2007-03-05 00:00:00,364.34,159.19,397.45
2007-03-06 00:00:00,424.68,129.77,609.62
2007-03-07 00:00:00,363.91,86.35,561.09
2007-03-08 00:00:00,391.92,104.3,474.53
2007-03-09 00:00:00,308.84,77.19,502.67
2007-03-10 00:00:00,343.67,16.91,391.31
2007-03-11 00:00:00,362.64,44.1,436.66
2007-03-12 00:00:00,400.03,62.05,482.86
2007-03-13 00:00:00,300.39,22.25,389.64
2007-03-14 00:00:00,338.2,66.61,399.07
2007-03-15 00:00:00,442.88,43.96,508.74
2007-03-16 00:00:00,378.56,47.2,501.79
2007-03-17 00:00:00,278.49,0.0,301.96
2007-03-18 00:00:00,221.85,49.94,346.59
2007-03-19 00:00:00,303.18,0.0,302.8
2007-03-20 00:00:00,104.92,45.09,277.36
2007-03-21 00:00:00,248.48,17.68,209.05
2007-03-22 00:00:00,410.23,0.5,367.3
2007-03-23 00:00:00,40.4,0.0,311.16
2007-03-24 00:00:00,11.39,36.61,67.42
2007-03-25 00:00:00,,,45.38
2007-03-26 00:00:00,69.99,62.78,169.93
2007-03-27 00:00:00,86.92,1.59,67.34
2007-03-28 00:00:00,71.57,0.0,87.1
2007-03-29 00:00:00,16.92,5.24,76.13
2007-03-30 00:00:00,21.53,13.32,33.15
2007-03-31 00:00:00,5.95,25.04,62.37
2007-04-01 00:00:00,33.0,10.22,20.79
2007-04-02 00:00:00,71.47,0.0,49.59
2007-04-03 00:00:00,23.98,5.43,64.43
2007-04-04 00:00:00,29.79,33.73,71.56
2007-04-05 00:00:00,127.07,0.0,40.74
2007-04-06 00:00:00,50.23,11.85,145.94
2007-04-07 00:00:00,25.36,12.77,44.55
2007-04-08 00:00:00,0.0,0.0,21.12
2007-04-09 00:00:00,107.61,93.76,148.12
2007-04-10 00:00:00,0.0,61.21,110.29
2007-04-11 00:00:00,27.8,6.9,21.78
2007-04-12 00:00:00,28.14,0.0,47.82
2007-04-13 00:00:00,0.0,0.0,26.52
2007-04-14 00:00:00,32.04,0.0,10.1
2007-04-15 00:00:00,20.53,0.0,16.82
2007-04-16 00:00:00,11.26,1.09,18.81
2007-04-17 00:00:00,0.0,30.96,49.33
2007-04-18 00:00:00,82.79,0.0,25.11
2007-04-19 00:00:00,206.0,3.75,98.66
2007-04-20 00:00:00,,,228.46
2007-04-21 00:00:00,,,117.35
2007-04-22 00:00:00,36.48,6.43,81.8
2007-04-23 00:00:00,206.71,0.0,70.74
2007-04-24 00:00:00,193.21,0.0,192.41
2007-04-25 00:00:00,219.31,0.0,234.99
2007-04-26 00:00:00,64.01,0.0,170.0
2007-04-27 00:00:00,114.33,0.0,63.22
2007-04-28 00:00:00,39.78,0.0,101.36
2007-04-29 00:00:00,39.9,0.0,31.81
2007-04-30 00:00:00,57.71,0.0,73.61
2007-05-01 00:00:00,19.84,0.0,59.59
2007-05-02 00:00:00,142.49,1.9,70.01
2007-05-03 00:00:00,142.62,0.0,156.28
2007-05-04 00:00:00,93.86,0.0,154.99
2007-05-05 00:00:00,20.29,0.0,78.56
2007-05-06 00:00:00,16.55,0.0,23.22
2007-05-07 00:00:00,15.7,0.0,25.3
2007-05-08 00:00:00,67.23,0.0,12.61
2007-05-09 00:00:00,125.15,0.0,91.5
2007-05-10 00:00:00,41.68,22.98,162.15
2007-05-11 00:00:00,43.09,2.45,53.68
2007-05-12 00:00:00,64.82,0.0,45.47
2007-05-13 00:00:00,30.22,0.0,75.1
2007-05-14 00:00:00,18.13,0.0,25.66
2007-05-15 00:00:00,16.26,17.94,18.7
2007-05-16 00:00:00,47.79,29.22,76.64
2007-05-17 00:00:00,50.01,0.0,47.96
2007-05-18 00:00:00,,,48.27
2007-05-19 00:00:00,,,59.39
2007-05-20 00:00:00,93.18,0.0,20.62
2007-05-21 00:00:00,209.4,0.0,184.35
2007-05-22 00:00:00,89.77,0.0,154.72
2007-05-23 00:00:00,115.52,0.0,104.68
2007-05-24 00:00:00,139.44,0.56,115.83
2007-05-25 00:00:00,156.65,0.0,143.33
2007-05-26 00:00:00,54.32,6.5,133.37
2007-05-27 00:00:00,14.28,0.0,52.98
2007-05-28 00:00:00,219.94,0.1,69.61
2007-05-29 00:00:00,263.01,0.2,246.19
2007-05-30 00:00:00,,,248.48
2007-05-31 00:00:00,,,143.22
2007-06-01 00:00:00,,,245.74
2007-06-02 00:00:00,,,177.04
2007-06-03 00:00:00,20.7,86.6,97.27
2007-06-04 00:00:00,106.09,88.16,147.95
2007-06-05 00:00:00,,,171.9
2007-06-06 00:00:00,,,103.52
2007-06-07 00:00:00,96.84,87.88,132.22
2007-06-08 00:00:00,96.85,19.95,116.23
2007-06-09 00:00:00,55.41,45.95,100.99
2007-06-10 00:00:00,42.66,60.47,164.3
2007-06-11 00:00:00,69.9,58.27,60.41
2007-06-12 00:00:00,205.26,63.41,175.17
2007-06-13 00:00:00,0.0,21.73,174.26
2007-06-14 00:00:00,,,18.11
2007-06-15 00:00:00,,,56.3
2007-06-16 00:00:00,,,153.45
2007-06-17 00:00:00,0.0,0.63,41.65
2007-06-18 00:00:00,123.22,0.0,42.34
2007-06-19 00:00:00,0.0,9.53,85.21
2007-06-20 00:00:00,157.26,7.08,62.97
2007-06-21 00:00:00,89.01,8.45,160.88
2007-06-22 00:00:00,79.04,29.5,79.62
2007-06-23 00:00:00,47.81,0.0,83.97
2007-06-24 00:00:00,34.26,0.0,29.66
2007-06-25 00:00:00,221.65,0.0,127.98
2007-06-26 00:00:00,95.37,0.0,155.38
2007-06-27 00:00:00,190.28,4.86,129.48
2007-06-28 00:00:00,224.64,17.76,229.59
2007-06-29 00:00:00,226.9,9.47,219.96
2007-06-30 00:00:00,271.88,0.84,243.71
2007-07-01 00:00:00,88.94,13.09,194.36
2007-07-02 00:00:00,302.49,74.91,259.96
2007-07-03 00:00:00,252.12,80.68,357.51
2007-07-04 00:00:00,284.06,146.67,386.54
2007-07-05 00:00:00,325.12,148.99,437.77
2007-07-06 00:00:00,326.78,133.18,499.15
2007-07-07 00:00:00,300.1,26.25,403.02
2007-07-08 00:00:00,301.91,33.55,306.93
2007-07-09 00:00:00,312.03,16.45,311.98
2007-07-10 00:00:00,343.83,86.81,402.82
2007-07-11 00:00:00,305.22,92.41,430.69
2007-07-12 00:00:00,285.76,106.69,371.14
2007-07-13 00:00:00,319.57,139.88,481.25
2007-07-14 00:00:00,243.49,127.29,480.02
2007-07-15 00:00:00,261.25,24.35,370.91
2007-07-16 00:00:00,358.71,56.88,479.47
2007-07-17 00:00:00,335.0,28.38,464.08
2007-07-18 00:00:00,396.68,42.02,449.07
2007-07-19 00:00:00,359.33,36.74,510.93
2007-07-20 00:00:00,231.44,28.01,388.34
2007-07-21 00:00:00,233.11,40.88,280.11
2007-07-22 00:00:00,199.43,43.1,242.48
2007-07-23 00:00:00,275.98,2.91,196.85
2007-07-24 00:00:00,313.57,2.0,296.1
2007-07-25 00:00:00,438.92,8.87,378.14
2007-07-26 00:00:00,496.57,21.47,518.45
2007-07-27 00:00:00,354.47,48.17,443.9
2007-07-28 00:00:00,342.41,39.39,382.08
2007-07-29 00:00:00,282.98,26.69,361.2
2007-07-30 00:00:00,344.35,74.33,344.91
2007-07-31 00:00:00,383.26,63.77,448.45
2007-08-01 00:00:00,231.1,17.82,319.5
2007-08-02 00:00:00,213.38,82.16,276.33
2007-08-03 00:00:00,171.6,56.62,261.44
2007-08-04 00:00:00,250.07,0.0,172.77
2007-08-05 00:00:00,285.23,0.0,333.22
2007-08-06 00:00:00,319.99,0.0,254.83
2007-08-07 00:00:00,233.74,7.88,292.76
2007-08-08 00:00:00,198.42,0.0,201.05
2007-08-09 00:00:00,197.83,0.0,149.85
2007-08-10 00:00:00,195.44,0.0,215.66
2007-08-11 00:00:00,221.45,6.1,195.52
2007-08-12 00:00:00,86.65,0.0,163.08
2007-08-13 00:00:00,263.91,10.48,144.3
2007-08-14 00:00:00,158.01,0.0,216.6
2007-08-15 00:00:00,121.89,0.0,137.9
2007-08-16 00:00:00,183.39,0.0,121.53
2007-08-17 00:00:00,210.17,0.0,204.23
2007-08-18 00:00:00,105.86,0.0,159.29
2007-08-19 00:00:00,19.82,0.0,61.4
2007-08-20 00:00:00,127.31,0.0,19.25
2007-08-21 00:00:00,141.8,0.0,177.19
2007-08-22 00:00:00,152.24,0.0,125.29
2007-08-23 00:00:00,152.51,0.0,121.28
2007-08-24 00:00:00,100.74,0.0,115.77
2007-08-25 00:00:00,91.5,0.0,109.62
2007-08-26 00:00:00,38.46,0.0,51.49
2007-08-27 00:00:00,239.18,10.5,92.22
2007-08-28 00:00:00,352.76,1.32,327.42
2007-08-29 00:00:00,185.17,0.0,265.56
2007-08-30 00:00:00,132.67,0.0,118.33
2007-08-31 00:00:00,109.97,0.0,118.56
2007-09-01 00:00:00,109.69,2.42,119.12
2007-09-02 00:00:00,7.11,54.02,87.15
2007-09-03 00:00:00,206.11,59.64,124.94
2007-09-04 00:00:00,116.15,60.14,242.42
2007-09-05 00:00:00,133.48,28.52,111.06
2007-09-06 00:00:00,186.92,50.18,207.04
2007-09-07 00:00:00,130.84,32.12,222.54
2007-09-08 00:00:00,92.96,0.0,82.65
2007-09-09 00:00:00,63.37,0.0,68.68
2007-09-10 00:00:00,117.11,0.0,91.93
2007-09-11 00:00:00,106.49,0.0,72.41
2007-09-12 00:00:00,169.37,0.0,122.38
2007-09-13 00:00:00,194.15,3.16,175.52
2007-09-14 00:00:00,117.54,0.0,167.0
2007-09-15 00:00:00,54.59,0.0,83.09
2007-09-16 00:00:00,76.57,14.82,47.77
2007-09-17 00:00:00,196.02,0.0,144.54
2007-09-18 00:00:00,80.42,17.8,160.04
2007-09-19 00:00:00,109.55,0.0,62.51
2007-09-20 00:00:00,143.86,46.01,176.98
2007-09-21 00:00:00,,,135.26
2007-09-22 00:00:00,,,59.06
2007-09-23 00:00:00,21.59,14.14,33.09
2007-09-24 00:00:00,85.09,18.26,66.55
2007-09-25 00:00:00,31.34,18.79,85.94
2007-09-26 00:00:00,24.73,34.52,64.26
2007-09-27 00:00:00,42.89,44.17,37.22
2007-09-28 00:00:00,20.44,104.98,96.17
2007-09-29 00:00:00,0.0,47.26,75.34
2007-09-30 00:00:00,54.0,47.37,38.67
2007-10-01 00:00:00,332.26,102.11,334.25
2007-10-02 00:00:00,233.13,112.46,367.07
2007-10-03 00:00:00,137.59,45.96,243.91
2007-10-04 00:00:00,257.05,56.4,238.51
2007-10-05 00:00:00,97.09,19.44,224.18
2007-10-06 00:00:00,95.08,95.15,204.88
2007-10-07 00:00:00,114.79,44.16,115.15
2007-10-08 00:00:00,145.41,51.39,169.9
2007-10-09 00:00:00,36.8,45.68,129.0
2007-10-10 00:00:00,140.76,90.09,186.93
2007-10-11 00:00:00,282.48,0.0,193.35
2007-10-12 00:00:00,378.62,2.71,331.43
2007-10-13 00:00:00,418.16,1.59,418.16
2007-10-14 00:00:00,365.66,17.49,413.76
2007-10-15 00:00:00,504.81,15.83,524.16
2007-10-16 00:00:00,551.81,1.85,590.33
2007-10-17 00:00:00,471.57,2.82,512.74
2007-10-18 00:00:00,367.84,4.33,515.74
2007-10-19 00:00:00,385.25,8.7,341.31
2007-10-20 00:00:00,369.44,7.82,453.54
2007-10-21 00:00:00,231.09,20.08,265.24
2007-10-22 00:00:00,257.8,17.03,291.69
2007-10-23 00:00:00,181.85,8.24,235.29
2007-10-24 00:00:00,250.24,16.84,199.15
2007-10-25 00:00:00,276.15,65.67,277.94
2007-10-26 00:00:00,292.66,20.73,337.72
2007-10-27 00:00:00,284.1,21.75,244.72
2007-10-28 00:00:00,311.35,10.07,373.7
2007-10-29 00:00:00,291.34,30.41,378.34
2007-10-30 00:00:00,163.78,27.9,193.31
2007-10-31 00:00:00,191.71,10.13,176.55
2007-11-01 00:00:00,226.97,0.0,177.58
2007-11-02 00:00:00,296.0,10.06,328.82
2007-11-03 00:00:00,219.21,91.62,231.27
2007-11-04 00:00:00,218.62,14.68,278.61
2007-11-05 00:00:00,259.05,93.21,316.7
2007-11-06 00:00:00,162.71,63.37,256.33
2007-11-07 00:00:00,240.16,42.88,214.88
2007-11-08 00:00:00,243.85,57.28,355.71
2007-11-09 00:00:00,,,160.34
2007-11-10 00:00:00,19.78,2.32,30.53
2007-11-11 00:00:00,0.0,0.0,32.0
2007-11-12 00:00:00,29.09,67.03,58.96
2007-11-13 00:00:00,24.01,13.05,49.16
2007-11-14 00:00:00,0.0,12.5,39.46
2007-11-15 00:00:00,63.23,23.69,34.18
2007-11-16 00:00:00,7.6,11.12,97.41
2007-11-17 00:00:00,0.0,13.65,34.95
2007-11-18 00:00:00,11.2,22.7,27.77
2007-11-19 00:00:00,25.66,48.13,54.14
2007-11-20 00:00:00,227.02,67.3,153.86
2007-11-21 00:00:00,187.96,13.57,426.24
2007-11-22 00:00:00,17.13,30.94,82.99
2007-11-23 00:00:00,,,62.95
2007-11-24 00:00:00,,,31.36
2007-11-25 00:00:00,42.42,20.25,33.45
2007-11-26 00:00:00,215.96,9.24,121.22
2007-11-27 00:00:00,71.42,5.07,200.55
2007-11-28 00:00:00,170.78,25.75,130.98
2007-11-29 00:00:00,0.0,52.74,169.95
2007-11-30 00:00:00,165.69,84.92,146.37
2007-12-01 00:00:00,85.72,16.11,190.28
2007-12-02 00:00:00,64.18,27.73,74.34
2007-12-03 00:00:00,66.74,47.12,127.54
2007-12-04 00:00:00,28.19,58.48,87.85
2007-12-05 00:00:00,113.67,84.75,149.75
2007-12-06 00:00:00,37.92,10.12,121.23
2007-12-07 00:00:00,45.12,0.0,45.02
2007-12-08 00:00:00,34.35,0.0,76.97
2007-12-09 00:00:00,44.62,0.0,27.75
2007-12-10 00:00:00,101.42,0.0,84.52
2007-12-11 00:00:00,38.1,0.0,74.81
2007-12-12 00:00:00,129.88,0.0,72.48
2007-12-13 00:00:00,84.14,0.0,125.55
2007-12-14 00:00:00,73.99,0.0,73.69
2007-12-15 00:00:00,96.54,0.0,
2007-12-16 00:00:00,117.89,38.33,91.39
2007-12-17 00:00:00,293.93,118.9,315.37
2007-12-18 00:00:00,155.64,44.88,335.62
2007-12-19 00:00:00,23.55,0.0,98.29
2007-12-20 00:00:00,35.11,0.0,
2007-12-21 00:00:00,46.83,0.0,
2007-12-22 00:00:00,,,56.22
2007-12-23 00:00:00,,,54.6
2007-12-24 00:00:00,,,68.08
2007-12-25 00:00:00,18.82,0.0,
2007-12-26 00:00:00,64.66,0.0,
2007-12-27 00:00:00,69.7,20.1,
2007-12-28 00:00:00,16.85,30.81,76.58
2007-12-29 00:00:00,180.78,78.22,109.61
2007-12-30 00:00:00,92.73,33.49,218.36
2007-12-31 00:00:00,84.6,0.0,85.8
2008-01-01 00:00:00,28.49,0.0,89.68
2008-01-02 00:00:00,13.62,41.28,
2008-01-03 00:00:00,169.58,0.0,89.39
2008-01-04 00:00:00,57.97,8.77,228.2
2008-01-05 00:00:00,55.42,0.0,
2008-01-06 00:00:00,39.63,0.0,51.13
2008-01-07 00:00:00,32.14,0.0,
2008-01-08 00:00:00,86.8,27.8,96.3
2008-01-09 00:00:00,0.0,21.08,110.17
2008-01-10 00:00:00,10.4,13.65,72.64
2008-01-11 00:00:00,34.49,0.0,
2008-01-12 00:00:00,44.06,32.4,
2008-01-13 00:00:00,0.0,5.17,54.64
2008-01-14 00:00:00,104.16,0.0,90.45
2008-01-15 00:00:00,47.3,17.55,106.71
2008-01-16 00:00:00,52.65,0.0,63.78
2008-01-17 00:00:00,0.0,0.0,82.93
2008-01-19 00:00:00,,,121.23
2008-01-20 00:00:00,28.18,0.0,
2008-01-21 00:00:00,19.12,42.18,
2008-01-22 00:00:00,26.38,55.1,71.52
2008-01-23 00:00:00,84.62,50.96,89.96
2008-01-24 00:00:00,0.0,5.24,155.94
2008-01-25 00:00:00,66.56,0.0,72.15
2008-01-26 00:00:00,44.83,0.0,
2008-01-27 00:00:00,55.11,0.0,
2008-01-28 00:00:00,,,144.43
2008-01-29 00:00:00,,,234.69
2008-01-30 00:00:00,67.37,5.29,199.16
2008-01-31 00:00:00,101.8,3.44,61.26
2008-02-01 00:00:00,7.42,2.84,95.54
2008-02-02 00:00:00,39.73,0.0,
2008-02-03 00:00:00,0.0,0.0,
2008-02-04 00:00:00,0.0,0.36,
2008-02-05 00:00:00,10.27,0.0,
2008-02-06 00:00:00,0.0,8.41,
2008-02-07 00:00:00,31.26,2.27,
2008-02-08 00:00:00,12.13,0.0,
2008-02-09 00:00:00,75.94,0.0,
2008-02-10 00:00:00,8.11,0.0,
2008-02-11 00:00:00,75.19,0.0,
2008-02-12 00:00:00,19.27,0.0,65.53
2008-02-13 00:00:00,27.3,0.0,
2008-02-14 00:00:00,0.0,0.0,55.02
2008-02-15 00:00:00,66.46,0.0,
2008-02-16 00:00:00,0.0,0.0,62.34
2008-02-17 00:00:00,19.68,0.0,
2008-02-18 00:00:00,204.38,11.07,
2008-02-19 00:00:00,490.91,18.23,699.04
2008-02-20 00:00:00,112.14,58.03,368.15
2008-02-21 00:00:00,62.93,0.0,158.84
2008-02-22 00:00:00,19.7,0.0,104.41
2008-02-23 00:00:00,45.94,0.0,63.49
2008-02-24 00:00:00,0.0,0.0,84.76
2008-02-25 00:00:00,182.15,3.32,
2008-02-26 00:00:00,14.27,0.22,177.99
2008-02-27 00:00:00,32.63,1.03,84.14
2008-02-28 00:00:00,42.62,6.18,86.38
2008-02-29 00:00:00,62.32,32.98,133.74
2008-03-01 00:00:00,42.15,0.0,112.83
2008-03-02 00:00:00,26.05,0.0,57.21
2008-03-03 00:00:00,37.86,0.0,
2008-03-04 00:00:00,17.58,4.68,
2008-03-05 00:00:00,26.65,0.0,
2008-03-06 00:00:00,38.26,12.89,
2008-03-07 00:00:00,27.95,0.0,50.14
2008-03-08 00:00:00,0.0,0.0,
2008-03-09 00:00:00,13.2,0.0,
2008-03-10 00:00:00,0.0,0.29,
2008-03-11 00:00:00,34.61,0.0,
2008-03-12 00:00:00,25.41,15.47,
2008-03-13 00:00:00,38.43,29.41,65.85
2008-03-14 00:00:00,24.25,0.0,69.75
2008-03-15 00:00:00,0.0,0.0,
2008-03-16 00:00:00,21.06,5.98,
2008-03-17 00:00:00,28.86,21.07,
2008-03-18 00:00:00,24.48,79.58,138.35
2008-03-19 00:00:00,5.81,8.69,100.51
2008-03-20 00:00:00,0.0,15.42,
2008-03-21 00:00:00,37.98,14.1,
2008-03-22 00:00:00,12.18,28.08,62.06
2008-03-23 00:00:00,58.77,6.4,67.27
2008-03-24 00:00:00,75.28,104.24,156.5
2008-03-25 00:00:00,0.0,18.06,69.76
2008-03-26 00:00:00,35.37,19.44,
2008-03-27 00:00:00,0.0,0.0,
2008-03-28 00:00:00,0.0,0.0,
2008-03-29 00:00:00,0.0,0.0,
2008-03-30 00:00:00,0.0,0.0,
2008-03-31 00:00:00,20.23,13.2,
2008-04-01 00:00:00,32.15,11.11,44.26
2008-04-02 00:00:00,0.0,0.0,
2008-04-03 00:00:00,0.0,0.0,
2008-04-04 00:00:00,18.65,0.0,
2008-04-05 00:00:00,0.0,0.0,
2008-04-06 00:00:00,7.66,0.0,
2008-04-07 00:00:00,24.79,0.0,
2008-04-08 00:00:00,0.0,0.0,
2008-04-09 00:00:00,40.71,0.0,
2008-04-10 00:00:00,139.25,9.82,
2008-04-11 00:00:00,,,328.39
2008-04-12 00:00:00,144.95,0.0,273.1
2008-04-13 00:00:00,35.51,0.0,
2008-04-14 00:00:00,22.65,3.55,
2008-04-15 00:00:00,4.77,0.0,69.08
2008-04-16 00:00:00,6.35,0.0,
2008-04-17 00:00:00,72.68,0.0,105.05
2008-04-18 00:00:00,155.37,0.0,204.71
2008-04-19 00:00:00,436.93,13.82,572.33
2008-04-20 00:00:00,396.7,0.85,643.53
2008-04-21 00:00:00,379.8,39.81,631.55
2008-04-22 00:00:00,264.53,0.0,410.95
2008-04-23 00:00:00,168.7,31.76,345.59
2008-04-24 00:00:00,192.12,0.0,264.62
2008-04-25 00:00:00,176.38,0.0,220.46
2008-04-26 00:00:00,132.45,0.0,269.02
2008-04-27 00:00:00,49.07,0.0,85.08
2008-04-28 00:00:00,89.27,0.0,139.91
2008-04-29 00:00:00,161.83,0.0,188.9
2008-04-30 00:00:00,182.99,0.0,188.07
2008-05-01 00:00:00,174.82,4.0,159.72
2008-05-02 00:00:00,218.49,0.0,226.09
2008-05-03 00:00:00,196.74,0.0,215.27
2008-05-04 00:00:00,129.35,0.0,113.52
2008-05-05 00:00:00,382.49,0.0,356.49
2008-05-06 00:00:00,374.0,0.0,458.63
2008-05-07 00:00:00,141.54,0.0,233.99
2008-05-08 00:00:00,210.12,0.0,206.39
2008-05-09 00:00:00,166.52,0.0,202.94
2008-05-10 00:00:00,110.32,0.0,101.54
2008-05-11 00:00:00,88.81,0.0,83.01
2008-05-12 00:00:00,199.3,0.0,159.33
2008-05-13 00:00:00,79.0,0.0,136.12
2008-05-14 00:00:00,115.56,0.0,89.09
2008-05-15 00:00:00,134.11,0.0,143.25
2008-05-16 00:00:00,149.58,15.89,174.67
2008-05-17 00:00:00,51.63,0.0,108.58
2008-05-18 00:00:00,105.55,0.0,84.47
2008-05-19 00:00:00,136.11,0.0,139.26
2008-05-20 00:00:00,52.69,15.03,100.07
2008-05-21 00:00:00,,,80.67
2008-05-22 00:00:00,82.99,0.0,78.52
2008-05-23 00:00:00,144.73,2.16,119.63
2008-05-24 00:00:00,86.42,0.0,131.77
2008-05-25 00:00:00,124.04,0.0,95.65
2008-05-26 00:00:00,154.63,6.17,220.94
2008-05-27 00:00:00,4.89,18.94,66.77
2008-05-28 00:00:00,53.7,36.34,91.96
2008-05-29 00:00:00,39.22,37.19,91.67
2008-05-30 00:00:00,,,93.33
2008-05-31 00:00:00,49.63,28.53,118.82
2008-06-01 00:00:00,0.0,11.32,71.82
2008-06-02 00:00:00,110.79,37.81,99.45
2008-06-03 00:00:00,62.88,38.34,107.55
2008-06-04 00:00:00,222.14,15.54,145.54
2008-06-05 00:00:00,103.36,16.83,194.03
2008-06-06 00:00:00,59.26,13.79,94.91
2008-06-07 00:00:00,0.0,19.1,70.55
2008-06-08 00:00:00,9.18,14.68,33.54
2008-06-09 00:00:00,70.71,8.98,33.02
2008-06-10 00:00:00,0.0,29.35,75.7
2008-06-11 00:00:00,41.15,66.87,75.28
2008-06-12 00:00:00,71.89,42.65,89.79
2008-06-13 00:00:00,0.0,39.23,81.93
2008-06-14 00:00:00,100.49,40.41,90.68
2008-06-15 00:00:00,11.58,6.69,89.01
2008-06-16 00:00:00,72.58,19.09,48.66
2008-06-17 00:00:00,79.61,55.06,105.88
2008-06-18 00:00:00,39.68,94.55,133.57
2008-06-19 00:00:00,229.15,23.0,189.78
2008-06-20 00:00:00,225.56,83.9,297.16
2008-06-21 00:00:00,104.83,12.69,223.45
2008-06-22 00:00:00,7.81,21.34,78.75
2008-06-23 00:00:00,185.7,22.63,112.29
2008-06-24 00:00:00,120.65,20.34,161.45
2008-06-25 00:00:00,308.99,65.91,266.5
2008-06-26 00:00:00,,,369.59
2008-06-27 00:00:00,262.21,59.73,318.98
2008-06-28 00:00:00,,,251.94
2008-06-29 00:00:00,187.84,10.61,192.61
2008-06-30 00:00:00,260.65,68.89,308.2
2008-07-01 00:00:00,363.56,23.98,362.5
2008-07-02 00:00:00,206.82,26.98,402.57
2008-07-03 00:00:00,291.98,40.37,223.86
2008-07-04 00:00:00,,,284.44
2008-07-05 00:00:00,176.55,23.85,232.6
2008-07-06 00:00:00,209.91,7.64,202.05
2008-07-07 00:00:00,274.92,51.57,239.65
2008-07-08 00:00:00,172.56,68.75,328.28
2008-07-09 00:00:00,261.1,54.88,225.81
2008-07-10 00:00:00,252.91,27.1,313.26
2008-07-11 00:00:00,236.58,39.14,309.68
2008-07-12 00:00:00,109.52,8.14,175.46
2008-07-13 00:00:00,61.68,8.88,102.2
2008-07-14 00:00:00,253.78,30.87,170.03
2008-07-15 00:00:00,114.92,51.16,246.81
2008-07-16 00:00:00,105.97,41.31,145.48
2008-07-17 00:00:00,,,154.51
2008-07-18 00:00:00,223.1,26.43,154.74
2008-07-19 00:00:00,114.05,42.6,255.31
2008-07-20 00:00:00,92.6,54.9,134.12
2008-07-21 00:00:00,131.32,52.86,132.12
2008-07-22 00:00:00,101.44,64.03,220.37
2008-07-23 00:00:00,123.67,57.9,143.8
2008-07-24 00:00:00,80.73,49.93,146.8
2008-07-25 00:00:00,92.79,30.35,105.29
2008-07-26 00:00:00,82.8,15.53,110.31
2008-07-27 00:00:00,27.25,15.15,91.32
2008-07-28 00:00:00,145.52,9.47,89.12
2008-07-29 00:00:00,114.76,13.07,153.47
2008-07-30 00:00:00,159.15,9.65,125.05
2008-07-31 00:00:00,162.82,4.52,140.38
2008-08-01 00:00:00,198.23,4.03,152.86
2008-08-02 00:00:00,278.85,9.79,270.87
2008-08-03 00:00:00,311.96,9.23,370.63
2008-08-04 00:00:00,282.74,40.23,296.74
2008-08-05 00:00:00,325.82,20.76,337.26
2008-08-06 00:00:00,327.46,64.26,457.22
2008-08-07 00:00:00,216.08,0.0,240.27
2008-08-08 00:00:00,239.28,0.0,214.23
2008-08-09 00:00:00,267.84,10.55,276.75
2008-08-10 00:00:00,257.7,12.79,315.03
2008-08-11 00:00:00,205.07,22.42,191.16
2008-08-12 00:00:00,236.13,3.57,244.74
2008-08-13 00:00:00,236.45,7.02,242.5
2008-08-14 00:00:00,221.17,16.79,242.58
2008-08-15 00:00:00,200.85,38.9,229.19
2008-08-16 00:00:00,39.98,27.66,150.75
2008-08-17 00:00:00,68.29,17.62,84.07
2008-08-18 00:00:00,120.34,15.06,131.73
2008-08-19 00:00:00,133.84,9.59,148.58
2008-08-20 00:00:00,226.22,0.0,154.74
2008-08-21 00:00:00,155.65,14.87,206.23
2008-08-22 00:00:00,138.6,2.07,136.57
2008-08-23 00:00:00,188.55,11.67,178.85
2008-08-24 00:00:00,165.45,11.82,184.74
2008-08-25 00:00:00,146.01,50.03,183.71
2008-08-26 00:00:00,163.47,48.95,229.79
2008-08-27 00:00:00,,,159.37
2008-08-28 00:00:00,,,173.54
2008-08-29 00:00:00,201.07,15.88,223.36
2008-08-30 00:00:00,124.89,25.1,192.01
2008-08-31 00:00:00,,,103.09
2008-09-01 00:00:00,,,187.37
2008-09-02 00:00:00,,,185.87
2008-09-03 00:00:00,98.16,36.59,202.22
2008-09-04 00:00:00,109.75,26.61,153.01
2008-09-05 00:00:00,112.62,34.51,138.86
2008-09-06 00:00:00,104.3,13.24,125.85
2008-09-07 00:00:00,94.38,14.29,108.4
2008-09-08 00:00:00,82.45,2.92,109.39
2008-09-09 00:00:00,181.26,15.38,133.94
2008-09-10 00:00:00,87.59,4.68,158.33
2008-09-11 00:00:00,241.24,0.0,156.63
2008-09-12 00:00:00,97.44,0.0,150.9
2008-09-13 00:00:00,112.82,0.0,99.81
2008-09-14 00:00:00,55.74,16.97,101.22
2008-09-15 00:00:00,43.85,16.56,94.02
2008-09-16 00:00:00,61.19,1.27,63.75
2008-09-17 00:00:00,78.04,0.0,68.89
2008-09-18 00:00:00,117.2,10.33,91.67
2008-09-19 00:00:00,78.46,0.0,92.6
2008-09-20 00:00:00,66.63,0.0,86.62
2008-09-21 00:00:00,12.9,7.83,61.9
2008-09-22 00:00:00,28.6,1.97,38.35
2008-09-23 00:00:00,33.44,0.0,29.99
2008-09-24 00:00:00,29.54,0.0,39.89
2008-09-25 00:00:00,93.39,1.87,49.45
2008-09-26 00:00:00,9.91,1.52,84.7
2008-09-27 00:00:00,9.38,0.0,36.95
2008-09-28 00:00:00,41.23,0.0,27.25
2008-09-29 00:00:00,75.9,0.0,37.19
2008-09-30 00:00:00,62.59,1.04,71.1
2008-10-01 00:00:00,0.0,20.85,81.59
2008-10-02 00:00:00,0.0,0.0,31.04
2008-10-03 00:00:00,33.32,3.33,27.46
2008-10-04 00:00:00,50.11,10.96,35.85
2008-10-05 00:00:00,15.48,14.85,54.07
2008-10-06 00:00:00,71.37,0.0,35.76
2008-10-07 00:00:00,24.1,0.0,57.56
2008-10-08 00:00:00,30.03,9.01,33.44
2008-10-09 00:00:00,,,44.07
2008-10-10 00:00:00,15.9,0.0,28.7
2008-10-11 00:00:00,18.79,,27.45
2008-10-12 00:00:00,33.68,,29.66
2008-10-13 00:00:00,12.34,,81.02
2008-10-14 00:00:00,0.0,,42.44
2008-10-15 00:00:00,91.17,2.46,71.81
2008-10-16 00:00:00,0.0,2.27,31.84
2008-10-17 00:00:00,60.64,12.27,28.31
2008-10-18 00:00:00,100.75,0.0,101.54
2008-10-19 00:00:00,73.42,8.12,117.19
2008-10-20 00:00:00,14.67,41.81,49.65
2008-10-21 00:00:00,0.0,15.51,43.2
2008-10-22 00:00:00,0.0,0.0,30.48
2008-10-23 00:00:00,6.15,18.52,29.29
2008-10-24 00:00:00,0.0,26.19,53.0
2008-10-25 00:00:00,15.06,2.0,39.34
2008-10-26 00:00:00,35.66,10.41,27.45
2008-10-27 00:00:00,12.25,8.78,44.24
2008-10-28 00:00:00,6.08,0.0,31.72
2008-10-29 00:00:00,32.0,1.4,27.46
2008-10-30 00:00:00,10.11,0.0,29.74
2008-10-31 00:00:00,41.43,12.57,31.91
2008-11-01 00:00:00,7.73,21.35,60.95
2008-11-02 00:00:00,9.56,19.71,40.3
2008-11-03 00:00:00,34.38,19.36,39.03
2008-11-04 00:00:00,34.1,17.3,45.11
2008-11-05 00:00:00,8.56,14.07,39.66
2008-11-06 00:00:00,6.13,0.0,44.44
2008-11-07 00:00:00,32.92,5.66,27.45
2008-11-08 00:00:00,21.91,18.7,50.08
2008-11-09 00:00:00,21.91,14.53,50.89
2008-11-10 00:00:00,22.55,13.37,49.29
2008-11-11 00:00:00,7.34,2.84,32.63
2008-11-12 00:00:00,26.33,,31.84
2008-11-13 00:00:00,2.36,,40.22
2008-11-14 00:00:00,,,31.21
2008-11-15 00:00:00,,,27.66
2008-11-16 00:00:00,4.35,16.18,37.47
2008-11-17 00:00:00,11.47,0.0,33.48
2008-11-18 00:00:00,32.73,5.8,27.48
2008-11-19 00:00:00,28.07,8.53,36.71
2008-11-20 00:00:00,35.01,1.6,39.91
2008-11-21 00:00:00,2.91,1.44,36.7
2008-11-22 00:00:00,16.36,,28.14
2008-11-23 00:00:00,25.67,11.81,27.53
2008-11-24 00:00:00,12.31,9.7,31.07
2008-11-25 00:00:00,8.71,4.52,31.74
2008-11-26 00:00:00,0.0,24.38,31.85
2008-11-27 00:00:00,60.92,44.62,48.92
2008-11-28 00:00:00,9.14,18.14,68.5
2008-11-29 00:00:00,28.91,,43.12
2008-11-30 00:00:00,9.01,,57.73
2008-12-01 00:00:00,42.2,59.15,88.02
2008-12-02 00:00:00,33.44,47.64,66.96
2008-12-03 00:00:00,49.47,32.18,87.63
2008-12-04 00:00:00,0.22,2.3,104.31
2008-12-05 00:00:00,33.84,2.81,28.05
2008-12-06 00:00:00,19.35,0.0,27.45
2008-12-07 00:00:00,8.41,10.32,27.45
2008-12-08 00:00:00,17.18,11.96,30.07
2008-12-09 00:00:00,14.14,6.78,31.27
2008-12-10 00:00:00,4.77,8.29,32.94
2008-12-11 00:00:00,32.31,8.66,46.69
2008-12-12 00:00:00,21.49,29.25,47.67
2008-12-13 00:00:00,,,40.56
2008-12-14 00:00:00,14.13,13.81,42.03
2008-12-15 00:00:00,,,62.13
2008-12-16 00:00:00,15.24,59.7,91.19
2008-12-17 00:00:00,38.0,60.56,68.16
2008-12-18 00:00:00,27.84,50.43,93.93
2008-12-19 00:00:00,,,64.55
2008-12-20 00:00:00,0.0,9.44,31.89
2008-12-21 00:00:00,4.02,19.27,31.62
2008-12-22 00:00:00,38.23,5.42,35.31
2008-12-23 00:00:00,,,32.32
2008-12-24 00:00:00,,,35.71
2008-12-25 00:00:00,,,78.71
2008-12-26 00:00:00,,,48.24
2008-12-27 00:00:00,,,210.72
2008-12-28 00:00:00,,,132.81
2008-12-29 00:00:00,,,135.69
2008-12-30 00:00:00,114.52,3.38,191.3
2008-12-31 00:00:00,,,122.84
2009-01-01 00:00:00,40.37,38.62,129.75
2009-01-02 00:00:00,28.37,9.2,80.33
2009-01-03 00:00:00,40.79,9.0,58.9
2009-01-04 00:00:00,17.61,12.85,61.19
2009-01-05 00:00:00,0.08,16.04,63.51
2009-01-06 00:00:00,10.18,11.85,38.44
2009-01-07 00:00:00,6.78,9.77,36.46
2009-01-08 00:00:00,119.58,4.76,36.58
2009-01-09 00:00:00,16.47,48.45,148.52
2009-01-10 00:00:00,34.5,9.85,72.24
2009-01-11 00:00:00,35.25,9.43,42.73
2009-01-12 00:00:00,32.99,13.42,72.87
2009-01-13 00:00:00,104.72,3.81,65.17
2009-01-14 00:00:00,81.78,1.14,94.51
2009-01-15 00:00:00,118.44,18.97,115.19
2009-01-16 00:00:00,88.16,12.89,141.33
2009-01-17 00:00:00,5.62,0.0,88.01
2009-01-18 00:00:00,112.61,0.0,44.42
2009-01-19 00:00:00,13.84,1.01,86.62
2009-01-20 00:00:00,71.47,21.5,77.6
2009-01-21 00:00:00,50.22,36.32,185.47
2009-01-22 00:00:00,36.27,5.05,101.31
2009-01-23 00:00:00,34.3,67.68,172.32
2009-01-24 00:00:00,123.57,69.16,312.1
2009-01-25 00:00:00,100.84,75.1,236.01
2009-01-26 00:00:00,55.18,68.96,261.29
2009-01-27 00:00:00,96.67,97.14,260.91
2009-01-28 00:00:00,54.65,124.43,270.18
2009-01-29 00:00:00,46.34,141.17,284.41
2009-01-30 00:00:00,126.48,100.3,251.35
2009-01-31 00:00:00,69.11,119.89,330.34
2009-02-01 00:00:00,184.7,126.57,354.98
2009-02-02 00:00:00,555.83,133.02,909.49
2009-02-03 00:00:00,213.94,150.76,607.76
2009-02-04 00:00:00,249.79,94.54,487.59
2009-02-05 00:00:00,257.72,143.45,654.21
2009-02-06 00:00:00,160.32,149.47,446.81
2009-02-07 00:00:00,119.61,166.07,515.7
2009-02-08 00:00:00,89.69,152.23,358.84
2009-02-09 00:00:00,155.66,162.71,386.7
2009-02-10 00:00:00,120.36,107.03,351.58
2009-02-11 00:00:00,144.53,134.67,382.5
2009-02-12 00:00:00,73.4,150.57,329.82
2009-02-13 00:00:00,109.08,151.01,309.68
2009-02-14 00:00:00,94.14,148.68,319.91
2009-02-15 00:00:00,73.86,136.69,295.8
2009-02-16 00:00:00,196.36,124.53,282.65
2009-02-17 00:00:00,193.32,154.26,333.2
2009-02-18 00:00:00,196.63,135.47,312.78
2009-02-19 00:00:00,217.34,127.2,319.04
2009-02-20 00:00:00,202.64,124.89,329.49
2009-02-21 00:00:00,48.59,131.2,273.27
2009-02-22 00:00:00,55.08,124.98,145.5
2009-02-23 00:00:00,125.11,88.04,181.13
2009-02-24 00:00:00,186.28,105.53,235.92
2009-02-25 00:00:00,161.51,75.33,228.73
2009-02-26 00:00:00,188.51,41.0,206.78
2009-02-27 00:00:00,206.72,65.05,223.91
2009-02-28 00:00:00,138.37,76.53,246.51
2009-03-01 00:00:00,112.81,70.41,186.83
2009-03-02 00:00:00,164.93,50.88,180.96
2009-03-03 00:00:00,126.38,52.4,207.98
2009-03-04 00:00:00,69.53,51.72,126.09
2009-03-05 00:00:00,20.53,56.72,102.77
2009-03-06 00:00:00,8.09,41.62,71.56
2009-03-07 00:00:00,51.16,73.8,72.96
2009-03-08 00:00:00,2.09,72.73,122.34
2009-03-09 00:00:00,54.94,35.91,50.48
2009-03-10 00:00:00,30.54,13.91,71.48
2009-03-11 00:00:00,32.56,5.37,54.78
2009-03-12 00:00:00,79.19,10.48,58.13
2009-03-13 00:00:00,67.7,0.0,61.93
2009-03-14 00:00:00,42.98,5.09,30.32
2009-03-15 00:00:00,51.92,8.54,48.05
2009-03-16 00:00:00,119.06,35.95,119.14
2009-03-17 00:00:00,48.43,32.61,90.35
2009-03-18 00:00:00,36.33,7.02,83.51
2009-03-19 00:00:00,67.17,16.14,51.99
2009-03-20 00:00:00,106.02,1.81,82.47
2009-03-21 00:00:00,148.33,0.0,100.56
2009-03-22 00:00:00,86.46,4.7,107.15
2009-03-23 00:00:00,71.59,5.14,77.4
2009-03-24 00:00:00,69.53,8.88,84.13
2009-03-25 00:00:00,148.16,9.02,91.67
2009-03-26 00:00:00,222.27,6.63,162.15
2009-03-27 00:00:00,230.26,12.61,244.62
2009-03-28 00:00:00,73.96,0.0,132.05
2009-03-29 00:00:00,51.53,7.24,62.39
2009-03-30 00:00:00,230.54,1.04,129.85
2009-03-31 00:00:00,216.79,69.55,286.95
2009-04-01 00:00:00,43.02,34.94,146.4
2009-04-02 00:00:00,147.7,19.94,101.65
2009-04-03 00:00:00,38.06,32.56,125.93
2009-04-04 00:00:00,71.28,4.23,40.24
2009-04-05 00:00:00,36.04,4.72,57.4
2009-04-06 00:00:00,79.68,5.17,47.77
2009-04-07 00:00:00,15.07,6.63,66.64
2009-04-08 00:00:00,51.9,15.18,52.59
2009-04-09 00:00:00,17.63,6.0,46.49
2009-04-10 00:00:00,46.45,0.0,42.61
2009-04-11 00:00:00,38.44,30.89,51.6
2009-04-12 00:00:00,15.93,21.49,51.93
2009-04-13 00:00:00,170.95,75.62,146.25
2009-04-14 00:00:00,212.4,3.03,199.37
2009-04-15 00:00:00,128.99,0.89,154.02
2009-04-16 00:00:00,221.03,0.0,154.32
2009-04-17 00:00:00,143.77,20.03,198.06
2009-04-18 00:00:00,138.71,23.7,153.87
2009-04-19 00:00:00,123.63,12.15,113.59
2009-04-20 00:00:00,150.67,6.78,204.27
2009-04-21 00:00:00,133.74,11.71,136.71
2009-04-22 00:00:00,131.59,5.74,117.17
2009-04-23 00:00:00,91.45,25.95,141.17
2009-04-24 00:00:00,61.81,26.26,94.69
2009-04-25 00:00:00,23.17,23.72,45.63
2009-04-26 00:00:00,47.61,1.73,39.79
2009-04-27 00:00:00,88.89,7.78,99.95
2009-04-28 00:00:00,54.06,1.67,50.43
2009-04-29 00:00:00,168.18,7.18,82.02
2009-04-30 00:00:00,78.53,0.0,154.55
2009-05-01 00:00:00,117.77,6.68,79.0
2009-05-02 00:00:00,109.02,5.52,82.64
2009-05-03 00:00:00,54.25,19.27,100.18
2009-05-04 00:00:00,176.37,0.0,92.61
2009-05-05 00:00:00,109.13,3.22,146.45
2009-05-06 00:00:00,211.83,5.93,165.0
2009-05-07 00:00:00,177.87,12.32,187.17
2009-05-08 00:00:00,138.32,0.0,178.51
2009-05-09 00:00:00,57.22,50.43,109.02
2009-05-10 00:00:00,6.97,13.37,75.68
2009-05-11 00:00:00,75.3,11.21,33.44
2009-05-12 00:00:00,110.69,0.0,107.04
2009-05-13 00:00:00,214.04,10.23,139.53
2009-05-14 00:00:00,124.59,0.0,130.08
2009-05-15 00:00:00,140.99,0.83,144.05
2009-05-16 00:00:00,118.11,0.0,88.63
2009-05-17 00:00:00,117.06,16.27,128.83
2009-05-18 00:00:00,115.63,0.33,149.42
2009-05-19 00:00:00,114.24,8.07,90.18
2009-05-20 00:00:00,98.46,9.15,102.98
2009-05-21 00:00:00,93.6,3.43,92.0
2009-05-22 00:00:00,40.9,0.0,81.65
2009-05-23 00:00:00,101.44,7.96,44.25
2009-05-24 00:00:00,69.43,9.67,103.61
2009-05-25 00:00:00,141.54,6.17,134.26
2009-05-26 00:00:00,60.24,0.13,98.99
2009-05-27 00:00:00,44.64,0.0,75.54
2009-05-28 00:00:00,61.86,0.0,44.86
2009-05-29 00:00:00,183.52,0.0,83.7
2009-05-30 00:00:00,32.36,7.12,146.53
2009-05-31 00:00:00,14.76,16.29,35.9
2009-06-01 00:00:00,0.0,6.29,37.33
2009-06-02 00:00:00,14.79,11.95,31.14
2009-06-03 00:00:00,80.91,3.24,55.36
2009-06-04 00:00:00,47.05,14.1,52.53
2009-06-05 00:00:00,35.49,4.66,38.83
2009-06-06 00:00:00,70.66,6.95,51.11
2009-06-07 00:00:00,48.74,10.47,59.94
2009-06-08 00:00:00,43.58,0.0,67.7
2009-06-09 00:00:00,46.44,0.0,46.07
2009-06-10 00:00:00,25.73,7.53,42.74
2009-06-11 00:00:00,42.9,5.74,48.83
2009-06-12 00:00:00,30.01,0.0,42.02
2009-06-13 00:00:00,100.82,4.36,49.64
2009-06-14 00:00:00,65.02,4.36,94.4
2009-06-15 00:00:00,130.72,5.28,102.13
2009-06-16 00:00:00,37.31,0.0,68.64
2009-06-17 00:00:00,121.32,9.13,81.44
2009-06-18 00:00:00,73.21,13.1,116.04
2009-06-19 00:00:00,124.74,2.72,103.88
2009-06-20 00:00:00,18.1,9.18,55.74
2009-06-21 00:00:00,19.51,6.25,35.62
2009-06-22 00:00:00,83.01,4.36,44.82
2009-06-23 00:00:00,109.8,0.0,89.47
2009-06-24 00:00:00,29.89,0.0,73.91
2009-06-25 00:00:00,46.18,0.0,36.12
2009-06-26 00:00:00,25.07,0.0,32.01
2009-06-27 00:00:00,69.37,13.97,59.32
2009-06-28 00:00:00,34.98,4.76,78.88
2009-06-29 00:00:00,94.94,0.0,56.71
2009-06-30 00:00:00,101.76,0.0,101.78
2009-07-01 00:00:00,238.71,0.0,130.12
2009-07-02 00:00:00,127.17,0.0,186.65
2009-07-03 00:00:00,150.57,0.0,117.86
2009-07-04 00:00:00,132.19,4.42,110.36
2009-07-05 00:00:00,102.99,4.08,117.16
2009-07-06 00:00:00,265.58,0.0,159.13
2009-07-07 00:00:00,59.28,0.0,199.49
2009-07-08 00:00:00,108.15,0.0,71.98
2009-07-09 00:00:00,159.88,0.0,111.14
2009-07-10 00:00:00,68.35,0.0,110.59
2009-07-11 00:00:00,65.28,5.2,62.91
2009-07-12 00:00:00,79.13,8.99,77.43
2009-07-13 00:00:00,113.09,0.0,87.22
2009-07-14 00:00:00,76.89,0.0,91.55
2009-07-15 00:00:00,143.97,0.0,84.93
2009-07-16 00:00:00,51.97,0.0,95.8
2009-07-17 00:00:00,29.33,0.0,48.07
2009-07-18 00:00:00,61.85,4.45,46.45
2009-07-19 00:00:00,29.99,5.7,44.08
2009-07-20 00:00:00,74.84,0.0,50.8
2009-07-21 00:00:00,81.57,0.0,68.16
2009-07-22 00:00:00,33.29,0.0,68.51
2009-07-23 00:00:00,50.25,0.0,29.64
2009-07-24 00:00:00,101.66,0.0,62.89
2009-07-25 00:00:00,99.11,4.05,97.87
2009-07-26 00:00:00,68.26,4.11,96.5
2009-07-27 00:00:00,60.53,0.0,67.66
2009-07-28 00:00:00,108.67,0.0,76.17
2009-07-29 00:00:00,56.4,0.0,77.92
2009-07-30 00:00:00,73.12,0.0,54.99
2009-07-31 00:00:00,60.36,10.53,69.03
2009-08-01 00:00:00,29.46,4.05,37.76
2009-08-02 00:00:00,31.53,4.7,55.92
2009-08-03 00:00:00,138.83,0.0,60.14
2009-08-04 00:00:00,160.66,0.0,161.73
2009-08-05 00:00:00,113.43,0.96,140.93
2009-08-06 00:00:00,56.48,0.0,57.26
2009-08-07 00:00:00,110.06,0.0,71.55
2009-08-08 00:00:00,78.9,5.12,85.25
2009-08-09 00:00:00,187.61,7.53,135.32
2009-08-10 00:00:00,99.55,,171.98
2009-08-11 00:00:00,71.48,,85.6
2009-08-12 00:00:00,127.84,17.96,90.46
2009-08-13 00:00:00,156.03,25.19,157.54
2009-08-14 00:00:00,93.0,5.17,136.83
2009-08-15 00:00:00,,,81.58
2009-08-16 00:00:00,86.41,10.98,151.4
2009-08-17 00:00:00,103.45,1.4,110.22
2009-08-18 00:00:00,149.94,0.0,105.12
2009-08-19 00:00:00,235.38,4.56,164.87
2009-08-20 00:00:00,157.35,0.0,194.01
2009-08-21 00:00:00,198.8,4.1,159.92
2009-08-22 00:00:00,29.91,22.38,149.63
2009-08-23 00:00:00,14.65,7.63,60.01
2009-08-24 00:00:00,66.74,29.84,59.04
2009-08-25 00:00:00,21.09,3.7,42.54
2009-08-26 00:00:00,39.37,42.55,60.61
2009-08-27 00:00:00,29.07,37.82,70.96
2009-08-28 00:00:00,12.18,0.5,35.28
2009-08-29 00:00:00,27.63,6.1,28.76
2009-08-30 00:00:00,24.73,10.83,32.33
2009-08-31 00:00:00,42.75,0.0,78.06
2009-09-01 00:00:00,15.83,5.69,42.38
2009-09-02 00:00:00,6.53,11.24,35.9
2009-09-03 00:00:00,9.11,1.43,27.92
2009-09-04 00:00:00,33.75,12.61,41.13
2009-09-05 00:00:00,14.09,5.88,41.33
2009-09-06 00:00:00,24.3,18.59,29.26
2009-09-07 00:00:00,46.88,26.14,52.49
2009-09-08 00:00:00,13.19,37.48,56.58
2009-09-09 00:00:00,29.61,71.78,78.76
2009-09-10 00:00:00,0.0,43.3,73.04
2009-09-11 00:00:00,,,45.27
2009-09-12 00:00:00,,,59.92
2009-09-13 00:00:00,3.64,29.26,35.9
2009-09-14 00:00:00,0.0,5.27,35.14
2009-09-15 00:00:00,12.83,17.56,28.62
2009-09-16 00:00:00,39.71,59.23,62.17
2009-09-17 00:00:00,21.3,75.07,93.55
2009-09-18 00:00:00,17.55,66.4,86.38
2009-09-19 00:00:00,0.0,22.94,47.71
2009-09-20 00:00:00,0.0,43.47,46.72
2009-09-21 00:00:00,2.68,38.87,48.48
2009-09-22 00:00:00,42.84,23.29,35.35
2009-09-23 00:00:00,125.9,42.56,73.74
2009-09-24 00:00:00,77.08,26.58,127.47
2009-09-25 00:00:00,94.61,23.86,97.67
2009-09-26 00:00:00,34.72,7.43,89.91
2009-09-27 00:00:00,37.22,12.36,44.74
2009-09-28 00:00:00,54.31,58.12,67.66
2009-09-29 00:00:00,157.83,11.45,121.25
2009-09-30 00:00:00,49.89,15.1,143.29
2009-10-01 00:00:00,36.43,14.7,55.37
2009-10-02 00:00:00,8.12,41.37,46.34
2009-10-03 00:00:00,27.13,48.25,53.38
2009-10-04 00:00:00,0.0,14.1,48.08
2009-10-05 00:00:00,9.96,4.25,28.61
2009-10-06 00:00:00,0.0,2.63,27.45
2009-10-07 00:00:00,1.79,11.62,30.39
2009-10-08 00:00:00,6.34,37.41,40.43
2009-10-09 00:00:00,49.32,55.06,52.9
2009-10-10 00:00:00,14.79,2.17,37.63
2009-10-11 00:00:00,11.88,0.0,27.45
2009-10-12 00:00:00,0.0,1.64,27.71
2009-10-13 00:00:00,16.81,5.06,27.45
2009-10-14 00:00:00,13.86,5.66,27.97
2009-10-15 00:00:00,0.0,0.0,27.45
2009-10-16 00:00:00,41.72,30.53,29.11
2009-10-17 00:00:00,44.85,20.08,44.59
2009-10-18 00:00:00,28.59,38.79,92.4
2009-10-19 00:00:00,0.0,46.04,71.45
2009-10-20 00:00:00,0.0,43.73,58.57
2009-10-21 00:00:00,36.8,7.49,28.87
2009-10-22 00:00:00,0.0,0.96,30.51
2009-10-23 00:00:00,6.36,10.59,39.34
2009-10-24 00:00:00,3.67,33.93,37.06
2009-10-25 00:00:00,4.21,74.85,61.67
2009-10-26 00:00:00,0.0,53.96,74.52
2009-10-27 00:00:00,7.26,26.89,45.38
2009-10-28 00:00:00,15.4,23.56,37.98
2009-10-29 00:00:00,2.3,86.18,67.35
2009-10-30 00:00:00,11.29,102.42,92.07
2009-10-31 00:00:00,0.0,64.74,82.94
2009-11-01 00:00:00,22.43,9.96,47.44
2009-11-02 00:00:00,0.0,17.71,35.33
2009-11-03 00:00:00,0.0,7.49,33.46
2009-11-04 00:00:00,0.0,0.0,39.27
2009-11-05 00:00:00,0.0,3.2,27.45
2009-11-06 00:00:00,0.0,3.22,29.05
2009-11-07 00:00:00,6.75,2.61,27.45
2009-11-08 00:00:00,0.0,0.0,27.45
2009-11-09 00:00:00,18.66,35.01,40.9
2009-11-10 00:00:00,3.83,3.28,31.45
2009-11-11 00:00:00,21.51,31.47,35.45
2009-11-12 00:00:00,0.0,42.91,60.76
2009-11-13 00:00:00,8.88,8.64,41.01
2009-11-14 00:00:00,12.04,66.97,52.73
2009-11-15 00:00:00,0.0,29.35,59.43
2009-11-16 00:00:00,33.43,47.92,42.98
2009-11-17 00:00:00,0.0,79.83,97.25
2009-11-18 00:00:00,7.75,78.46,91.83
2009-11-19 00:00:00,0.0,73.92,91.99
2009-11-20 00:00:00,0.0,39.66,56.82
2009-11-21 00:00:00,7.36,37.11,43.15
2009-11-22 00:00:00,14.52,20.28,41.18
2009-11-23 00:00:00,3.54,47.19,51.53
2009-11-24 00:00:00,0.0,37.69,55.23
2009-11-25 00:00:00,0.0,36.03,42.82
2009-11-26 00:00:00,0.0,36.44,57.53
2009-11-27 00:00:00,15.37,13.83,34.56
2009-11-28 00:00:00,0.32,19.84,37.78
2009-11-29 00:00:00,1.31,13.76,36.11
2009-11-30 00:00:00,2.02,2.87,36.53
2009-12-01 00:00:00,0.0,35.1,38.46
2009-12-02 00:00:00,0.0,0.66,38.44
2009-12-03 00:00:00,7.61,0.0,27.45
2009-12-04 00:00:00,18.02,1.95,27.45
2009-12-05 00:00:00,3.8,3.13,27.45
2009-12-06 00:00:00,2.67,0.0,36.56
2009-12-07 00:00:00,0.0,9.15,34.4
2009-12-08 00:00:00,6.99,12.67,32.27
2009-12-09 00:00:00,3.58,36.97,50.83
2009-12-10 00:00:00,,,36.06
2009-12-11 00:00:00,19.24,14.41,35.68
2009-12-12 00:00:00,23.62,2.72,28.52
2009-12-13 00:00:00,1.74,28.13,35.71
2009-12-14 00:00:00,10.78,40.26,56.38
2009-12-15 00:00:00,2.73,24.71,55.85
2009-12-16 00:00:00,14.46,23.38,46.73
2009-12-17 00:00:00,22.81,19.67,32.45
2009-12-18 00:00:00,3.58,54.67,53.46
2009-12-19 00:00:00,19.96,24.06,61.52
2009-12-20 00:00:00,0.0,21.03,47.68
2009-12-21 00:00:00,,,39.26
2009-12-22 00:00:00,52.62,11.37,137.23
2009-12-23 00:00:00,57.63,5.8,113.96
2009-12-24 00:00:00,269.02,16.35,204.96
2009-12-25 00:00:00,,,352.65
2009-12-26 00:00:00,324.29,48.5,320.74
2009-12-27 00:00:00,103.49,142.91,455.17
2009-12-28 00:00:00,442.15,3.83,305.93
2009-12-29 00:00:00,1003.27,54.05,1445.02
2009-12-30 00:00:00,880.59,98.08,1770.6
2009-12-31 00:00:00,940.95,45.84,1515.49
2010-01-01 00:00:00,694.43,90.33,1257.49
2010-01-02 00:00:00,595.27,57.26,1002.05
2010-01-03 00:00:00,387.72,70.24,556.72
2010-01-04 00:00:00,605.25,147.1,1014.74
2010-01-05 00:00:00,1025.36,112.26,1466.88
2010-01-06 00:00:00,450.01,119.63,1092.14
2010-01-07 00:00:00,477.53,83.78,686.27
2010-01-08 00:00:00,471.04,41.33,548.22
2010-01-09 00:00:00,444.38,164.05,858.88
2010-01-10 00:00:00,444.38,151.29,691.57
2010-01-11 00:00:00,518.86,162.48,805.84
2010-01-12 00:00:00,547.84,113.09,839.41
2010-01-13 00:00:00,828.63,148.04,1425.72
2010-01-14 00:00:00,729.65,274.26,1455.34
2010-01-15 00:00:00,563.22,338.11,1128.51
2010-01-16 00:00:00,597.65,397.75,1197.39
2010-01-17 00:00:00,709.3,454.05,1303.86
2010-01-18 00:00:00,696.2,498.61,1440.14
2010-01-19 00:00:00,453.13,399.45,1072.27
2010-01-20 00:00:00,460.33,180.54,831.43
2010-01-21 00:00:00,541.1,183.82,824.19
2010-01-22 00:00:00,680.32,195.84,970.28
2010-01-23 00:00:00,536.41,176.08,954.77
2010-01-24 00:00:00,402.89,174.66,735.2
2010-01-25 00:00:00,407.87,149.16,698.58
2010-01-26 00:00:00,467.22,120.77,660.44
2010-01-27 00:00:00,472.8,180.2,697.46
2010-01-28 00:00:00,448.69,154.87,675.66
2010-01-29 00:00:00,264.78,81.42,452.59
2010-01-30 00:00:00,230.64,190.73,435.02
2010-01-31 00:00:00,302.24,162.51,480.71
2010-02-01 00:00:00,400.73,137.61,524.76
2010-02-02 00:00:00,347.91,120.77,500.72
2010-02-03 00:00:00,338.61,110.03,431.7
2010-02-04 00:00:00,309.07,134.52,518.06
2010-02-05 00:00:00,148.63,74.32,231.75
2010-02-06 00:00:00,148.82,143.49,245.61
2010-02-07 00:00:00,185.76,166.94,342.26
2010-02-08 00:00:00,211.37,87.65,361.1
2010-02-09 00:00:00,118.97,106.74,223.12
2010-02-10 00:00:00,364.43,88.36,266.45
2010-02-11 00:00:00,285.01,21.09,408.42
2010-02-12 00:00:00,391.35,31.44,348.9
2010-02-13 00:00:00,227.81,107.84,375.95
2010-02-14 00:00:00,423.94,79.99,440.02
2010-02-15 00:00:00,527.92,81.14,630.87
2010-02-16 00:00:00,384.87,61.51,532.32
2010-02-17 00:00:00,1098.27,53.64,1061.77
2010-02-18 00:00:00,763.32,148.51,1091.51
2010-02-19 00:00:00,643.33,172.26,968.7
2010-02-20 00:00:00,999.37,175.72,1172.92
2010-02-21 00:00:00,1293.2,136.46,1394.11
2010-02-22 00:00:00,2022.41,137.11,2070.42
2010-02-23 00:00:00,2413.09,177.8,2863.66
2010-02-24 00:00:00,2387.73,215.67,2779.88
2010-02-25 00:00:00,2292.81,487.07,2843.28
2010-02-26 00:00:00,2880.01,631.34,3434.26
2010-02-27 00:00:00,2575.57,635.37,3364.6
2010-02-28 00:00:00,2327.41,712.58,3503.71
2010-03-01 00:00:00,1526.43,660.26,2340.84
2010-03-02 00:00:00,1285.53,550.7,2166.81
2010-03-03 00:00:00,1817.35,460.19,2201.93
2010-03-04 00:00:00,1288.86,451.79,2096.66
2010-03-05 00:00:00,1789.65,396.29,2157.85
2010-03-06 00:00:00,2895.83,259.63,3216.19
2010-03-07 00:00:00,2923.68,287.32,3428.66
2010-03-08 00:00:00,1992.17,250.62,2737.37
2010-03-09 00:00:00,1026.2,377.24,1806.7
2010-03-10 00:00:00,1046.09,458.69,1649.43
2010-03-11 00:00:00,792.44,425.88,1484.36
2010-03-12 00:00:00,741.07,363.67,1245.05
2010-03-13 00:00:00,1028.62,289.57,1407.85
2010-03-14 00:00:00,771.41,162.28,1122.03
2010-03-15 00:00:00,746.66,173.78,1043.25
2010-03-16 00:00:00,628.78,164.94,931.68
2010-03-17 00:00:00,432.76,153.12,763.4
2010-03-18 00:00:00,518.03,102.95,697.3
2010-03-19 00:00:00,461.5,160.58,744.24
2010-03-20 00:00:00,254.74,165.23,418.76
2010-03-21 00:00:00,308.76,154.51,480.06
2010-03-22 00:00:00,610.56,126.6,717.81
2010-03-23 00:00:00,384.59,136.39,614.81
2010-03-24 00:00:00,323.93,93.0,549.65
2010-03-25 00:00:00,379.07,42.92,377.03
2010-03-26 00:00:00,454.33,74.93,579.54
2010-03-27 00:00:00,419.39,83.79,486.87
2010-03-28 00:00:00,419.91,109.83,661.0
2010-03-29 00:00:00,181.22,78.56,322.11
2010-03-30 00:00:00,134.59,32.67,160.83
2010-03-31 00:00:00,317.28,49.68,323.08
2010-04-01 00:00:00,273.95,38.09,302.65
2010-04-02 00:00:00,130.7,42.11,213.73
2010-04-03 00:00:00,97.77,101.3,153.54
2010-04-04 00:00:00,80.79,106.22,182.53
2010-04-05 00:00:00,273.62,121.12,247.08
2010-04-06 00:00:00,457.5,95.13,427.35
2010-04-07 00:00:00,569.8,30.17,617.85
2010-04-08 00:00:00,436.1,26.06,471.21
2010-04-09 00:00:00,470.04,59.91,532.59
2010-04-10 00:00:00,425.79,73.26,404.84
2010-04-11 00:00:00,141.99,80.0,305.53
2010-04-12 00:00:00,275.85,104.38,278.96
2010-04-13 00:00:00,343.05,97.13,396.02
2010-04-14 00:00:00,314.88,37.54,362.19
2010-04-15 00:00:00,453.64,36.7,338.3
2010-04-16 00:00:00,754.05,23.61,864.55
2010-04-17 00:00:00,565.34,120.8,805.54
2010-04-18 00:00:00,340.4,151.02,574.17
2010-04-19 00:00:00,377.52,168.78,644.53
2010-04-20 00:00:00,146.39,176.23,458.87
2010-04-21 00:00:00,207.7,112.66,225.71
2010-04-22 00:00:00,279.1,159.57,498.55
2010-04-23 00:00:00,234.0,149.78,525.43
2010-04-24 00:00:00,268.4,152.03,367.84
2010-04-25 00:00:00,356.28,102.49,470.6
2010-04-26 00:00:00,258.34,136.41,390.69
2010-04-27 00:00:00,295.39,147.38,413.21
2010-04-28 00:00:00,251.05,140.5,405.07
2010-04-29 00:00:00,226.5,143.02,341.23
2010-04-30 00:00:00,230.41,156.62,426.03
2010-05-01 00:00:00,188.87,108.36,237.74
2010-05-02 00:00:00,117.73,119.38,263.88
2010-05-03 00:00:00,112.11,62.53,184.25
2010-05-04 00:00:00,46.54,71.55,89.68
2010-05-05 00:00:00,220.68,41.87,113.71
2010-05-06 00:00:00,83.92,121.61,178.49
2010-05-07 00:00:00,270.22,108.84,255.58
2010-05-08 00:00:00,369.58,97.12,337.27
2010-05-09 00:00:00,113.75,32.69,228.2
2010-05-10 00:00:00,488.0,30.08,312.64
2010-05-11 00:00:00,484.03,80.58,522.89
2010-05-12 00:00:00,311.12,86.85,455.14
2010-05-13 00:00:00,212.9,80.83,246.86
2010-05-14 00:00:00,175.98,91.1,229.62
2010-05-15 00:00:00,137.86,41.36,112.05
2010-05-16 00:00:00,87.31,105.84,186.94
2010-05-17 00:00:00,87.78,99.84,126.35
2010-05-18 00:00:00,212.75,101.52,185.29
2010-05-19 00:00:00,171.78,110.65,208.44
2010-05-20 00:00:00,106.79,83.76,162.08
2010-05-21 00:00:00,176.06,92.77,139.58
2010-05-22 00:00:00,228.85,112.97,258.81
2010-05-23 00:00:00,43.64,141.82,227.7
2010-05-24 00:00:00,175.34,105.88,151.84
2010-05-25 00:00:00,172.67,39.51,170.41
2010-05-26 00:00:00,370.15,82.58,271.19
2010-05-27 00:00:00,246.19,97.98,386.63
2010-05-28 00:00:00,134.15,129.73,244.39
2010-05-29 00:00:00,115.28,112.4,138.65
2010-05-30 00:00:00,85.56,70.02,128.07
2010-05-31 00:00:00,224.54,93.72,179.02
2010-06-01 00:00:00,217.08,83.37,227.09
2010-06-02 00:00:00,149.43,56.78,205.99
2010-06-03 00:00:00,261.93,29.54,109.63
2010-06-04 00:00:00,238.73,50.12,246.4
2010-06-05 00:00:00,116.26,54.31,182.82
2010-06-06 00:00:00,91.79,28.52,89.59
2010-06-07 00:00:00,310.48,0.0,140.26
2010-06-08 00:00:00,277.46,13.85,288.88
2010-06-09 00:00:00,158.15,6.62,142.33
2010-06-10 00:00:00,107.67,11.85,73.55
2010-06-11 00:00:00,151.71,15.69,129.82
2010-06-12 00:00:00,70.87,0.0,52.2
2010-06-13 00:00:00,94.89,13.39,72.83
2010-06-14 00:00:00,146.94,0.0,65.49
2010-06-15 00:00:00,112.36,6.02,83.55
2010-06-16 00:00:00,166.77,0.0,93.59
2010-06-17 00:00:00,213.75,0.0,114.5
2010-06-18 00:00:00,132.36,7.41,139.34
2010-06-19 00:00:00,110.23,56.36,102.67
2010-06-20 00:00:00,28.63,24.98,74.77
2010-06-21 00:00:00,94.44,68.17,64.56
2010-06-22 00:00:00,139.6,70.5,114.55
2010-06-23 00:00:00,164.8,42.37,132.67
2010-06-24 00:00:00,156.4,9.47,100.41
2010-06-25 00:00:00,132.79,43.21,136.52
2010-06-26 00:00:00,170.98,71.66,173.97
2010-06-27 00:00:00,118.98,74.18,154.3
2010-06-28 00:00:00,228.2,87.65,147.72
2010-06-29 00:00:00,209.8,81.28,210.52
2010-06-30 00:00:00,314.88,83.22,277.55
2010-07-01 00:00:00,360.37,64.87,352.17
2010-07-02 00:00:00,200.64,98.19,279.31
2010-07-03 00:00:00,163.28,105.45,214.32
2010-07-04 00:00:00,139.34,134.43,205.62
2010-07-05 00:00:00,195.15,169.68,250.53
2010-07-06 00:00:00,233.2,119.89,271.41
2010-07-07 00:00:00,156.62,132.66,235.27
2010-07-08 00:00:00,113.15,111.0,219.3
2010-07-09 00:00:00,166.71,87.95,156.45
2010-07-10 00:00:00,273.66,72.59,212.48
2010-07-11 00:00:00,203.02,123.07,268.29
2010-07-12 00:00:00,195.5,63.63,203.36
2010-07-13 00:00:00,22.54,80.91,151.96
2010-07-14 00:00:00,0.0,59.19,48.43
2010-07-15 00:00:00,11.77,90.57,58.66
2010-07-16 00:00:00,42.54,44.59,42.96
2010-07-17 00:00:00,150.23,24.9,47.13
2010-07-18 00:00:00,190.7,15.39,97.89
2010-07-19 00:00:00,199.23,84.21,246.55
2010-07-20 00:00:00,140.84,20.63,145.29
2010-07-21 00:00:00,195.55,21.28,119.24
2010-07-22 00:00:00,99.52,14.48,107.29
2010-07-23 00:00:00,190.56,19.9,102.33
2010-07-24 00:00:00,105.83,28.49,119.33
2010-07-25 00:00:00,144.12,9.18,95.9
2010-07-26 00:00:00,86.82,10.81,66.39
2010-07-27 00:00:00,126.47,36.3,75.45
2010-07-28 00:00:00,171.54,18.5,118.94
2010-07-29 00:00:00,117.53,43.6,100.37
2010-07-30 00:00:00,167.45,27.51,93.83
2010-07-31 00:00:00,84.54,4.98,121.22
2010-08-01 00:00:00,62.51,3.67,40.52
2010-08-02 00:00:00,163.33,18.06,84.13
2010-08-03 00:00:00,78.49,0.0,81.89
2010-08-04 00:00:00,125.41,3.7,71.34
2010-08-05 00:00:00,126.51,2.23,64.22
2010-08-06 00:00:00,137.33,1.3,82.74
2010-08-07 00:00:00,149.88,34.44,107.31
2010-08-08 00:00:00,2.43,90.41,126.14
2010-08-09 00:00:00,217.6,34.26,88.83
2010-08-10 00:00:00,167.48,35.63,143.49
2010-08-11 00:00:00,178.96,14.15,138.22
2010-08-12 00:00:00,105.95,0.0,82.71
2010-08-13 00:00:00,79.3,0.0,65.18
2010-08-14 00:00:00,66.6,3.34,43.16
2010-08-15 00:00:00,97.48,49.33,85.98
2010-08-16 00:00:00,41.33,9.92,48.02
2010-08-17 00:00:00,144.88,3.12,50.61
2010-08-18 00:00:00,147.17,5.42,82.47
2010-08-19 00:00:00,114.05,19.59,91.96
2010-08-20 00:00:00,155.82,20.69,91.68
2010-08-21 00:00:00,64.59,6.62,84.43
2010-08-22 00:00:00,108.27,5.52,51.65
2010-08-23 00:00:00,88.43,10.88,58.85
2010-08-24 00:00:00,175.36,0.36,76.19
2010-08-25 00:00:00,207.17,24.32,152.73
2010-08-26 00:00:00,221.85,0.0,202.82
2010-08-27 00:00:00,116.17,10.39,83.31
2010-08-28 00:00:00,13.14,14.48,68.58
2010-08-29 00:00:00,99.97,4.51,27.45
2010-08-30 00:00:00,173.22,70.55,161.41
2010-08-31 00:00:00,123.19,0.0,99.43
2010-09-01 00:00:00,108.56,0.0,94.54
2010-09-02 00:00:00,156.37,15.63,53.19
2010-09-03 00:00:00,234.83,37.67,213.38
2010-09-04 00:00:00,48.55,17.55,107.17
2010-09-05 00:00:00,31.5,1.9,37.86
2010-09-06 00:00:00,104.51,0.0,54.49
2010-09-07 00:00:00,76.84,0.0,58.18
2010-09-08 00:00:00,52.25,3.4,47.23
2010-09-09 00:00:00,99.18,11.67,36.22
2010-09-10 00:00:00,99.85,0.0,64.26
2010-09-11 00:00:00,140.57,0.0,60.58
2010-09-12 00:00:00,61.12,4.94,73.17
2010-09-13 00:00:00,115.01,4.34,39.07
2010-09-14 00:00:00,199.13,32.56,127.33
2010-09-15 00:00:00,280.22,25.54,159.0
2010-09-16 00:00:00,118.22,17.33,203.59
2010-09-17 00:00:00,57.47,0.0,46.65
2010-09-18 00:00:00,89.91,7.17,42.65
2010-09-19 00:00:00,39.95,4.84,46.35
2010-09-20 00:00:00,15.03,1.69,32.43
2010-09-21 00:00:00,2.92,2.15,27.67
2010-09-22 00:00:00,15.5,0.0,27.45
2010-09-23 00:00:00,38.79,3.05,27.45
2010-09-24 00:00:00,50.86,6.06,28.06
2010-09-25 00:00:00,17.27,3.87,28.71
2010-09-26 00:00:00,25.8,9.92,33.64
2010-09-27 00:00:00,79.59,50.6,53.97
2010-09-28 00:00:00,47.4,40.18,43.58
2010-09-29 00:00:00,4.32,5.27,51.78
2010-09-30 00:00:00,85.65,6.6,27.45
2010-10-01 00:00:00,152.03,4.19,46.45
2010-10-02 00:00:00,143.12,6.51,164.26
2010-10-03 00:00:00,43.0,0.0,94.27
2010-10-04 00:00:00,113.24,0.0,47.66
2010-10-05 00:00:00,216.15,11.88,185.46
2010-10-06 00:00:00,218.52,7.11,178.49
2010-10-07 00:00:00,103.76,3.97,154.49
2010-10-08 00:00:00,126.28,10.2,136.98
2010-10-09 00:00:00,86.02,36.56,107.23
2010-10-10 00:00:00,5.65,42.81,88.79
2010-10-11 00:00:00,62.9,9.33,55.63
2010-10-12 00:00:00,34.55,58.81,76.62
2010-10-13 00:00:00,49.15,99.09,115.7
2010-10-14 00:00:00,189.81,73.8,172.39
2010-10-15 00:00:00,119.29,23.54,169.42
2010-10-16 00:00:00,158.65,26.22,102.76
2010-10-17 00:00:00,92.79,19.11,157.15
2010-10-18 00:00:00,121.86,36.63,107.01
2010-10-19 00:00:00,180.47,2.83,134.41
2010-10-20 00:00:00,317.13,27.15,271.6
2010-10-21 00:00:00,226.02,13.25,272.88
2010-10-22 00:00:00,227.55,9.79,173.75
2010-10-23 00:00:00,314.63,6.42,292.8
2010-10-24 00:00:00,135.34,6.34,219.35
2010-10-25 00:00:00,141.09,41.69,149.27
2010-10-26 00:00:00,194.19,27.76,142.2
2010-10-27 00:00:00,208.93,24.41,182.29
2010-10-28 00:00:00,277.97,10.82,257.93
2010-10-29 00:00:00,168.64,15.35,234.59
2010-10-30 00:00:00,187.05,4.19,115.66
2010-10-31 00:00:00,44.43,0.0,149.62
2010-11-01 00:00:00,101.31,18.48,61.47
2010-11-02 00:00:00,138.11,25.01,126.12
2010-11-03 00:00:00,134.07,38.84,200.69
2010-11-04 00:00:00,215.64,65.82,220.47
2010-11-05 00:00:00,179.83,95.31,268.93
2010-11-06 00:00:00,260.08,81.06,254.58
2010-11-07 00:00:00,127.78,52.14,252.88
2010-11-08 00:00:00,81.44,10.11,129.32
2010-11-09 00:00:00,43.45,9.78,59.6
2010-11-10 00:00:00,215.44,10.98,102.1
2010-11-11 00:00:00,200.06,21.74,218.53
2010-11-12 00:00:00,126.4,62.07,169.33
2010-11-13 00:00:00,111.5,28.17,166.01
2010-11-14 00:00:00,81.89,11.59,95.56
2010-11-15 00:00:00,160.58,25.93,129.08
2010-11-16 00:00:00,142.75,2.16,176.84
2010-11-17 00:00:00,67.66,2.22,98.91
2010-11-18 00:00:00,174.86,31.34,120.45
2010-11-19 00:00:00,359.92,69.21,338.98
2010-11-20 00:00:00,3.05,46.98,265.13
2010-11-21 00:00:00,23.3,64.27,72.17
2010-11-22 00:00:00,138.13,62.48,90.01
2010-11-23 00:00:00,123.37,127.79,244.8
2010-11-24 00:00:00,147.52,141.15,273.43
2010-11-25 00:00:00,81.96,75.06,217.79
2010-11-26 00:00:00,37.11,75.85,121.09
2010-11-27 00:00:00,67.51,154.94,189.23
2010-11-28 00:00:00,0.61,98.66,173.33
2010-11-29 00:00:00,188.27,56.93,87.65
2010-11-30 00:00:00,91.98,125.99,283.54
2010-12-01 00:00:00,42.66,146.04,191.7
2010-12-02 00:00:00,67.8,94.94,145.56
2010-12-03 00:00:00,30.81,95.32,121.72
2010-12-04 00:00:00,25.23,59.2,92.95
2010-12-05 00:00:00,43.21,55.25,112.08
2010-12-06 00:00:00,502.06,19.65,500.27
2010-12-07 00:00:00,454.51,11.03,706.51
2010-12-08 00:00:00,405.6,23.54,582.99
2010-12-09 00:00:00,494.48,2.56,604.74
2010-12-10 00:00:00,377.5,0.0,599.04
2010-12-11 00:00:00,221.48,18.97,383.39
2010-12-12 00:00:00,193.65,140.38,450.12
2010-12-13 00:00:00,157.58,109.78,351.18
2010-12-14 00:00:00,83.9,127.76,275.65
2010-12-15 00:00:00,2.8,51.37,245.19
2010-12-16 00:00:00,126.38,12.24,108.64
2010-12-17 00:00:00,301.07,25.18,286.4
2010-12-18 00:00:00,716.33,35.48,727.44
2010-12-19 00:00:00,742.97,64.49,915.95
2010-12-20 00:00:00,689.27,65.5,884.15
2010-12-21 00:00:00,1211.71,70.69,
2010-12-22 00:00:00,1397.59,50.58,
2010-12-23 00:00:00,1323.34,52.0,
2010-12-24 00:00:00,1200.51,76.61,
2010-12-25 00:00:00,848.21,37.74,
2010-12-26 00:00:00,908.57,116.58,
2010-12-27 00:00:00,1009.93,140.71,
2010-12-28 00:00:00,909.71,113.53,
2010-12-29 00:00:00,806.48,136.73,
2010-12-30 00:00:00,439.55,154.3,785.18
2010-12-31 00:00:00,1009.94,130.72,
2011-01-01 00:00:00,969.3,115.82,
2011-01-02 00:00:00,567.87,115.34,1002.63
2011-01-03 00:00:00,556.75,117.52,775.68
2011-01-04 00:00:00,637.57,118.98,923.29
2011-01-05 00:00:00,714.32,137.42,927.23
2011-01-06 00:00:00,718.97,126.81,971.44
2011-01-07 00:00:00,1865.09,122.34,
2011-01-08 00:00:00,1662.13,123.42,
2011-01-09 00:00:00,1451.35,140.96,
2011-01-10 00:00:00,1312.84,135.32,
2011-01-11 00:00:00,1071.54,160.68,
2011-01-12 00:00:00,921.05,317.82,
2011-01-13 00:00:00,985.53,346.97,
2011-01-14 00:00:00,1092.77,344.34,
2011-01-15 00:00:00,819.96,203.93,
2011-01-16 00:00:00,650.43,154.89,1026.17
2011-01-17 00:00:00,692.62,168.77,881.04
2011-01-18 00:00:00,641.54,188.01,1064.45
2011-01-19 00:00:00,535.91,178.06,859.13
2011-01-20 00:00:00,590.23,181.09,919.5
2011-01-21 00:00:00,258.09,164.62,613.06
2011-01-22 00:00:00,358.36,149.81,531.48
2011-01-23 00:00:00,253.36,150.77,592.76
2011-01-24 00:00:00,373.93,147.62,517.95
2011-01-25 00:00:00,484.36,122.48,586.87
2011-01-26 00:00:00,548.22,115.84,658.75
2011-01-27 00:00:00,644.0,119.31,787.16
2011-01-28 00:00:00,673.85,136.36,861.96
2011-01-29 00:00:00,483.4,149.15,734.82
2011-01-30 00:00:00,337.52,170.45,525.15
2011-01-31 00:00:00,345.35,167.82,561.41
2011-02-01 00:00:00,150.84,159.6,380.87
2011-02-02 00:00:00,124.19,143.34,258.34
2011-02-03 00:00:00,152.5,104.31,217.23
2011-02-04 00:00:00,218.76,144.53,332.8
2011-02-05 00:00:00,277.04,130.27,345.87
2011-02-06 00:00:00,195.88,120.2,314.15
2011-02-07 00:00:00,340.71,129.1,416.74
2011-02-08 00:00:00,343.64,150.59,435.05
2011-02-09 00:00:00,203.9,156.68,395.36
2011-02-10 00:00:00,195.71,138.33,304.19
2011-02-11 00:00:00,253.93,134.77,330.96
2011-02-12 00:00:00,217.29,142.92,364.86
2011-02-13 00:00:00,129.85,97.55,237.13
2011-02-14 00:00:00,192.88,116.87,310.69
2011-02-15 00:00:00,228.64,61.79,263.87
2011-02-16 00:00:00,351.27,44.22,357.95
2011-02-17 00:00:00,402.19,57.29,587.42
2011-02-18 00:00:00,235.58,126.96,605.76
2011-02-19 00:00:00,489.24,92.62,554.26
2011-02-20 00:00:00,1017.48,96.0,
2011-02-21 00:00:00,388.15,29.16,739.28
2011-02-22 00:00:00,176.73,44.05,317.19
2011-02-23 00:00:00,231.72,88.75,429.64
2011-02-24 00:00:00,170.22,97.42,381.04
2011-02-25 00:00:00,176.26,120.73,433.6
2011-02-26 00:00:00,119.65,66.66,201.4
2011-02-27 00:00:00,127.15,73.31,224.77
2011-02-28 00:00:00,283.2,74.22,343.79
2011-03-01 00:00:00,437.35,112.24,588.07
2011-03-02 00:00:00,451.67,130.98,532.55
2011-03-03 00:00:00,476.95,143.3,676.35
2011-03-04 00:00:00,707.62,104.22,765.56
2011-03-05 00:00:00,492.16,123.93,805.51
2011-03-06 00:00:00,266.43,141.51,419.15
2011-03-07 00:00:00,407.81,102.06,405.74
2011-03-08 00:00:00,315.84,58.36,400.92
2011-03-09 00:00:00,414.03,116.57,564.98
2011-03-10 00:00:00,400.98,132.06,523.97
2011-03-11 00:00:00,412.77,132.82,488.9
2011-03-12 00:00:00,542.72,104.41,572.8
2011-03-13 00:00:00,426.13,121.4,555.88
2011-03-14 00:00:00,500.19,65.25,592.53
2011-03-15 00:00:00,825.31,76.07,966.76
2011-03-16 00:00:00,458.52,17.16,685.96
2011-03-17 00:00:00,251.66,118.25,386.35
2011-03-18 00:00:00,469.16,109.69,581.08
2011-03-19 00:00:00,234.88,151.53,494.43
2011-03-20 00:00:00,91.34,120.66,338.81
2011-03-21 00:00:00,76.22,131.47,273.13
2011-03-22 00:00:00,63.18,102.25,158.97
2011-03-23 00:00:00,106.47,78.4,170.47
2011-03-24 00:00:00,140.79,84.79,179.23
2011-03-25 00:00:00,274.77,92.03,312.15
2011-03-26 00:00:00,558.96,2.13,527.17
2011-03-27 00:00:00,253.21,22.5,314.88
2011-03-28 00:00:00,431.6,62.36,343.67
2011-03-29 00:00:00,543.17,44.34,610.24
2011-03-30 00:00:00,423.75,40.68,486.5
2011-03-31 00:00:00,473.03,54.49,516.06
2011-04-01 00:00:00,292.61,84.27,383.71
2011-04-02 00:00:00,374.55,77.2,385.35
2011-04-03 00:00:00,208.53,139.7,387.42
2011-04-04 00:00:00,372.77,67.65,373.7
2011-04-05 00:00:00,161.75,86.68,320.7
2011-04-06 00:00:00,207.65,87.75,192.0
2011-04-07 00:00:00,108.79,47.71,179.64
2011-04-08 00:00:00,207.35,46.69,173.03
2011-04-09 00:00:00,229.08,58.16,268.5
2011-04-10 00:00:00,63.36,66.01,150.6
2011-04-11 00:00:00,267.27,53.22,236.44
2011-04-12 00:00:00,183.35,115.58,267.42
2011-04-13 00:00:00,332.29,113.42,374.25
2011-04-14 00:00:00,464.76,124.53,495.11
2011-04-15 00:00:00,388.35,125.78,449.24
2011-04-16 00:00:00,443.58,109.61,464.65
2011-04-17 00:00:00,260.32,55.1,353.45
2011-04-18 00:00:00,485.39,48.65,472.21
2011-04-19 00:00:00,451.97,113.84,501.99
2011-04-20 00:00:00,562.58,21.87,563.43
2011-04-21 00:00:00,466.92,24.5,472.31
2011-04-22 00:00:00,519.15,13.21,513.09
2011-04-23 00:00:00,503.72,27.36,552.55
2011-04-24 00:00:00,84.09,2.08,253.47
2011-04-25 00:00:00,171.09,72.01,173.59
2011-04-26 00:00:00,162.7,7.91,137.46
2011-04-27 00:00:00,309.72,39.77,360.13
2011-04-28 00:00:00,362.17,44.3,408.9
2011-04-29 00:00:00,444.17,37.17,477.86
2011-04-30 00:00:00,397.59,28.53,502.16
2011-05-01 00:00:00,374.03,56.27,445.95
2011-05-02 00:00:00,418.86,27.03,430.99
2011-05-03 00:00:00,361.01,78.33,507.02
2011-05-04 00:00:00,424.73,96.91,499.39
2011-05-05 00:00:00,364.37,114.7,513.28
2011-05-06 00:00:00,274.23,75.21,344.47
2011-05-07 00:00:00,165.9,64.8,236.77
2011-05-08 00:00:00,95.73,58.65,174.54
2011-05-09 00:00:00,386.56,52.27,343.06
2011-05-10 00:00:00,336.94,90.19,388.7
2011-05-11 00:00:00,223.58,75.16,293.26
2011-05-12 00:00:00,201.52,82.66,281.35
2011-05-13 00:00:00,230.2,117.58,251.51
2011-05-14 00:00:00,253.81,89.62,359.39
2011-05-15 00:00:00,47.81,38.05,130.94
2011-05-16 00:00:00,351.21,106.61,301.99
2011-05-17 00:00:00,225.15,68.43,373.24
2011-05-18 00:00:00,240.68,37.62,233.79
2011-05-19 00:00:00,343.39,41.76,326.68
2011-05-20 00:00:00,319.21,34.85,360.71
2011-05-21 00:00:00,216.87,67.9,366.13
2011-05-22 00:00:00,305.05,112.97,303.22
2011-05-23 00:00:00,300.17,65.4,325.73
2011-05-24 00:00:00,339.97,75.45,292.7
2011-05-25 00:00:00,352.83,103.5,414.44
2011-05-26 00:00:00,388.61,91.16,463.8
2011-05-27 00:00:00,363.41,92.68,381.0
2011-05-28 00:00:00,190.21,57.01,293.41
2011-05-29 00:00:00,106.48,86.86,181.73
2011-05-30 00:00:00,136.78,72.76,222.27
2011-05-31 00:00:00,84.97,69.53,132.26
2011-06-01 00:00:00,123.9,35.68,84.98
2011-06-02 00:00:00,109.31,42.34,119.44
2011-06-03 00:00:00,397.19,42.48,298.84
2011-06-04 00:00:00,326.82,8.42,291.77
2011-06-05 00:00:00,238.95,23.39,311.0
2011-06-06 00:00:00,353.74,90.6,355.68
2011-06-07 00:00:00,74.77,97.15,189.44
2011-06-08 00:00:00,6.25,108.07,118.94
2011-06-09 00:00:00,164.29,120.32,187.6
2011-06-10 00:00:00,129.0,79.92,136.9
2011-06-11 00:00:00,267.63,32.25,172.44
2011-06-12 00:00:00,180.73,49.21,282.72
2011-06-13 00:00:00,301.79,49.67,206.04
2011-06-14 00:00:00,251.71,104.57,355.1
2011-06-15 00:00:00,172.93,119.13,256.85
2011-06-16 00:00:00,186.61,88.16,187.17
2011-06-17 00:00:00,177.76,95.49,198.52
2011-06-18 00:00:00,159.88,52.77,168.84
2011-06-19 00:00:00,190.58,93.32,194.16
2011-06-20 00:00:00,340.79,106.98,354.21
2011-06-21 00:00:00,266.45,167.52,367.9
2011-06-22 00:00:00,158.92,106.29,359.07
2011-06-23 00:00:00,240.51,109.64,265.24
2011-06-24 00:00:00,236.25,107.72,243.21
2011-06-25 00:00:00,218.56,138.91,293.89
2011-06-26 00:00:00,131.98,113.0,254.21
2011-06-27 00:00:00,331.48,54.61,268.35
2011-06-28 00:00:00,221.62,56.44,348.3
2011-06-29 00:00:00,120.36,90.81,196.94
2011-06-30 00:00:00,226.72,42.39,172.62
2011-07-01 00:00:00,306.43,39.65,254.96
2011-07-02 00:00:00,230.09,0.0,248.72
2011-07-03 00:00:00,44.62,0.0,120.41
2011-07-04 00:00:00,38.56,24.31,50.53
2011-07-05 00:00:00,52.42,29.36,63.2
2011-07-06 00:00:00,76.27,19.16,59.12
2011-07-07 00:00:00,63.55,43.4,74.74
2011-07-08 00:00:00,135.79,0.0,85.78
2011-07-09 00:00:00,99.36,0.0,87.38
2011-07-10 00:00:00,191.99,3.18,82.96
2011-07-11 00:00:00,254.27,0.0,209.7
2011-07-12 00:00:00,124.68,8.51,187.02
2011-07-13 00:00:00,89.2,28.78,90.65
2011-07-14 00:00:00,121.82,54.78,99.2
2011-07-15 00:00:00,62.48,63.36,112.02
2011-07-16 00:00:00,81.15,39.44,89.78
2011-07-17 00:00:00,58.79,88.64,100.05
2011-07-18 00:00:00,187.31,26.51,148.42
2011-07-19 00:00:00,144.11,44.61,141.2
2011-07-20 00:00:00,237.02,0.0,132.3
2011-07-21 00:00:00,217.19,0.82,149.69
2011-07-22 00:00:00,35.0,24.82,130.32
2011-07-23 00:00:00,216.91,8.43,93.38
2011-07-24 00:00:00,184.93,19.36,197.85
2011-07-25 00:00:00,72.44,61.02,140.39
2011-07-26 00:00:00,178.9,9.63,139.38
2011-07-27 00:00:00,66.95,24.95,80.53
2011-07-28 00:00:00,184.1,54.85,105.41
2011-07-29 00:00:00,116.91,34.04,190.05
2011-07-30 00:00:00,33.55,3.32,58.06
2011-07-31 00:00:00,110.93,2.23,57.46
2011-08-01 00:00:00,162.34,0.16,122.08
2011-08-02 00:00:00,255.76,5.22,128.2
2011-08-03 00:00:00,248.3,5.95,255.33
2011-08-04 00:00:00,96.06,6.06,136.55
2011-08-05 00:00:00,41.53,16.15,64.5
2011-08-06 00:00:00,75.16,0.0,44.85
2011-08-07 00:00:00,133.93,1.09,96.69
2011-08-08 00:00:00,213.21,0.0,183.82
2011-08-09 00:00:00,109.54,0.0,113.0
2011-08-10 00:00:00,80.56,31.37,59.37
2011-08-11 00:00:00,208.1,44.95,148.33
2011-08-12 00:00:00,90.02,78.63,182.57
2011-08-13 00:00:00,14.12,28.88,67.81
2011-08-14 00:00:00,23.63,30.59,46.23
2011-08-15 00:00:00,137.91,22.26,92.17
2011-08-16 00:00:00,138.89,11.51,112.3
2011-08-17 00:00:00,69.76,33.29,96.11
2011-08-18 00:00:00,59.86,60.74,80.29
2011-08-19 00:00:00,21.81,98.0,108.66
2011-08-20 00:00:00,0.0,29.57,56.34
2011-08-21 00:00:00,65.96,34.77,43.54
2011-08-22 00:00:00,204.63,37.7,130.1
2011-08-23 00:00:00,127.92,99.18,207.84
2011-08-24 00:00:00,100.46,82.5,196.41
2011-08-25 00:00:00,58.08,67.64,125.81
2011-08-26 00:00:00,10.32,18.01,55.08
2011-08-27 00:00:00,7.61,33.19,51.45
2011-08-28 00:00:00,35.65,5.55,43.54
2011-08-29 00:00:00,54.43,47.41,85.69
2011-08-30 00:00:00,45.46,43.3,69.02
2011-08-31 00:00:00,37.35,81.5,89.27
2011-09-01 00:00:00,18.14,74.48,75.87
2011-09-02 00:00:00,26.19,33.69,58.84
2011-09-03 00:00:00,13.2,59.95,54.48
2011-09-04 00:00:00,12.91,13.31,56.82
2011-09-05 00:00:00,47.06,44.39,74.86
2011-09-06 00:00:00,21.24,26.92,57.0
2011-09-07 00:00:00,13.58,36.2,62.34
2011-09-08 00:00:00,41.12,23.05,59.21
2011-09-09 00:00:00,31.41,1.9,55.53
2011-09-10 00:00:00,23.81,8.82,43.54
2011-09-11 00:00:00,46.99,18.86,45.64
2011-09-12 00:00:00,0.0,26.65,47.55
2011-09-13 00:00:00,60.41,25.42,61.62
2011-09-14 00:00:00,11.31,17.77,60.69
2011-09-15 00:00:00,57.51,17.04,46.28
2011-09-16 00:00:00,27.2,19.85,63.14
2011-09-17 00:00:00,122.18,11.65,64.1
2011-09-18 00:00:00,35.41,0.0,81.07
2011-09-19 00:00:00,12.31,16.21,43.74
2011-09-20 00:00:00,20.87,13.98,46.06
2011-09-21 00:00:00,0.0,21.35,48.67
2011-09-22 00:00:00,56.64,21.77,54.61
2011-09-23 00:00:00,42.36,2.6,48.37
2011-09-24 00:00:00,35.29,0.0,43.54
2011-09-25 00:00:00,28.99,0.0,43.54
2011-09-26 00:00:00,108.5,1.57,52.83
2011-09-27 00:00:00,201.82,4.2,139.53
2011-09-28 00:00:00,7.58,0.0,97.16
2011-09-29 00:00:00,44.41,0.0,43.54
2011-09-30 00:00:00,37.47,0.0,46.45
2011-10-01 00:00:00,29.42,21.36,48.16
2011-10-02 00:00:00,78.85,21.43,46.72
2011-10-03 00:00:00,148.03,18.01,99.97
2011-10-04 00:00:00,150.65,6.54,130.19
2011-10-05 00:00:00,63.23,6.96,86.3
2011-10-06 00:00:00,16.69,0.0,47.28
2011-10-07 00:00:00,32.51,0.37,43.54
2011-10-08 00:00:00,41.48,21.46,45.36
2011-10-09 00:00:00,14.42,0.0,52.64
2011-10-10 00:00:00,76.49,45.91,74.14
2011-10-11 00:00:00,37.58,54.73,72.59
2011-10-12 00:00:00,65.75,37.18,57.29
2011-10-13 00:00:00,19.97,93.32,105.91
2011-10-14 00:00:00,32.2,117.51,95.28
2011-10-15 00:00:00,55.02,11.48,55.46
2011-10-16 00:00:00,65.86,10.39,51.57
2011-10-17 00:00:00,118.96,98.22,172.36
2011-10-18 00:00:00,22.03,28.08,76.24
2011-10-19 00:00:00,168.15,3.04,83.24
2011-10-20 00:00:00,57.62,19.13,82.62
2011-10-21 00:00:00,102.14,5.72,71.35
2011-10-22 00:00:00,82.05,0.0,65.5
2011-10-23 00:00:00,43.38,0.0,74.85
2011-10-24 00:00:00,266.32,0.0,136.34
2011-10-25 00:00:00,93.95,8.29,144.9
2011-10-26 00:00:00,218.72,6.52,182.11
2011-10-27 00:00:00,238.27,53.05,253.37
2011-10-28 00:00:00,148.88,8.32,154.52
2011-10-29 00:00:00,229.91,1.16,142.4
2011-10-30 00:00:00,60.73,0.0,93.41
2011-10-31 00:00:00,221.06,0.0,74.56
2011-11-01 00:00:00,156.76,0.0,233.54
2011-11-02 00:00:00,173.76,0.0,111.41
2011-11-03 00:00:00,122.71,21.82,160.84
2011-11-04 00:00:00,81.92,16.07,133.56
2011-11-05 00:00:00,16.42,42.65,95.82
2011-11-06 00:00:00,60.05,3.75,50.1
2011-11-07 00:00:00,181.35,7.38,105.72
2011-11-08 00:00:00,99.78,0.48,144.39
2011-11-09 00:00:00,227.56,0.0,203.95
2011-11-10 00:00:00,462.66,1.45,378.12
2011-11-11 00:00:00,372.86,6.58,515.95
2011-11-12 00:00:00,222.55,46.88,382.99
2011-11-13 00:00:00,154.85,54.23,122.16
2011-11-14 00:00:00,299.3,37.37,305.05
2011-11-15 00:00:00,328.55,0.0,401.5
2011-11-16 00:00:00,342.63,0.0,300.14
2011-11-17 00:00:00,450.87,2.39,511.22
2011-11-18 00:00:00,342.43,0.0,339.98
2011-11-19 00:00:00,405.25,11.17,401.1
2011-11-20 00:00:00,444.17,54.58,440.51
2011-11-21 00:00:00,535.75,31.77,636.93
2011-11-22 00:00:00,380.87,54.39,453.07
2011-11-23 00:00:00,378.43,4.89,429.79
2011-11-24 00:00:00,419.53,4.39,395.47
2011-11-25 00:00:00,410.64,22.38,444.83
2011-11-26 00:00:00,403.24,6.83,422.75
2011-11-27 00:00:00,473.45,5.96,442.21
2011-11-28 00:00:00,503.09,29.59,484.01
2011-11-29 00:00:00,612.94,53.84,690.95
2011-11-30 00:00:00,520.94,45.99,522.45
2011-12-01 00:00:00,525.84,2.04,568.48
2011-12-02 00:00:00,352.08,17.19,387.96
2011-12-03 00:00:00,352.27,51.83,254.98
2011-12-04 00:00:00,264.11,30.34,309.38
2011-12-05 00:00:00,356.4,43.57,326.73
2011-12-06 00:00:00,284.42,15.45,312.76
2011-12-07 00:00:00,339.21,53.29,294.42
2011-12-08 00:00:00,521.73,47.88,420.1
2011-12-09 00:00:00,746.58,42.48,712.68
2011-12-10 00:00:00,470.85,71.77,589.13
2011-12-11 00:00:00,267.08,40.0,333.38
2011-12-12 00:00:00,152.38,101.6,279.27
2011-12-13 00:00:00,24.62,9.06,119.83
2011-12-14 00:00:00,108.88,0.0,58.38
2011-12-15 00:00:00,93.86,0.0,80.3
2011-12-16 00:00:00,225.26,0.0,159.58
2011-12-17 00:00:00,102.08,11.48,95.77
2011-12-18 00:00:00,227.01,0.0,109.18
2011-12-19 00:00:00,349.71,44.89,335.27
2011-12-20 00:00:00,186.76,7.61,241.84
2011-12-21 00:00:00,108.1,18.96,126.2
2011-12-22 00:00:00,132.11,22.5,113.05
2011-12-23 00:00:00,86.82,0.0,105.14
2011-12-24 00:00:00,12.34,0.0,61.6
2011-12-25 00:00:00,99.35,0.0,45.16
2011-12-26 00:00:00,277.62,11.68,134.93
2011-12-27 00:00:00,322.44,16.87,278.78
2011-12-28 00:00:00,279.69,4.27,286.91
2011-12-29 00:00:00,111.38,10.5,174.75
2011-12-30 00:00:00,158.63,0.0,120.74
2011-12-31 00:00:00,180.66,11.41,112.52
2012-01-01 00:00:00,23.51,9.65,144.75
2012-01-02 00:00:00,46.27,0.0,43.54
2012-01-03 00:00:00,57.31,5.93,60.3
2012-01-04 00:00:00,126.69,0.0,77.89
2012-01-05 00:00:00,189.29,7.98,124.37
2012-01-06 00:00:00,88.53,46.7,154.03
2012-01-07 00:00:00,46.55,6.81,109.52
2012-01-08 00:00:00,44.58,48.02,46.05
2012-01-09 00:00:00,180.87,13.2,101.92
2012-01-10 00:00:00,210.8,22.17,162.89
2012-01-11 00:00:00,103.95,44.66,174.27
2012-01-12 00:00:00,79.24,76.47,107.51
2012-01-13 00:00:00,143.16,70.18,148.72
2012-01-14 00:00:00,37.88,50.49,134.27
2012-01-15 00:00:00,87.69,37.27,55.21
2012-01-16 00:00:00,80.21,0.0,84.34
2012-01-17 00:00:00,90.25,71.17,77.5
2012-01-18 00:00:00,109.61,28.14,145.49
2012-01-19 00:00:00,224.92,26.69,145.44
2012-01-20 00:00:00,41.01,11.96,118.91
2012-01-21 00:00:00,54.76,11.82,47.77
2012-01-22 00:00:00,45.8,23.14,59.4
2012-01-23 00:00:00,30.12,1.82,59.16
2012-01-24 00:00:00,52.91,10.18,43.54
2012-01-25 00:00:00,146.69,5.96,81.94
2012-01-26 00:00:00,184.8,17.83,145.34
2012-01-27 00:00:00,52.37,33.4,136.16
2012-01-28 00:00:00,192.21,3.61,66.23
2012-01-29 00:00:00,75.13,31.61,147.81
2012-01-30 00:00:00,139.86,32.19,112.15
2012-01-31 00:00:00,139.0,50.61,160.42
2012-02-01 00:00:00,13.99,42.46,99.04
2012-02-02 00:00:00,17.33,60.04,50.83
2012-02-03 00:00:00,36.67,49.35,57.24
2012-02-04 00:00:00,11.94,59.14,54.59
2012-02-05 00:00:00,0.0,48.87,57.69
2012-02-06 00:00:00,50.1,39.5,48.57
2012-02-07 00:00:00,14.45,13.21,55.27
2012-02-08 00:00:00,49.42,13.77,43.54
2012-02-09 00:00:00,20.58,23.33,54.57
2012-02-10 00:00:00,3.65,13.04,43.95
2012-02-11 00:00:00,0.0,21.68,57.94
2012-02-12 00:00:00,0.0,2.22,43.86
2012-02-13 00:00:00,2.99,26.33,43.54
2012-02-14 00:00:00,21.76,0.0,43.91
2012-02-15 00:00:00,19.37,26.58,46.47
2012-02-16 00:00:00,18.32,43.11,52.8
2012-02-17 00:00:00,24.78,26.32,55.01
2012-02-18 00:00:00,9.45,9.21,66.47
2012-02-19 00:00:00,0.0,22.54,43.54
2012-02-20 00:00:00,14.94,6.91,43.66
2012-02-21 00:00:00,2.04,0.0,43.54
2012-02-22 00:00:00,37.44,10.73,46.49
2012-02-23 00:00:00,23.23,8.82,45.37
2012-02-24 00:00:00,23.22,1.83,43.54
2012-02-25 00:00:00,12.88,1.38,43.54
2012-02-26 00:00:00,26.83,6.31,43.54
2012-02-27 00:00:00,10.28,0.0,47.64
2012-02-28 00:00:00,25.52,1.64,43.54
2012-02-29 00:00:00,29.04,29.87,44.02
2012-03-01 00:00:00,15.17,50.82,56.37
2012-03-02 00:00:00,11.19,24.54,54.47
2012-03-03 00:00:00,0.0,13.22,44.48
2012-03-04 00:00:00,0.0,0.0,43.54
2012-03-05 00:00:00,23.76,31.07,43.71
2012-03-06 00:00:00,30.56,5.46,48.21
2012-03-07 00:00:00,0.0,0.0,43.54
2012-03-08 00:00:00,16.87,0.0,43.54
2012-03-09 00:00:00,0.0,0.0,43.54
2012-03-10 00:00:00,16.25,0.0,43.54
2012-03-11 00:00:00,13.98,3.79,43.54
2012-03-12 00:00:00,0.62,3.46,43.54
2012-03-13 00:00:00,0.0,0.0,43.54
2012-03-14 00:00:00,0.0,0.0,43.54
2012-03-15 00:00:00,17.32,0.0,43.54
2012-03-16 00:00:00,2.49,0.0,43.54
2012-03-17 00:00:00,35.31,0.0,43.54
2012-03-18 00:00:00,82.71,18.67,45.55
2012-03-19 00:00:00,0.0,0.0,57.65
2012-03-20 00:00:00,11.12,0.0,43.54
2012-03-21 00:00:00,33.01,0.0,43.54
2012-03-22 00:00:00,9.3,0.0,43.54
2012-03-23 00:00:00,0.0,2.28,43.54
2012-03-24 00:00:00,23.94,9.59,43.54
2012-03-25 00:00:00,0.0,0.0,43.54
2012-03-26 00:00:00,0.0,0.0,43.54
2012-03-27 00:00:00,15.51,0.0,43.54
2012-03-28 00:00:00,29.05,3.56,43.54
2012-03-29 00:00:00,0.0,0.0,43.54
2012-03-30 00:00:00,92.21,0.0,43.54
2012-03-31 00:00:00,21.86,0.0,56.7
2012-04-01 00:00:00,11.47,2.29,44.58
2012-04-02 00:00:00,11.33,20.54,45.26
2012-04-03 00:00:00,20.48,9.07,43.54
2012-04-04 00:00:00,68.57,0.0,43.54
2012-04-05 00:00:00,57.24,0.0,51.54
2012-04-06 00:00:00,59.46,2.89,53.82
2012-04-07 00:00:00,37.68,25.94,60.49
2012-04-08 00:00:00,7.01,2.28,43.54
2012-04-09 00:00:00,31.6,60.22,91.84
2012-04-10 00:00:00,2.27,0.0,47.17
2012-04-11 00:00:00,80.06,15.06,43.54
2012-04-12 00:00:00,22.29,1.2,53.02
2012-04-13 00:00:00,7.12,0.0,44.53
2012-04-14 00:00:00,1.03,0.0,43.54
2012-04-15 00:00:00,0.0,0.0,43.54
2012-04-16 00:00:00,26.06,0.0,43.54
2012-04-17 00:00:00,33.61,0.0,43.54
2012-04-18 00:00:00,7.21,0.0,43.54
2012-04-19 00:00:00,3.76,10.3,43.54
2012-04-20 00:00:00,28.1,0.0,43.54
2012-04-21 00:00:00,2.44,0.0,43.54
2012-04-22 00:00:00,42.32,0.0,43.54
2012-04-23 00:00:00,0.0,0.0,43.54
2012-04-24 00:00:00,36.09,0.0,43.54
2012-04-25 00:00:00,6.31,0.0,47.49
2012-04-26 00:00:00,79.92,2.26,43.86
2012-04-27 00:00:00,54.41,22.74,71.36
2012-04-28 00:00:00,0.0,0.0,64.17
2012-04-29 00:00:00,18.19,0.0,43.54
2012-04-30 00:00:00,15.47,0.0,43.54
2012-05-01 00:00:00,6.7,0.8,43.54
2012-05-02 00:00:00,12.25,0.03,43.54
2012-05-03 00:00:00,16.97,0.0,43.54
2012-05-04 00:00:00,21.93,0.0,43.54
2012-05-05 00:00:00,7.52,0.0,43.54
2012-05-06 00:00:00,22.1,0.0,43.54
2012-05-07 00:00:00,37.99,0.0,43.54
2012-05-08 00:00:00,35.75,0.0,43.99
2012-05-09 00:00:00,14.2,0.0,43.54
2012-05-10 00:00:00,16.94,0.0,43.54
2012-05-11 00:00:00,17.98,0.0,43.54
2012-05-12 00:00:00,114.78,0.0,47.73
2012-05-13 00:00:00,2.73,0.0,69.28
2012-05-14 00:00:00,119.84,0.0,46.76
2012-05-15 00:00:00,44.62,0.0,81.02
2012-05-16 00:00:00,128.78,0.0,68.27
2012-05-17 00:00:00,6.97,0.0,74.17
2012-05-18 00:00:00,42.21,7.06,43.55
2012-05-19 00:00:00,5.0,0.0,43.54
2012-05-20 00:00:00,15.79,11.92,43.54
2012-05-21 00:00:00,23.65,0.0,43.6
2012-05-22 00:00:00,54.46,0.0,43.54
2012-05-23 00:00:00,37.91,1.01,52.58
2012-05-24 00:00:00,32.1,0.0,43.54
2012-05-25 00:00:00,6.19,0.0,43.54
2012-05-26 00:00:00,0.0,0.0,43.54
2012-05-27 00:00:00,9.78,0.0,43.54
2012-05-28 00:00:00,53.02,0.0,43.54
2012-05-29 00:00:00,8.0,0.0,43.54
2012-05-30 00:00:00,24.75,0.0,43.54
2012-05-31 00:00:00,15.08,37.61,49.5
2012-06-01 00:00:00,4.9,1.64,46.2
2012-06-02 00:00:00,17.89,0.0,43.54
2012-06-03 00:00:00,14.25,0.0,43.54
2012-06-04 00:00:00,24.68,1.34,43.54
2012-06-05 00:00:00,1.3,0.0,43.54
2012-06-06 00:00:00,0.0,0.0,43.54
2012-06-07 00:00:00,11.37,4.28,43.54
2012-06-08 00:00:00,7.54,1.12,43.54
2012-06-09 00:00:00,0.0,0.0,43.54
2012-06-10 00:00:00,3.78,0.0,43.54
2012-06-11 00:00:00,11.24,0.0,43.54
2012-06-12 00:00:00,38.46,0.0,43.54
2012-06-13 00:00:00,31.44,32.02,43.54
2012-06-14 00:00:00,0.0,1.92,43.54
2012-06-15 00:00:00,15.14,17.7,43.54
2012-06-16 00:00:00,23.48,1.6,43.54
2012-06-17 00:00:00,4.28,0.0,43.54
2012-06-18 00:00:00,45.05,0.0,43.54
2012-06-19 00:00:00,37.32,0.0,43.54
2012-06-20 00:00:00,153.94,0.0,62.85
2012-06-21 00:00:00,101.85,0.0,107.54
2012-06-22 00:00:00,231.41,0.0,120.95
2012-06-23 00:00:00,108.9,0.0,151.18
2012-06-24 00:00:00,167.88,0.0,80.57
2012-06-25 00:00:00,136.6,0.0,131.2
2012-06-26 00:00:00,196.78,7.86,111.44
2012-06-27 00:00:00,87.91,13.68,167.27
2012-06-28 00:00:00,104.11,5.07,59.23
2012-06-29 00:00:00,17.27,6.13,52.91
2012-06-30 00:00:00,0.94,7.94,43.54
2012-07-01 00:00:00,11.85,26.85,43.54
2012-07-02 00:00:00,16.52,2.99,43.54
2012-07-03 00:00:00,10.38,0.0,43.54
2012-07-04 00:00:00,50.71,0.0,43.54
2012-07-05 00:00:00,13.72,0.0,43.54
2012-07-06 00:00:00,27.32,50.85,60.11
2012-07-07 00:00:00,18.94,7.94,43.54
2012-07-08 00:00:00,25.96,14.21,43.54
2012-07-09 00:00:00,23.14,8.69,43.54
2012-07-10 00:00:00,9.27,9.85,43.54
2012-07-11 00:00:00,25.41,3.64,43.54
2012-07-12 00:00:00,21.37,0.0,43.54
2012-07-13 00:00:00,0.0,0.0,43.54
2012-07-14 00:00:00,14.09,0.0,43.54
2012-07-15 00:00:00,21.36,37.95,43.54
2012-07-16 00:00:00,0.0,21.76,43.54
2012-07-17 00:00:00,30.37,5.08,43.54
2012-07-18 00:00:00,0.0,0.0,43.54
2012-07-19 00:00:00,0.0,0.0,43.54
2012-07-20 00:00:00,0.0,0.0,43.54
2012-07-21 00:00:00,20.46,43.13,43.75
2012-07-22 00:00:00,8.7,6.66,43.54
2012-07-23 00:00:00,0.29,9.53,49.16
2012-07-24 00:00:00,17.53,0.0,43.54
2012-07-25 00:00:00,33.51,0.0,43.54
2012-07-26 00:00:00,18.01,0.0,43.54
2012-07-27 00:00:00,36.05,7.89,43.54
2012-07-28 00:00:00,18.97,0.0,43.54
2012-07-29 00:00:00,39.09,0.0,43.54
2012-07-30 00:00:00,23.98,1.03,43.54
2012-07-31 00:00:00,5.72,0.0,43.54
2012-08-01 00:00:00,0.0,0.0,43.54
2012-08-02 00:00:00,14.68,0.0,43.54
2012-08-03 00:00:00,2.42,0.0,43.54
2012-08-04 00:00:00,0.0,0.0,43.54
2012-08-05 00:00:00,65.57,4.04,43.54
2012-08-06 00:00:00,1.27,0.0,43.54
2012-08-07 00:00:00,0.0,0.0,43.54
2012-08-08 00:00:00,15.3,0.0,43.54
2012-08-09 00:00:00,54.82,9.14,43.54
2012-08-10 00:00:00,136.38,0.0,47.24
2012-08-11 00:00:00,31.06,0.0,122.05
2012-08-12 00:00:00,46.6,0.0,43.54
2012-08-13 00:00:00,1.9,0.0,50.57
2012-08-14 00:00:00,37.91,0.0,43.54
2012-08-15 00:00:00,50.69,35.5,64.85
2012-08-16 00:00:00,36.48,1.58,47.47
2012-08-17 00:00:00,20.25,0.0,43.54
2012-08-18 00:00:00,15.75,0.0,43.54
2012-08-19 00:00:00,19.52,0.0,43.54
2012-08-20 00:00:00,47.36,0.0,43.54
2012-08-21 00:00:00,28.6,0.0,43.54
2012-08-22 00:00:00,34.3,0.0,43.59
2012-08-23 00:00:00,0.0,0.0,43.54
2012-08-24 00:00:00,4.51,0.0,43.54
2012-08-25 00:00:00,0.0,0.0,43.54
2012-08-26 00:00:00,0.0,0.0,43.54
2012-08-27 00:00:00,11.26,0.0,43.54
2012-08-28 00:00:00,1.49,0.0,43.54
2012-08-29 00:00:00,0.0,0.0,43.54
2012-08-30 00:00:00,0.0,0.0,43.54
2012-08-31 00:00:00,61.12,0.0,43.54
2012-09-01 00:00:00,16.64,1.95,43.54
2012-09-02 00:00:00,43.58,15.26,43.54
2012-09-03 00:00:00,30.23,9.8,43.54
2012-09-04 00:00:00,0.0,0.0,43.54
2012-09-05 00:00:00,0.0,6.45,43.54
2012-09-06 00:00:00,19.2,1.25,43.54
2012-09-07 00:00:00,36.97,0.0,43.54
2012-09-08 00:00:00,14.89,0.0,43.54
2012-09-09 00:00:00,17.56,3.04,43.54
2012-09-10 00:00:00,15.89,0.0,43.54
2012-09-11 00:00:00,38.59,0.0,43.54
2012-09-12 00:00:00,3.77,0.0,43.54
2012-09-13 00:00:00,0.0,0.0,43.54
2012-09-14 00:00:00,20.24,0.0,43.54
2012-09-15 00:00:00,17.67,0.0,43.54
2012-09-16 00:00:00,0.0,0.0,43.54
2012-09-17 00:00:00,29.04,0.0,43.54
2012-09-18 00:00:00,32.46,31.45,54.89
2012-09-19 00:00:00,14.59,12.0,49.0
2012-09-20 00:00:00,21.95,30.42,47.77
2012-09-21 00:00:00,7.39,37.65,52.53
2012-09-22 00:00:00,0.0,0.0,46.02
2012-09-23 00:00:00,0.0,0.0,43.54
2012-09-24 00:00:00,9.35,0.0,43.54
2012-09-25 00:00:00,0.0,0.0,43.54
2012-09-26 00:00:00,4.65,2.2,43.54
2012-09-27 00:00:00,98.82,0.0,59.77
2012-09-28 00:00:00,10.15,7.36,69.92
2012-09-29 00:00:00,0.0,2.99,46.45
2012-09-30 00:00:00,19.44,0.0,43.54
2012-10-01 00:00:00,9.72,0.0,43.54
2012-10-02 00:00:00,25.08,0.0,43.54
2012-10-03 00:00:00,12.03,0.0,46.72
2012-10-04 00:00:00,123.89,0.0,59.55
2012-10-05 00:00:00,36.24,0.05,99.94
2012-10-06 00:00:00,60.96,0.0,55.83
2012-10-07 00:00:00,98.11,0.0,61.84
2012-10-08 00:00:00,222.74,0.0,161.74
2012-10-09 00:00:00,265.33,0.0,283.77
2012-10-10 00:00:00,314.82,0.0,280.61
2012-10-11 00:00:00,106.97,0.0,196.16
2012-10-12 00:00:00,121.36,1.38,74.05
2012-10-13 00:00:00,57.57,0.0,77.42
2012-10-14 00:00:00,8.09,0.0,46.36
2012-10-15 00:00:00,34.75,4.97,43.54
2012-10-16 00:00:00,60.34,0.68,45.38
2012-10-17 00:00:00,71.89,1.21,48.43
2012-10-18 00:00:00,101.42,3.05,81.18
2012-10-19 00:00:00,118.46,2.56,82.3
2012-10-20 00:00:00,56.11,0.0,103.9
2012-10-21 00:00:00,80.18,4.99,58.24
2012-10-22 00:00:00,137.59,0.0,83.85
2012-10-23 00:00:00,18.09,0.0,80.32
2012-10-24 00:00:00,11.9,0.0,43.75
2012-10-25 00:00:00,217.17,0.0,98.58
2012-10-26 00:00:00,83.01,0.0,142.79
2012-10-27 00:00:00,87.05,8.93,62.77
2012-10-28 00:00:00,78.68,0.0,78.16
2012-10-29 00:00:00,266.89,18.56,114.8
2012-10-30 00:00:00,385.56,1.61,388.25
2012-10-31 00:00:00,279.02,0.0,338.61
2012-11-01 00:00:00,15.88,0.0,149.81
2012-11-02 00:00:00,91.58,0.0,52.75
2012-11-03 00:00:00,215.93,21.09,85.93
2012-11-04 00:00:00,67.74,0.0,182.99
2012-11-05 00:00:00,284.51,0.0,135.3
2012-11-06 00:00:00,259.73,0.0,283.88
2012-11-07 00:00:00,146.34,0.0,175.59
2012-11-08 00:00:00,421.9,18.67,232.75
2012-11-09 00:00:00,596.87,91.55,668.09
2012-11-10 00:00:00,492.85,2.67,624.83
2012-11-11 00:00:00,148.52,0.66,277.01
2012-11-12 00:00:00,342.61,12.48,186.7
2012-11-13 00:00:00,433.0,32.61,400.58
2012-11-14 00:00:00,366.83,0.13,402.51
2012-11-15 00:00:00,174.54,39.25,348.85
2012-11-16 00:00:00,68.0,15.28,131.55
2012-11-17 00:00:00,364.46,50.16,286.96
2012-11-18 00:00:00,597.76,6.88,639.6
2012-11-19 00:00:00,196.46,124.82,497.54
2012-11-20 00:00:00,71.61,39.05,169.59
2012-11-21 00:00:00,202.25,66.15,182.15
2012-11-22 00:00:00,491.39,67.84,531.59
2012-11-23 00:00:00,17.45,93.21,264.08
2012-11-24 00:00:00,132.67,104.8,120.0
2012-11-25 00:00:00,205.09,54.47,309.62
2012-11-26 00:00:00,148.58,29.01,232.53
2012-11-27 00:00:00,142.57,74.14,222.08
2012-11-28 00:00:00,61.4,103.86,259.09
2012-11-29 00:00:00,137.76,116.39,169.55
2012-11-30 00:00:00,335.14,105.73,404.16
2012-12-01 00:00:00,249.14,94.93,379.01
2012-12-02 00:00:00,115.29,134.52,311.98
2012-12-03 00:00:00,154.99,151.44,336.54
2012-12-04 00:00:00,233.74,79.91,237.71
2012-12-05 00:00:00,290.3,114.57,345.36
2012-12-06 00:00:00,304.64,93.84,448.0
2012-12-07 00:00:00,265.11,108.87,455.17
2012-12-08 00:00:00,85.98,97.56,160.37
2012-12-09 00:00:00,175.65,119.35,185.66
2012-12-10 00:00:00,430.22,127.28,479.59
2012-12-11 00:00:00,487.11,116.04,638.95
2012-12-12 00:00:00,610.22,100.09,716.78
2012-12-13 00:00:00,132.38,42.64,432.16
2012-12-14 00:00:00,123.67,8.75,102.24
2012-12-15 00:00:00,400.38,27.17,366.0
2012-12-16 00:00:00,307.91,24.63,471.09
2012-12-17 00:00:00,206.78,125.78,437.55
2012-12-18 00:00:00,264.16,101.27,422.96
2012-12-19 00:00:00,326.87,12.85,326.18
2012-12-20 00:00:00,185.31,14.91,275.68
2012-12-21 00:00:00,166.93,0.0,190.25
2012-12-22 00:00:00,95.53,77.55,200.41
2012-12-23 00:00:00,145.52,1.66,128.54
2012-12-24 00:00:00,154.54,0.0,191.7
2012-12-25 00:00:00,49.89,13.03,76.25
2012-12-26 00:00:00,258.76,28.12,138.83
2012-12-27 00:00:00,351.74,31.25,330.12
2012-12-28 00:00:00,382.69,21.16,443.8
2012-12-29 00:00:00,85.12,37.02,265.76
2012-12-30 00:00:00,165.35,70.19,135.02
2012-12-31 00:00:00,313.69,0.0,373.23
2013-01-01 00:00:00,110.27,42.95,239.17
2013-01-02 00:00:00,30.16,90.93,141.41
2013-01-03 00:00:00,127.74,39.07,100.95
2013-01-04 00:00:00,118.48,44.12,175.59
2013-01-05 00:00:00,26.66,102.05,151.22
2013-01-06 00:00:00,75.17,64.92,90.25
2013-01-07 00:00:00,59.61,41.68,108.95
2013-01-08 00:00:00,210.86,122.29,197.74
2013-01-09 00:00:00,87.5,76.53,240.8
2013-01-10 00:00:00,150.56,39.81,117.27
2013-01-11 00:00:00,26.11,43.93,164.0
2013-01-12 00:00:00,59.13,0.0,46.99
2013-01-13 00:00:00,34.32,0.0,43.54
2013-01-14 00:00:00,93.16,10.17,83.09
2013-01-15 00:00:00,11.5,21.47,71.75
2013-01-16 00:00:00,54.95,1.98,53.69
2013-01-17 00:00:00,36.46,4.51,46.58
2013-01-18 00:00:00,51.23,0.0,51.55
2013-01-19 00:00:00,580.37,37.81,
2013-01-20 00:00:00,502.33,21.92,
2013-01-21 00:00:00,191.66,80.46,368.73
2013-01-22 00:00:00,365.87,54.79,452.7
2013-01-23 00:00:00,446.42,116.31,701.08
2013-01-24 00:00:00,276.39,126.47,615.42
2013-01-25 00:00:00,324.3,196.63,687.41
2013-01-26 00:00:00,117.86,186.53,492.39
2013-01-27 00:00:00,93.47,196.88,431.66
2013-01-28 00:00:00,330.29,161.16,470.63
2013-01-29 00:00:00,113.1,199.29,535.8
2013-01-30 00:00:00,79.36,198.5,367.38
2013-01-31 00:00:00,111.06,190.87,323.12
2013-02-01 00:00:00,98.93,126.69,236.54
2013-02-02 00:00:00,91.75,105.3,180.29
2013-02-03 00:00:00,112.81,164.91,228.0
2013-02-04 00:00:00,222.91,171.7,374.72
2013-02-05 00:00:00,131.97,81.44,360.24
2013-02-06 00:00:00,131.59,42.72,173.62
2013-02-07 00:00:00,187.06,79.77,233.23
2013-02-08 00:00:00,111.77,93.66,235.1
2013-02-09 00:00:00,75.71,130.16,171.58
2013-02-10 00:00:00,108.7,85.97,192.85
2013-02-11 00:00:00,72.69,97.73,123.86
2013-02-12 00:00:00,88.4,100.12,163.76
2013-02-13 00:00:00,37.2,126.66,157.01
2013-02-14 00:00:00,24.3,125.72,161.72
2013-02-15 00:00:00,59.69,160.54,176.98
2013-02-16 00:00:00,81.6,159.82,206.95
2013-02-17 00:00:00,49.23,134.66,175.9
2013-02-18 00:00:00,101.42,150.02,206.49
2013-02-19 00:00:00,116.03,165.62,240.47
2013-02-20 00:00:00,217.74,139.2,237.23
2013-02-21 00:00:00,218.13,62.26,224.36
2013-02-22 00:00:00,341.29,32.18,301.59
2013-02-23 00:00:00,337.12,52.26,432.43
2013-02-24 00:00:00,220.43,55.77,385.39
2013-02-25 00:00:00,175.39,135.35,329.05
2013-02-26 00:00:00,141.72,146.3,289.2
2013-02-27 00:00:00,165.0,94.62,280.35
2013-02-28 00:00:00,108.69,161.94,296.77
2013-03-01 00:00:00,234.52,162.51,484.9
2013-03-02 00:00:00,77.23,152.17,294.67
2013-03-03 00:00:00,58.47,164.83,263.08
2013-03-04 00:00:00,182.29,111.51,179.12
2013-03-05 00:00:00,193.68,168.63,402.22
2013-03-06 00:00:00,380.37,134.18,446.96
2013-03-07 00:00:00,433.83,108.27,718.15
2013-03-08 00:00:00,833.75,126.96,
2013-03-09 00:00:00,1315.63,173.51,
2013-03-10 00:00:00,745.71,158.92,
2013-03-11 00:00:00,791.59,199.12,1134.4
2013-03-12 00:00:00,930.2,291.56,
2013-03-13 00:00:00,582.95,263.56,
2013-03-14 00:00:00,702.74,177.42,890.07
2013-03-15 00:00:00,695.87,183.22,1067.02
2013-03-16 00:00:00,287.1,197.97,760.37
2013-03-17 00:00:00,99.0,181.61,360.93
2013-03-18 00:00:00,209.88,195.51,475.05
2013-03-19 00:00:00,310.11,199.68,592.92
2013-03-20 00:00:00,64.84,192.61,438.89
2013-03-21 00:00:00,238.67,188.14,392.28
2013-03-22 00:00:00,209.06,180.93,428.54
2013-03-23 00:00:00,923.18,170.29,
2013-03-24 00:00:00,512.49,163.87,
2013-03-25 00:00:00,218.67,188.68,446.01
2013-03-26 00:00:00,659.72,190.43,
2013-03-27 00:00:00,1324.31,305.19,
2013-03-28 00:00:00,1838.84,489.99,
2013-03-29 00:00:00,1777.13,501.04,
2013-03-30 00:00:00,1867.56,635.88,
2013-04-01 00:00:00,3826.71,906.7,
2013-04-02 00:00:00,3162.52,916.89,
2013-04-03 00:00:00,1314.02,657.57,
2013-04-04 00:00:00,851.8,485.55,
2013-04-05 00:00:00,859.3,273.75,1082.21
2013-04-06 00:00:00,1095.25,200.65,1069.24
2013-04-07 00:00:00,1057.64,200.38,1051.93
2013-04-08 00:00:00,715.48,203.99,758.05
2013-04-09 00:00:00,651.45,147.17,505.41
2013-04-10 00:00:00,857.62,178.67,
2013-04-11 00:00:00,392.31,148.73,
2013-04-12 00:00:00,235.66,191.38,372.65
2013-04-13 00:00:00,83.33,187.32,272.4
2013-04-14 00:00:00,28.57,186.49,163.42
2013-04-15 00:00:00,256.87,180.66,307.26
2013-04-16 00:00:00,344.83,168.3,404.89
2013-04-17 00:00:00,78.07,182.8,286.36
2013-04-18 00:00:00,251.63,152.71,261.5
2013-04-19 00:00:00,269.68,81.2,395.18
2013-04-20 00:00:00,114.12,39.57,46.21
2013-04-21 00:00:00,236.07,71.9,239.8
2013-04-22 00:00:00,234.66,138.82,258.97
2013-04-23 00:00:00,239.94,129.76,267.74
2013-04-24 00:00:00,385.42,123.93,443.94
2013-04-25 00:00:00,466.64,96.5,488.78
2013-04-26 00:00:00,617.28,59.25,642.49
2013-04-27 00:00:00,156.82,28.63,274.55
2013-04-28 00:00:00,30.55,7.95,62.75
2013-04-29 00:00:00,216.81,84.46,131.31
2013-04-30 00:00:00,318.06,155.26,486.27
2013-05-01 00:00:00,206.01,172.44,308.8
2013-05-02 00:00:00,326.3,94.91,314.12
2013-05-03 00:00:00,220.49,109.55,214.2
2013-05-04 00:00:00,271.85,135.74,347.96
2013-05-05 00:00:00,50.36,78.52,156.62
2013-05-06 00:00:00,167.99,103.37,150.97
2013-05-07 00:00:00,163.27,,109.77
2013-05-08 00:00:00,315.31,,162.56
2013-05-09 00:00:00,343.79,,368.74
2013-05-10 00:00:00,357.86,,364.94
2013-05-11 00:00:00,60.93,,486.88
2013-05-12 00:00:00,17.87,,73.32
2013-05-13 00:00:00,178.35,51.45,149.08
2013-05-14 00:00:00,61.79,47.67,361.25
2013-05-15 00:00:00,113.88,31.79,197.1
2013-05-16 00:00:00,71.16,99.42,221.48
2013-05-17 00:00:00,226.48,31.38,257.26
2013-05-18 00:00:00,69.55,38.4,445.2
2013-05-19 00:00:00,66.55,43.57,96.67
2013-05-20 00:00:00,362.02,5.8,
2013-05-21 00:00:00,259.04,82.09,
2013-05-22 00:00:00,,,208.79
2013-05-23 00:00:00,2.14,51.61,47.72
2013-05-24 00:00:00,44.31,86.63,96.56
2013-05-25 00:00:00,54.71,61.98,124.77
2013-05-26 00:00:00,0.0,40.43,57.03
2013-05-27 00:00:00,199.88,88.42,431.2
2013-05-28 00:00:00,98.91,57.43,199.35
2013-05-29 00:00:00,93.75,58.2,247.74
2013-05-30 00:00:00,120.06,97.65,347.08
2013-05-31 00:00:00,56.91,49.06,187.95
2013-06-01 00:00:00,41.71,1.71,63.28
2013-06-02 00:00:00,31.65,14.78,53.3
2013-06-03 00:00:00,18.58,100.71,104.04
2013-06-04 00:00:00,77.37,111.5,234.02
2013-06-05 00:00:00,222.76,100.03,380.83
2013-06-06 00:00:00,143.56,91.75,557.54
2013-06-07 00:00:00,149.96,125.62,488.32
2013-06-08 00:00:00,266.05,42.26,450.47
2013-06-09 00:00:00,62.99,7.1,305.2
2013-06-10 00:00:00,154.25,56.94,195.97
2013-06-11 00:00:00,334.88,40.16,650.64
2013-06-12 00:00:00,320.04,86.36,
2013-06-13 00:00:00,237.09,59.43,
2013-06-14 00:00:00,142.47,77.08,398.99
2013-06-15 00:00:00,256.16,36.45,257.2
2013-06-16 00:00:00,268.81,60.76,
2013-06-17 00:00:00,143.63,81.59,434.81
2013-06-18 00:00:00,494.88,54.9,
2013-06-19 00:00:00,291.89,38.26,
2013-06-20 00:00:00,203.47,126.59,
2013-06-21 00:00:00,77.51,95.01,465.7
2013-06-22 00:00:00,92.57,97.9,343.31
2013-06-23 00:00:00,43.21,59.41,175.68
2013-06-24 00:00:00,58.44,61.48,84.79
2013-06-25 00:00:00,60.15,63.37,263.31
2013-06-26 00:00:00,33.47,92.01,143.77
2013-06-27 00:00:00,18.65,86.25,223.84
2013-06-28 00:00:00,91.88,96.16,177.79
2013-06-29 00:00:00,59.37,89.4,128.64
2013-06-30 00:00:00,90.0,73.59,131.33
2013-07-01 00:00:00,445.49,69.24,
2013-07-02 00:00:00,561.02,82.32,
2013-07-03 00:00:00,443.81,92.49,
2013-07-04 00:00:00,163.42,67.34,
2013-07-05 00:00:00,115.57,67.41,128.69
2013-07-06 00:00:00,33.56,,196.09
2013-07-07 00:00:00,66.75,81.13,119.74
2013-07-08 00:00:00,274.46,68.11,325.65
2013-07-09 00:00:00,355.32,84.49,730.13
2013-07-10 00:00:00,520.61,28.73,
2013-07-11 00:00:00,48.04,111.49,
2013-07-12 00:00:00,36.19,113.29,187.12
2013-07-13 00:00:00,0.0,36.54,62.92
2013-07-14 00:00:00,35.4,20.4,43.54
2013-07-15 00:00:00,109.56,34.7,51.92
2013-07-16 00:00:00,200.61,13.18,193.83
2013-07-17 00:00:00,202.55,6.18,257.93
2013-07-18 00:00:00,241.95,0.0,332.93
2013-07-19 00:00:00,271.76,0.0,344.14
2013-07-20 00:00:00,73.12,11.74,211.19
2013-07-21 00:00:00,46.83,0.0,47.43
2013-07-22 00:00:00,375.63,0.0,440.74
2013-07-23 00:00:00,307.67,0.0,615.07
2013-07-24 00:00:00,320.99,0.0,685.14
2013-07-25 00:00:00,158.03,0.0,371.32
2013-07-26 00:00:00,102.64,0.24,147.45
2013-07-27 00:00:00,26.9,0.0,51.8
2013-07-28 00:00:00,28.94,0.0,43.54
2013-07-29 00:00:00,81.39,0.0,62.71
2013-07-30 00:00:00,189.73,0.0,205.31
2013-07-31 00:00:00,54.74,0.0,128.21
2013-08-01 00:00:00,105.77,0.0,101.0
2013-08-02 00:00:00,209.09,0.0,126.6
2013-08-03 00:00:00,369.42,0.0,711.35
2013-08-04 00:00:00,30.08,0.0,219.99
2013-08-05 00:00:00,162.71,9.29,91.98
2013-08-06 00:00:00,282.11,0.0,461.61
2013-08-07 00:00:00,94.67,0.15,248.26
2013-08-08 00:00:00,35.09,0.0,75.35
2013-08-09 00:00:00,67.75,0.0,43.54
2013-08-10 00:00:00,41.07,0.0,44.57
2013-08-11 00:00:00,13.35,0.0,43.54
2013-08-12 00:00:00,102.34,0.0,61.29
2013-08-13 00:00:00,74.56,0.0,87.5
2013-08-14 00:00:00,61.47,5.29,57.69
2013-08-15 00:00:00,49.05,2.73,79.72
2013-08-16 00:00:00,142.92,0.0,67.09
2013-08-17 00:00:00,76.94,2.24,167.61
2013-08-18 00:00:00,36.08,0.0,57.05
2013-08-19 00:00:00,148.17,9.6,117.38
2013-08-20 00:00:00,136.24,0.0,114.12
2013-08-21 00:00:00,148.53,21.57,188.02
2013-08-22 00:00:00,254.62,28.66,385.19
2013-08-23 00:00:00,166.59,50.21,292.59
2013-08-24 00:00:00,35.25,29.61,80.52
2013-08-25 00:00:00,15.79,23.25,43.54
2013-08-26 00:00:00,174.65,21.2,61.5
2013-08-27 00:00:00,195.59,34.04,163.9
2013-08-28 00:00:00,136.22,51.67,185.02
2013-08-29 00:00:00,44.04,49.61,67.08
2013-08-30 00:00:00,96.41,28.53,51.05
2013-08-31 00:00:00,32.56,39.12,53.66
2013-09-01 00:00:00,27.37,22.27,43.54
2013-09-02 00:00:00,116.99,49.67,98.72
2013-09-03 00:00:00,309.28,41.8,187.19
2013-09-04 00:00:00,322.22,67.51,383.1
2013-09-05 00:00:00,286.11,66.31,339.1
2013-09-06 00:00:00,257.39,32.78,337.07
2013-09-07 00:00:00,69.74,63.45,128.97
2013-09-08 00:00:00,13.21,3.19,44.26
2013-09-09 00:00:00,79.33,30.31,48.19
2013-09-10 00:00:00,73.51,64.19,60.13
2013-09-11 00:00:00,27.08,37.26,44.33
2013-09-12 00:00:00,100.08,14.72,54.7
2013-09-13 00:00:00,290.5,11.22,116.28
2013-09-14 00:00:00,204.02,0.0,193.37
2013-09-15 00:00:00,56.42,0.0,121.22
2013-09-16 00:00:00,201.52,25.6,141.34
2013-09-17 00:00:00,79.18,26.43,113.6
2013-09-18 00:00:00,212.89,28.77,178.8
2013-09-19 00:00:00,52.9,23.23,98.44
2013-09-20 00:00:00,47.78,29.43,44.54
2013-09-21 00:00:00,60.37,32.51,50.17
2013-09-22 00:00:00,19.15,40.83,90.73
2013-09-23 00:00:00,39.4,31.44,45.23
2013-09-24 00:00:00,216.15,19.93,102.24
2013-09-25 00:00:00,173.27,40.38,312.79
2013-09-26 00:00:00,62.72,39.67,170.93
2013-09-27 00:00:00,41.33,42.38,89.57
2013-09-28 00:00:00,7.72,0.0,74.87
2013-09-29 00:00:00,0.0,8.95,43.54
2013-09-30 00:00:00,124.01,16.89,68.45
2013-10-01 00:00:00,130.21,15.27,202.87
2013-10-02 00:00:00,148.06,11.61,260.34
2013-10-03 00:00:00,90.33,17.47,134.18
2013-10-04 00:00:00,306.89,1.84,207.33
2013-10-05 00:00:00,40.84,13.69,191.84
2013-10-06 00:00:00,8.61,9.74,43.54
2013-10-07 00:00:00,230.92,6.44,77.22
2013-10-08 00:00:00,113.13,15.52,67.17
2013-10-09 00:00:00,82.34,17.6,45.17
2013-10-10 00:00:00,162.57,20.62,55.93
2013-10-11 00:00:00,134.02,7.34,46.65
2013-10-12 00:00:00,50.67,16.68,43.54
2013-10-13 00:00:00,43.77,21.05,43.54
2013-10-14 00:00:00,199.35,32.09,61.12
2013-10-15 00:00:00,112.5,0.0,44.04
2013-10-16 00:00:00,128.76,14.73,44.89
2013-10-17 00:00:00,97.68,26.98,43.54
2013-10-18 00:00:00,105.87,0.0,43.85
2013-10-19 00:00:00,30.24,0.0,43.54
2013-10-20 00:00:00,59.32,3.18,43.54
2013-10-21 00:00:00,142.12,1.19,50.83
2013-10-22 00:00:00,0.0,56.57,43.54
2013-10-23 00:00:00,0.0,93.86,43.54
2013-10-24 00:00:00,79.46,63.27,43.54
2013-10-25 00:00:00,732.2,37.67,477.15
2013-10-26 00:00:00,623.14,28.01,569.85
2013-10-27 00:00:00,239.63,6.36,152.33
2013-10-28 00:00:00,350.27,23.05,165.83
2013-10-29 00:00:00,187.43,95.81,204.6
2013-10-30 00:00:00,362.19,11.56,121.91
2013-10-31 00:00:00,603.31,43.73,361.46
2013-11-01 00:00:00,192.32,39.65,182.03
2013-11-02 00:00:00,126.81,85.8,61.61
2013-11-03 00:00:00,168.94,20.28,55.22
2013-11-04 00:00:00,147.12,65.48,67.26
2013-11-05 00:00:00,139.86,75.82,46.26
2013-11-06 00:00:00,452.62,14.69,149.57
2013-11-07 00:00:00,589.81,5.15,327.13
2013-11-08 00:00:00,,,125.34
2013-11-09 00:00:00,119.52,16.64,75.03
2013-11-10 00:00:00,16.83,5.91,43.54
2013-11-11 00:00:00,233.63,12.96,52.53
2013-11-12 00:00:00,340.12,7.85,112.43
2013-11-13 00:00:00,168.02,36.17,109.25
2013-11-14 00:00:00,231.26,6.85,54.68
2013-11-15 00:00:00,231.86,32.99,52.3
2013-11-16 00:00:00,407.32,32.47,174.26
2013-11-17 00:00:00,354.51,58.6,108.95
2013-11-18 00:00:00,448.07,65.95,241.99
2013-11-19 00:00:00,175.26,69.8,120.43
2013-11-20 00:00:00,469.56,77.96,174.06
2013-11-21 00:00:00,323.63,57.47,222.31
2013-11-22 00:00:00,484.17,77.79,194.68
2013-11-23 00:00:00,243.77,69.93,179.97
2013-11-24 00:00:00,97.74,65.43,61.71
2013-11-25 00:00:00,339.34,72.59,117.29
2013-11-26 00:00:00,250.45,85.03,137.46
2013-11-27 00:00:00,137.15,129.77,87.14
2013-11-28 00:00:00,461.22,132.55,188.26
2013-11-29 00:00:00,657.08,129.58,484.31
2013-11-30 00:00:00,204.49,35.56,187.42
2013-12-01 00:00:00,103.21,67.56,43.93
2013-12-02 00:00:00,366.2,75.77,118.24
2013-12-03 00:00:00,447.9,60.63,217.04
2013-12-04 00:00:00,398.57,105.67,269.95
2013-12-05 00:00:00,219.8,86.58,136.09
2013-12-06 00:00:00,74.87,88.11,51.91
2013-12-07 00:00:00,138.17,97.56,43.54
2013-12-08 00:00:00,104.32,91.83,87.68
2013-12-09 00:00:00,148.86,53.9,43.54
2013-12-10 00:00:00,2.4,44.06,55.5
2013-12-11 00:00:00,16.77,45.39,43.54
2013-12-12 00:00:00,8.44,8.26,43.54
2013-12-13 00:00:00,55.85,0.0,43.54
2013-12-14 00:00:00,14.86,0.0,43.54
2013-12-15 00:00:00,20.53,0.0,43.54
2013-12-16 00:00:00,24.02,8.1,43.54
2013-12-17 00:00:00,164.94,49.41,43.54
2013-12-18 00:00:00,43.49,8.12,47.18
2013-12-19 00:00:00,0.96,0.0,43.54
2013-12-20 00:00:00,29.02,35.6,43.54
2013-12-21 00:00:00,44.27,91.93,43.54
2013-12-22 00:00:00,0.0,51.6,43.54
2013-12-23 00:00:00,69.54,0.0,43.54
2013-12-24 00:00:00,100.64,14.47,43.54
2013-12-25 00:00:00,308.83,7.34,87.65
2013-12-26 00:00:00,327.08,33.35,230.09
2013-12-27 00:00:00,218.04,93.3,221.79
2013-12-28 00:00:00,9.1,49.54,64.51
2013-12-29 00:00:00,142.4,70.82,48.75
2013-12-30 00:00:00,220.6,107.19,120.95
2013-12-31 00:00:00,79.68,75.21,126.5
2014-01-01 00:00:00,39.33,0.0,57.2
2014-01-02 00:00:00,472.42,21.4,216.56
2014-01-03 00:00:00,430.65,55.59,496.59
2014-01-04 00:00:00,438.01,86.44,530.17
2014-01-05 00:00:00,587.23,43.82,724.51
2014-01-06 00:00:00,159.03,104.59,240.34
2014-01-07 00:00:00,204.3,165.0,235.25
2014-01-08 00:00:00,720.4,243.16,846.09
2014-01-09 00:00:00,383.05,295.28,649.51
2014-01-10 00:00:00,297.12,269.92,456.77
2014-01-11 00:00:00,366.36,199.9,228.76
2014-01-12 00:00:00,103.31,198.5,260.58
2014-01-13 00:00:00,399.33,191.76,286.63
2014-01-14 00:00:00,227.46,164.64,208.31
2014-01-15 00:00:00,304.4,192.78,319.74
2014-01-16 00:00:00,73.49,190.24,125.89
2014-01-17 00:00:00,297.61,196.02,192.08
2014-01-18 00:00:00,291.77,201.11,240.13
2014-01-19 00:00:00,283.69,201.11,356.07
2014-01-20 00:00:00,203.56,169.04,136.44
2014-01-21 00:00:00,379.08,195.23,269.61
2014-01-22 00:00:00,517.99,188.19,475.49
2014-01-23 00:00:00,310.22,200.82,241.59
2014-01-24 00:00:00,404.47,173.35,316.75
2014-01-25 00:00:00,42.87,163.7,108.41
2014-01-26 00:00:00,68.39,196.33,74.02
2014-01-27 00:00:00,147.3,134.01,54.04
2014-01-28 00:00:00,120.66,185.78,112.33
2014-01-29 00:00:00,383.8,174.84,197.51
2014-01-30 00:00:00,218.19,200.34,253.21
2014-01-31 00:00:00,443.21,183.34,242.93
2014-02-01 00:00:00,197.01,151.32,230.3
2014-02-02 00:00:00,229.96,175.88,142.06
2014-02-03 00:00:00,520.5,155.91,308.74
2014-02-04 00:00:00,849.09,117.99,525.96
2014-02-05 00:00:00,535.05,286.74,727.38
2014-02-06 00:00:00,883.73,468.57,
2014-02-07 00:00:00,801.1,572.25,
2014-02-08 00:00:00,1020.89,623.41,
2014-02-09 00:00:00,1305.59,487.61,
2014-02-10 00:00:00,1968.64,804.26,
2014-02-11 00:00:00,2213.54,1017.81,
2014-02-12 00:00:00,2203.08,1153.11,
2014-02-13 00:00:00,2035.78,993.74,
2014-02-14 00:00:00,1583.94,646.19,
2014-02-15 00:00:00,1440.42,679.48,
2014-02-16 00:00:00,1396.43,553.33,
2014-02-17 00:00:00,1470.48,328.57,
2014-02-18 00:00:00,1298.11,267.42,
2014-02-19 00:00:00,1014.08,151.21,
2014-02-20 00:00:00,818.93,179.62,1051.55
2014-02-21 00:00:00,594.13,157.28,766.94
2014-02-22 00:00:00,604.33,176.77,869.48
2014-02-23 00:00:00,315.82,164.0,499.07
2014-02-24 00:00:00,577.68,170.5,510.26
2014-02-25 00:00:00,635.07,99.63,815.45
2014-02-26 00:00:00,443.77,158.8,495.15
2014-02-27 00:00:00,631.42,171.02,741.14
2014-02-28 00:00:00,353.76,162.09,526.63
2014-03-01 00:00:00,198.89,162.25,318.93
2014-03-02 00:00:00,48.01,173.43,242.26
2014-03-03 00:00:00,100.2,162.15,190.6
2014-03-04 00:00:00,84.07,140.81,137.82
2014-03-05 00:00:00,279.12,147.26,269.28
2014-03-06 00:00:00,286.25,188.85,435.99
2014-03-07 00:00:00,242.92,173.11,354.31
2014-03-08 00:00:00,71.37,176.06,281.91
2014-03-09 00:00:00,59.88,101.44,73.7
2014-03-10 00:00:00,245.52,140.97,221.77
2014-03-11 00:00:00,266.72,158.37,272.83
2014-03-12 00:00:00,482.81,102.17,349.64
2014-03-13 00:00:00,919.95,138.2,819.59
2014-03-14 00:00:00,914.39,149.55,967.28
2014-03-15 00:00:00,433.43,185.92,732.43
2014-03-16 00:00:00,98.0,187.05,202.51
2014-03-17 00:00:00,429.77,157.88,385.4
2014-03-18 00:00:00,454.09,145.48,485.08
2014-03-19 00:00:00,303.77,159.63,297.88
2014-03-20 00:00:00,485.76,114.73,468.79
2014-03-21 00:00:00,,,356.22
2014-03-22 00:00:00,,,232.88
2014-03-23 00:00:00,161.18,142.49,131.54
2014-03-24 00:00:00,318.26,146.62,
2014-03-25 00:00:00,23.6,145.38,
2014-03-26 00:00:00,195.43,111.21,
2014-03-27 00:00:00,923.18,106.51,
2014-03-28 00:00:00,909.16,119.56,
2014-03-29 00:00:00,509.72,48.51,
2014-03-31 00:00:00,483.67,55.56,278.62
2014-04-01 00:00:00,471.82,28.38,467.77
2014-04-02 00:00:00,849.96,122.51,
2014-04-03 00:00:00,941.96,138.14,
2014-04-04 00:00:00,285.29,151.86,498.85
2014-04-05 00:00:00,320.23,166.06,470.31
2014-04-06 00:00:00,205.08,188.59,404.84
2014-04-07 00:00:00,411.75,186.41,509.24
2014-04-08 00:00:00,648.08,166.94,602.94
2014-04-09 00:00:00,725.0,155.24,665.17
2014-04-10 00:00:00,424.2,158.46,665.46
2014-04-11 00:00:00,305.36,126.77,307.32
2014-04-12 00:00:00,131.23,151.47,169.41
2014-04-13 00:00:00,65.73,150.22,127.54
2014-04-14 00:00:00,406.74,140.55,302.19
2014-04-15 00:00:00,576.62,167.63,554.22
2014-04-16 00:00:00,667.94,149.56,743.85
2014-04-17 00:00:00,163.94,152.6,347.56
2014-04-18 00:00:00,62.2,163.21,124.01
2014-04-19 00:00:00,48.64,166.21,90.18
2014-04-20 00:00:00,40.17,159.48,78.8
2014-04-21 00:00:00,83.81,149.75,136.93
2014-04-22 00:00:00,56.45,175.2,84.49
2014-04-23 00:00:00,69.7,170.24,109.21
2014-04-24 00:00:00,110.1,139.42,119.71
2014-04-25 00:00:00,3.75,13.74,51.98
2014-04-26 00:00:00,0.0,68.19,44.75
2014-04-27 00:00:00,36.49,142.09,
2014-04-28 00:00:00,150.82,119.36,
2014-04-29 00:00:00,95.79,100.08,78.97
2014-04-30 00:00:00,67.25,135.14,126.96
2014-05-01 00:00:00,79.03,174.31,94.81
2014-05-02 00:00:00,39.25,157.06,100.34
2014-05-03 00:00:00,37.41,137.35,80.34
2014-05-04 00:00:00,29.32,174.27,90.82
2014-05-05 00:00:00,80.15,141.56,104.66
2014-05-06 00:00:00,34.18,42.62,54.56
2014-05-07 00:00:00,138.85,70.3,88.6
2014-05-08 00:00:00,25.29,54.73,60.6
2014-05-09 00:00:00,,,43.71
2014-05-10 00:00:00,,,68.27
2014-05-11 00:00:00,,,44.94
2014-05-12 00:00:00,58.18,14.43,43.54
2014-05-13 00:00:00,14.61,23.14,43.54
2014-05-14 00:00:00,73.1,2.91,43.99
2014-05-15 00:00:00,0.0,29.35,47.97
2014-05-16 00:00:00,39.06,71.7,43.54
2014-05-17 00:00:00,15.18,9.75,43.54
2014-05-18 00:00:00,0.0,26.11,43.54
2014-05-19 00:00:00,38.79,40.93,43.54
2014-05-20 00:00:00,80.88,45.61,53.13
2014-05-21 00:00:00,0.0,21.48,48.93
2014-05-22 00:00:00,0.0,5.88,43.54
2014-05-23 00:00:00,26.93,26.56,43.54
2014-05-24 00:00:00,71.49,74.97,48.25
2014-05-25 00:00:00,3.39,10.49,44.32
2014-05-26 00:00:00,1.67,14.03,43.54
2014-05-27 00:00:00,39.25,70.09,43.54
2014-05-28 00:00:00,47.7,62.83,47.15
2014-05-29 00:00:00,190.6,24.67,64.57
2014-05-30 00:00:00,28.6,9.74,76.85
2014-05-31 00:00:00,0.0,0.64,43.54
2014-06-01 00:00:00,20.99,0.0,43.54
2014-06-02 00:00:00,40.12,18.92,43.54
2014-06-03 00:00:00,227.43,81.91,144.13
2014-06-04 00:00:00,39.72,43.75,57.7
2014-06-05 00:00:00,90.98,14.51,47.2
2014-06-06 00:00:00,41.58,64.05,
2014-06-07 00:00:00,0.0,53.04,
2014-06-08 00:00:00,,,43.54
2014-06-09 00:00:00,,,43.67
2014-06-10 00:00:00,43.58,125.09,73.36
2014-06-11 00:00:00,13.71,120.2,55.06
2014-06-12 00:00:00,53.17,93.18,49.71
2014-06-13 00:00:00,45.7,50.36,49.58
2014-06-14 00:00:00,0.0,122.41,58.14
2014-06-15 00:00:00,6.43,99.62,46.41
2014-06-16 00:00:00,8.84,48.88,44.39
2014-06-17 00:00:00,64.79,60.6,50.05
2014-06-18 00:00:00,117.31,62.1,71.65
2014-06-19 00:00:00,87.57,77.56,71.66
2014-06-20 00:00:00,126.12,60.57,79.78
2014-06-21 00:00:00,32.18,71.96,
2014-06-22 00:00:00,13.34,81.34,
2014-06-23 00:00:00,193.79,42.43,69.01
2014-06-24 00:00:00,125.84,18.16,78.27
2014-06-25 00:00:00,76.73,32.09,59.46
2014-06-26 00:00:00,214.94,64.21,84.2
2014-06-27 00:00:00,141.71,82.84,156.31
2014-06-28 00:00:00,11.11,51.19,54.1
2014-06-29 00:00:00,11.25,80.28,43.54
2014-06-30 00:00:00,50.01,117.2,47.48
2014-07-01 00:00:00,38.3,96.19,62.77
2014-07-02 00:00:00,68.49,93.95,74.51
2014-07-03 00:00:00,62.95,135.42,68.43
2014-07-04 00:00:00,92.49,34.52,55.75
2014-07-05 00:00:00,4.06,62.63,43.54
2014-07-06 00:00:00,26.07,53.43,43.54
2014-07-07 00:00:00,39.39,40.6,43.54
2014-07-08 00:00:00,132.63,49.5,53.92
2014-07-09 00:00:00,59.01,58.07,52.92
2014-07-10 00:00:00,16.43,55.66,46.37
2014-07-11 00:00:00,30.7,46.16,43.54
2014-07-12 00:00:00,2.5,91.57,
2014-07-13 00:00:00,135.56,73.74,49.95
2014-07-14 00:00:00,182.98,46.7,94.43
2014-07-15 00:00:00,331.57,68.29,189.41
2014-07-16 00:00:00,416.47,58.75,287.03
2014-07-17 00:00:00,404.7,137.12,336.57
2014-07-18 00:00:00,193.2,43.36,197.65
2014-07-19 00:00:00,218.84,43.63,98.59
2014-07-20 00:00:00,162.29,51.99,141.11
2014-07-21 00:00:00,349.43,31.91,132.74
2014-07-22 00:00:00,401.16,54.31,328.32
2014-07-23 00:00:00,463.72,103.4,262.47
2014-07-24 00:00:00,573.14,71.6,454.16
2014-07-25 00:00:00,454.96,35.61,
2014-07-26 00:00:00,426.67,43.87,
2014-07-27 00:00:00,332.78,57.78,
2014-07-28 00:00:00,261.9,46.92,
2014-07-29 00:00:00,194.34,30.4,155.96
2014-07-30 00:00:00,267.04,21.48,93.08
2014-07-31 00:00:00,393.12,63.72,251.77
2014-08-01 00:00:00,289.92,59.21,285.92
2014-08-02 00:00:00,99.37,83.3,97.29
2014-08-03 00:00:00,127.91,56.64,114.49
2014-08-04 00:00:00,255.37,27.02,114.83
2014-08-05 00:00:00,266.7,14.39,196.65
2014-08-06 00:00:00,330.64,10.65,228.75
2014-08-07 00:00:00,405.8,41.94,294.6
2014-08-08 00:00:00,453.87,39.65,468.99
2014-08-09 00:00:00,274.66,47.28,279.59
2014-08-10 00:00:00,140.62,43.25,104.77
2014-08-11 00:00:00,373.26,40.65,258.88
2014-08-12 00:00:00,310.18,21.3,318.55
2014-08-13 00:00:00,107.85,26.5,63.15
2014-08-14 00:00:00,313.39,13.54,338.27
2014-08-15 00:00:00,147.04,26.08,395.77
2014-08-17 00:00:00,63.38,11.72,
2014-08-18 00:00:00,319.76,28.66,
2014-08-19 00:00:00,278.66,28.86,846.84
2014-08-20 00:00:00,155.03,15.55,572.47
2014-08-21 00:00:00,233.51,4.91,424.73
2014-08-22 00:00:00,130.51,8.46,359.5
2014-08-23 00:00:00,66.34,0.0,174.59
2014-08-24 00:00:00,58.79,0.0,156.39
2014-08-25 00:00:00,73.95,4.01,128.84
2014-08-26 00:00:00,35.33,8.48,88.69
2014-08-27 00:00:00,245.04,0.0,216.4
2014-08-28 00:00:00,459.59,28.37,
2014-08-29 00:00:00,344.64,23.66,
2014-08-30 00:00:00,121.84,13.4,291.18
2014-08-31 00:00:00,75.71,4.8,265.64
2014-09-01 00:00:00,252.41,0.0,249.6
2014-09-02 00:00:00,345.34,0.0,840.49
2014-09-03 00:00:00,483.0,0.0,1095.76
2014-09-04 00:00:00,419.95,41.68,
2014-09-05 00:00:00,382.76,59.65,
2014-09-06 00:00:00,255.82,87.19,
2014-09-07 00:00:00,80.15,21.69,340.96
2014-09-08 00:00:00,363.75,16.11,533.37
2014-09-09 00:00:00,345.71,6.17,1078.48
2014-09-10 00:00:00,62.04,18.16,
2014-09-11 00:00:00,0.0,47.25,
2014-09-12 00:00:00,98.36,44.8,
2014-09-13 00:00:00,70.17,80.13,
2014-09-14 00:00:00,6.29,50.88,
2014-09-15 00:00:00,43.69,99.84,
2014-09-16 00:00:00,20.4,12.62,121.18
2014-09-17 00:00:00,61.24,80.78,134.85
2014-09-18 00:00:00,0.0,88.48,304.27
2014-09-19 00:00:00,12.68,38.3,91.47
2014-09-20 00:00:00,30.46,71.65,120.39
2014-09-21 00:00:00,20.6,78.36,178.33
2014-09-22 00:00:00,107.7,62.85,271.45
2014-09-23 00:00:00,31.94,73.28,
2014-09-24 00:00:00,31.34,37.88,109.95
2014-09-25 00:00:00,35.47,10.55,97.14
2014-09-26 00:00:00,10.08,35.18,93.04
2014-09-27 00:00:00,0.0,14.07,80.17
2014-09-28 00:00:00,40.27,2.98,78.36
2014-09-29 00:00:00,161.0,60.0,376.3
2014-09-30 00:00:00,199.64,64.19,
2014-10-01 00:00:00,68.65,23.39,159.65
2014-10-02 00:00:00,124.1,26.79,46.69
2014-10-03 00:00:00,,65.63,
2014-10-04 00:00:00,,59.28,
2014-10-05 00:00:00,0.0,13.94,
2014-10-06 00:00:00,0.0,0.0,
2014-10-07 00:00:00,33.22,0.0,43.54
2014-10-08 00:00:00,5.92,0.0,43.54
2014-10-09 00:00:00,37.86,5.46,43.54
2014-10-10 00:00:00,275.43,18.51,43.54
2014-10-11 00:00:00,12.92,0.0,43.54
2014-10-12 00:00:00,,0.0,43.54
2014-10-13 00:00:00,101.64,10.57,43.54
2014-10-14 00:00:00,231.78,8.56,43.54
2014-10-15 00:00:00,45.49,0.39,43.54
2014-10-16 00:00:00,335.34,0.0,43.54
2014-10-17 00:00:00,156.32,16.47,43.54
2014-10-18 00:00:00,164.35,5.28,43.54
2014-10-19 00:00:00,81.35,0.0,43.54
2014-10-20 00:00:00,385.25,22.05,43.54
2014-10-21 00:00:00,386.85,20.39,43.54
2014-10-22 00:00:00,141.1,60.65,43.54
2014-10-23 00:00:00,70.63,11.26,43.54
2014-10-24 00:00:00,259.18,0.0,43.54
2014-10-25 00:00:00,100.18,6.43,43.54
2014-10-26 00:00:00,31.76,24.19,43.54
2014-10-27 00:00:00,131.93,56.88,43.54
2014-10-28 00:00:00,86.99,0.0,43.54
2014-10-29 00:00:00,68.99,13.32,43.54
2014-10-30 00:00:00,4.9,0.0,43.54
2014-10-31 00:00:00,48.36,7.75,43.54
2014-11-01 00:00:00,36.78,43.0,43.54
2014-11-02 00:00:00,15.65,5.98,43.54
2014-11-03 00:00:00,5.57,0.0,43.54
2014-11-04 00:00:00,41.7,0.0,43.54
2014-11-05 00:00:00,81.67,13.43,43.54
2014-11-06 00:00:00,56.02,14.27,43.54
2014-11-07 00:00:00,68.76,42.34,43.54
2014-11-08 00:00:00,23.19,38.34,43.54
2014-11-09 00:00:00,57.63,1.59,43.54
2014-11-10 00:00:00,131.12,39.86,43.54
2014-11-11 00:00:00,125.96,15.11,43.54
2014-11-12 00:00:00,86.19,89.96,43.54
2014-11-13 00:00:00,8.79,43.37,43.54
2014-11-14 00:00:00,519.84,61.0,43.54
2014-11-15 00:00:00,443.5,32.87,43.54
2014-11-16 00:00:00,203.97,60.26,43.54
2014-11-17 00:00:00,285.63,14.62,43.54
2014-11-18 00:00:00,381.64,52.84,43.54
2014-11-19 00:00:00,460.87,76.56,43.54
2014-11-20 00:00:00,774.8,64.99,43.54
2014-11-21 00:00:00,582.75,52.49,43.54
2014-11-22 00:00:00,348.48,123.45,43.54
2014-11-23 00:00:00,145.67,94.15,43.54
2014-11-24 00:00:00,384.11,116.23,43.54
2014-11-25 00:00:00,534.69,166.26,43.54
2014-11-26 00:00:00,455.02,186.04,43.54
2014-11-27 00:00:00,126.71,75.58,43.54
2014-11-28 00:00:00,268.88,115.93,43.54
2014-11-29 00:00:00,442.76,115.04,43.54
2014-11-30 00:00:00,241.99,59.46,43.54
2014-12-01 00:00:00,240.56,112.04,43.54
2014-12-02 00:00:00,192.07,107.09,43.54
2014-12-03 00:00:00,222.81,75.39,43.54
2014-12-04 00:00:00,358.38,74.3,43.54
2014-12-05 00:00:00,381.9,90.96,43.54
2014-12-06 00:00:00,39.3,52.27,43.54
2014-12-07 00:00:00,123.96,96.49,43.54
2014-12-08 00:00:00,78.0,84.59,43.54
2014-12-09 00:00:00,160.79,85.83,43.54
2014-12-10 00:00:00,141.65,111.45,43.54
2014-12-11 00:00:00,253.13,93.45,
2014-12-12 00:00:00,151.05,152.76,
2014-12-13 00:00:00,136.26,113.87,43.54
2014-12-14 00:00:00,138.97,120.68,43.54
2014-12-15 00:00:00,134.84,116.75,43.54
2014-12-16 00:00:00,67.56,68.02,43.54
2014-12-17 00:00:00,57.38,109.83,
2014-12-18 00:00:00,0.0,113.36,
2014-12-19 00:00:00,39.24,137.07,
2014-12-20 00:00:00,68.75,75.49,
2014-12-21 00:00:00,29.7,85.33,
2014-12-22 00:00:00,28.96,88.42,
2014-12-23 00:00:00,47.37,118.7,
2014-12-24 00:00:00,175.92,61.16,
2014-12-25 00:00:00,34.95,123.64,
2014-12-26 00:00:00,41.04,111.97,
2014-12-27 00:00:00,25.91,127.86,
2014-12-28 00:00:00,49.25,71.17,
2014-12-29 00:00:00,6.28,123.26,
2014-12-30 00:00:00,52.8,142.91,
2014-12-31 00:00:00,28.87,125.02,
2015-01-01 00:00:00,0.67,129.16,
2015-01-02 00:00:00,42.63,169.72,
2015-01-03 00:00:00,25.79,100.66,
2015-01-04 00:00:00,43.83,66.67,
2015-01-05 00:00:00,72.79,122.09,
2015-01-06 00:00:00,13.96,94.01,
2015-01-07 00:00:00,373.33,35.37,
2015-01-08 00:00:00,364.5,56.57,
2015-01-09 00:00:00,121.5,22.68,
2015-01-10 00:00:00,35.13,38.2,
2015-01-11 00:00:00,11.96,66.62,
2015-01-12 00:00:00,38.83,36.47,
2015-01-13 00:00:00,28.38,27.11,
2015-01-14 00:00:00,118.96,19.66,
2015-01-15 00:00:00,2.25,17.46,
2015-01-16 00:00:00,17.46,42.05,
2015-01-17 00:00:00,6.63,57.06,
2015-01-18 00:00:00,48.08,52.2,
2015-01-19 00:00:00,67.33,13.08,
2015-01-20 00:00:00,269.79,20.23,
2015-01-21 00:00:00,21.08,21.29,
2015-01-22 00:00:00,33.17,63.21,
2015-01-23 00:00:00,4.5,64.6,
2015-01-24 00:00:00,0.0,7.5,
2015-01-25 00:00:00,32.0,40.0,
2015-01-26 00:00:00,31.96,54.77,
2015-01-27 00:00:00,63.0,39.31,
2015-01-28 00:00:00,50.92,34.92,
2015-01-29 00:00:00,6.29,20.53,
2015-01-30 00:00:00,54.92,48.0,
2015-01-31 00:00:00,56.13,0.0,
2015-02-01 00:00:00,102.83,19.42,
2015-02-02 00:00:00,62.38,89.38,
2015-02-03 00:00:00,24.17,40.99,
2015-02-04 00:00:00,1.46,59.01,
2015-02-05 00:00:00,26.17,93.37,
2015-02-06 00:00:00,100.79,102.76,
2015-02-07 00:00:00,270.46,85.03,
2015-02-08 00:00:00,0.0,28.65,
2015-02-09 00:00:00,38.17,79.02,
2015-02-10 00:00:00,150.58,84.86,
2015-02-11 00:00:00,259.54,92.76,
2015-02-12 00:00:00,174.21,48.08,
2015-02-13 00:00:00,2.83,2.82,
2015-02-14 00:00:00,2.38,0.0,
2015-02-15 00:00:00,0.0,14.08,
2015-02-16 00:00:00,9.04,2.67,
2015-02-17 00:00:00,4.67,0.0,
2015-02-18 00:00:00,5.17,20.36,
2015-02-19 00:00:00,92.33,8.57,
2015-02-20 00:00:00,155.58,23.33,
2015-02-21 00:00:00,0.0,2.44,
2015-02-22 00:00:00,7.92,4.28,
2015-02-23 00:00:00,7.71,14.09,
2015-02-24 00:00:00,119.88,12.73,
2015-02-25 00:00:00,109.04,11.71,
2015-02-26 00:00:00,0.0,33.93,
2015-02-27 00:00:00,53.46,1.77,
2015-02-28 00:00:00,0.0,0.0,
2015-03-01 00:00:00,0.0,0.0,
2015-03-02 00:00:00,75.88,61.39,
2015-03-03 00:00:00,84.0,37.21,
2015-03-04 00:00:00,31.58,0.0,
2015-03-05 00:00:00,33.92,21.11,
2015-03-06 00:00:00,27.75,15.51,
2015-03-07 00:00:00,20.0,21.42,
2015-03-08 00:00:00,47.63,0.0,
2015-03-09 00:00:00,43.58,12.14,
2015-03-10 00:00:00,42.79,21.45,
2015-03-11 00:00:00,0.0,12.98,
2015-03-12 00:00:00,48.75,30.14,
2015-03-13 00:00:00,0.0,0.0,
2015-03-14 00:00:00,0.0,0.0,
2015-03-15 00:00:00,0.0,16.82,
2015-03-16 00:00:00,5.5,27.08,
2015-03-17 00:00:00,44.54,60.98,
2015-03-18 00:00:00,26.88,4.13,
2015-03-19 00:00:00,0.0,0.0,
2015-03-20 00:00:00,26.17,25.46,
2015-03-21 00:00:00,43.29,107.64,
2015-03-22 00:00:00,0.0,10.86,
2015-03-23 00:00:00,99.29,43.38,
2015-03-24 00:00:00,50.08,0.0,
2015-03-25 00:00:00,18.13,0.0,
2015-03-26 00:00:00,42.83,0.0,
2015-03-27 00:00:00,0.0,0.0,
2015-03-28 00:00:00,3.67,0.0,
2015-03-29 00:00:00,0.0,0.0,
2015-03-30 00:00:00,4.54,0.0,
2015-03-31 00:00:00,10.0,2.42,
2015-04-01 00:00:00,38.71,26.43,
2015-04-02 00:00:00,86.92,80.2,
2015-04-03 00:00:00,9.46,116.95,
2015-04-04 00:00:00,0.0,21.23,
2015-04-05 00:00:00,25.21,0.0,
2015-04-06 00:00:00,60.54,83.1,
2015-04-07 00:00:00,0.0,60.95,
2015-04-08 00:00:00,5.67,39.74,
2015-04-09 00:00:00,26.21,44.29,
2015-04-10 00:00:00,10.25,49.37,
2015-04-11 00:00:00,26.33,2.31,
2015-04-12 00:00:00,0.0,8.04,
2015-04-13 00:00:00,0.0,12.11,
2015-04-14 00:00:00,13.0,10.82,
2015-04-15 00:00:00,23.29,92.98,
2015-04-16 00:00:00,19.33,39.42,
2015-04-17 00:00:00,17.63,9.11,
2015-04-18 00:00:00,7.5,5.25,
2015-04-19 00:00:00,0.0,23.4,
2015-04-20 00:00:00,0.0,15.39,
2015-04-21 00:00:00,17.79,12.61,
2015-04-22 00:00:00,46.67,10.06,
2015-04-23 00:00:00,21.33,15.78,
2015-04-24 00:00:00,32.08,34.0,
2015-04-25 00:00:00,0.0,24.52,
2015-04-26 00:00:00,18.63,13.4,
2015-04-27 00:00:00,8.58,18.41,
2015-04-28 00:00:00,31.88,5.9,
2015-04-29 00:00:00,4.71,19.74,
2015-04-30 00:00:00,0.0,5.14,
2015-05-01 00:00:00,5.25,23.57,
2015-05-02 00:00:00,13.67,1.56,0.0
2015-05-03 00:00:00,30.79,28.89,0.0
2015-05-04 00:00:00,39.88,63.12,0.0
2015-05-05 00:00:00,36.38,24.21,0.0
2015-05-06 00:00:00,55.5,8.06,0.0
2015-05-07 00:00:00,8.58,0.0,0.0
2015-05-08 00:00:00,46.75,0.0,0.0
2015-05-09 00:00:00,16.0,12.8,0.0
2015-05-10 00:00:00,37.79,0.13,0.0
2015-05-11 00:00:00,281.46,17.14,0.0
2015-05-12 00:00:00,267.04,24.67,0.0
2015-05-13 00:00:00,240.0,14.42,0.0
2015-05-14 00:00:00,190.42,14.93,
2015-05-15 00:00:00,58.25,12.75,
2015-05-16 00:00:00,20.33,0.0,13.75
2015-05-17 00:00:00,67.17,37.56,7.68
2015-05-18 00:00:00,282.83,66.07,208.34
2015-05-19 00:00:00,141.58,7.09,73.34
2015-05-20 00:00:00,174.0,45.23,119.98
2015-05-21 00:00:00,186.54,29.48,137.91
2015-05-22 00:00:00,192.88,7.27,93.42
2015-05-23 00:00:00,0.0,25.24,61.67
2015-05-24 00:00:00,0.0,14.22,19.16
2015-05-25 00:00:00,167.13,64.06,99.22
2015-05-26 00:00:00,104.04,68.24,118.42
2015-05-27 00:00:00,116.04,8.42,44.53
2015-05-28 00:00:00,237.92,38.09,134.05
2015-05-29 00:00:00,307.88,23.86,202.01
2015-05-30 00:00:00,218.75,37.18,197.45
2015-05-31 00:00:00,63.5,5.81,53.18
2015-06-01 00:00:00,281.17,7.79,180.16
2015-06-02 00:00:00,363.04,0.0,
2015-06-03 00:00:00,311.25,20.24,
2015-06-04 00:00:00,370.88,7.51,
2015-06-05 00:00:00,315.42,2.07,
2015-06-06 00:00:00,158.17,59.83,
2015-06-07 00:00:00,103.46,36.87,
2015-06-08 00:00:00,289.75,1.38,
2015-06-09 00:00:00,193.33,0.0,
2015-06-10 00:00:00,245.42,0.0,223.46
2015-06-11 00:00:00,320.04,13.05,
2015-06-12 00:00:00,283.67,18.13,
2015-06-13 00:00:00,87.92,42.2,
2015-06-14 00:00:00,69.38,2.35,102.85
2015-06-15 00:00:00,191.71,7.75,151.46
2015-06-16 00:00:00,62.83,0.0,118.69
2015-06-17 00:00:00,13.13,0.0,70.49
2015-06-18 00:00:00,39.38,1.26,47.07
2015-06-19 00:00:00,0.0,17.68,60.54
2015-06-20 00:00:00,0.0,29.55,51.88
2015-06-21 00:00:00,63.38,32.29,57.9
2015-06-22 00:00:00,273.96,24.85,
2015-06-23 00:00:00,107.46,13.57,
2015-06-24 00:00:00,109.33,0.0,109.8
2015-06-25 00:00:00,227.75,19.35,184.31
2015-06-26 00:00:00,270.88,72.51,
2015-06-27 00:00:00,143.21,5.62,
2015-06-28 00:00:00,65.25,12.81,121.12
2015-06-29 00:00:00,146.75,7.75,129.64
2015-06-30 00:00:00,215.08,6.69,205.21
2015-07-01 00:00:00,78.92,23.75,142.61
2015-07-02 00:00:00,70.42,24.75,95.51
2015-07-03 00:00:00,91.66,16.82,160.97
2015-07-04 00:00:00,96.09,22.04,99.84
2015-07-05 00:00:00,0.0,51.79,108.05
2015-07-06 00:00:00,193.04,10.86,129.09
2015-07-07 00:00:00,217.62,20.12,
2015-07-08 00:00:00,235.8,18.04,
2015-07-09 00:00:00,198.8,1.49,150.65
2015-07-10 00:00:00,273.8,0.0,
2015-07-11 00:00:00,124.65,3.76,
2015-07-12 00:00:00,41.88,31.27,137.12
2015-07-13 00:00:00,198.22,12.74,136.32
2015-07-14 00:00:00,165.61,16.9,
2015-07-15 00:00:00,216.73,62.54,
2015-07-16 00:00:00,286.51,4.77,
2015-07-17 00:00:00,289.36,20.61,
2015-07-18 00:00:00,142.73,16.2,
2015-07-19 00:00:00,59.65,12.0,91.36
2015-07-20 00:00:00,250.5,26.08,
2015-07-21 00:00:00,272.13,12.25,
2015-07-22 00:00:00,289.42,14.8,
2015-07-23 00:00:00,254.88,32.66,
2015-07-24 00:00:00,168.99,21.28,
2015-07-25 00:00:00,0.0,8.04,95.79
2015-07-26 00:00:00,49.14,20.76,40.35
2015-07-27 00:00:00,225.7,29.1,145.53
2015-07-28 00:00:00,208.49,14.18,
2015-07-29 00:00:00,148.64,31.69,
2015-07-30 00:00:00,22.93,15.03,114.93
2015-07-31 00:00:00,55.52,0.34,51.14
2015-08-01 00:00:00,0.0,0.0,72.27
2015-08-02 00:00:00,48.3,4.57,27.08
2015-08-03 00:00:00,111.92,6.15,112.99
2015-08-04 00:00:00,174.34,0.0,114.82
2015-08-05 00:00:00,258.68,27.12,
2015-08-06 00:00:00,381.42,67.78,
2015-08-07 00:00:00,250.62,9.92,
2015-08-08 00:00:00,137.32,6.05,
2015-08-09 00:00:00,0.0,3.58,83.56
2015-08-10 00:00:00,120.25,35.87,69.88
2015-08-11 00:00:00,142.41,8.07,
2015-08-12 00:00:00,70.34,21.69,
2015-08-13 00:00:00,0.71,36.46,77.71
2015-08-14 00:00:00,10.5,9.31,49.07
2015-08-15 00:00:00,80.21,44.7,109.44
2015-08-16 00:00:00,11.07,53.78,
2015-08-17 00:00:00,30.18,0.0,34.84
2015-08-18 00:00:00,14.71,0.0,23.59
2015-08-19 00:00:00,107.91,1.13,55.62
2015-08-20 00:00:00,46.16,25.19,110.73
2015-08-21 00:00:00,255.05,25.03,
2015-08-22 00:00:00,81.5,10.97,
2015-08-23 00:00:00,25.4,38.26,117.34
2015-08-24 00:00:00,12.11,0.0,42.69
2015-08-25 00:00:00,0.0,0.0,36.18
2015-08-26 00:00:00,0.0,0.0,36.16
2015-08-27 00:00:00,66.4,4.32,37.8
2015-08-28 00:00:00,221.42,18.53,
2015-08-29 00:00:00,35.48,25.74,
2015-08-30 00:00:00,61.98,47.78,97.09
2015-08-31 00:00:00,283.08,4.13,
2015-09-01 00:00:00,348.78,3.02,
2015-09-02 00:00:00,141.63,19.96,
2015-09-03 00:00:00,161.82,17.76,142.47
2015-09-04 00:00:00,108.88,17.27,179.59
2015-09-05 00:00:00,144.6,22.89,139.06
2015-09-06 00:00:00,30.08,18.63,140.44
2015-09-07 00:00:00,152.85,0.0,
2015-09-08 00:00:00,156.65,10.36,151.24
2015-09-09 00:00:00,194.69,8.03,
2015-09-10 00:00:00,220.04,29.12,
2015-09-11 00:00:00,81.51,48.08,
2015-09-12 00:00:00,65.59,6.11,81.31
2015-09-13 00:00:00,59.88,35.49,128.68
2015-09-14 00:00:00,139.5,23.2,108.64
2015-09-15 00:00:00,126.09,0.0,170.65
2015-09-16 00:00:00,70.23,12.76,129.18
2015-09-17 00:00:00,22.2,32.19,78.04
2015-09-18 00:00:00,110.64,3.45,124.84
2015-09-19 00:00:00,87.38,27.81,106.25
2015-09-20 00:00:00,51.86,0.0,99.1
2015-09-21 00:00:00,156.13,2.03,121.25
2015-09-22 00:00:00,150.75,0.93,179.29
2015-09-23 00:00:00,102.36,0.0,115.97
2015-09-24 00:00:00,243.3,3.45,150.44
2015-09-25 00:00:00,296.98,68.23,
2015-09-26 00:00:00,149.57,71.64,
2015-09-27 00:00:00,108.12,2.56,163.13
2015-09-28 00:00:00,198.36,9.53,144.78
2015-09-29 00:00:00,232.48,15.06,
2015-09-30 00:00:00,266.85,14.68,
2015-10-01 00:00:00,420.11,18.58,551.16
2015-10-02 00:00:00,162.66,38.79,359.54
2015-10-03 00:00:00,142.18,32.77,147.53
2015-10-04 00:00:00,74.43,34.62,197.24
2015-10-05 00:00:00,0.0,35.29,91.55
2015-10-06 00:00:00,52.91,16.55,56.23
2015-10-07 00:00:00,347.04,12.23,240.68
2015-10-08 00:00:00,344.84,16.79,385.74
2015-10-09 00:00:00,271.13,12.19,354.35
2015-10-10 00:00:00,123.9,12.12,233.38
2015-10-11 00:00:00,17.96,21.95,109.24
2015-10-12 00:00:00,81.16,0.0,73.71
2015-10-13 00:00:00,69.67,12.19,133.83
2015-10-14 00:00:00,102.98,9.5,146.65
2015-10-15 00:00:00,147.11,25.94,181.59
2015-10-16 00:00:00,349.19,31.06,290.37
2015-10-17 00:00:00,97.82,10.21,263.47
2015-10-18 00:00:00,132.29,31.79,135.05
2015-10-19 00:00:00,274.31,9.7,286.1
2015-10-20 00:00:00,94.94,8.18,173.6
2015-10-21 00:00:00,74.46,0.0,145.09
2015-10-22 00:00:00,145.25,3.07,152.12
2015-10-23 00:00:00,383.65,12.42,324.73
2015-10-24 00:00:00,260.41,10.44,364.51
2015-10-25 00:00:00,99.49,3.76,163.38
2015-10-26 00:00:00,124.91,7.59,220.5
2015-10-27 00:00:00,12.41,4.3,97.84
2015-10-28 00:00:00,18.26,0.0,38.1
2015-10-29 00:00:00,47.83,0.0,57.9
2015-10-30 00:00:00,90.32,0.0,74.86
2015-10-31 00:00:00,97.42,3.96,111.5
2015-11-01 00:00:00,70.61,10.58,173.53
2015-11-02 00:00:00,178.55,0.0,82.16
2015-11-03 00:00:00,156.25,0.0,280.51
2015-11-04 00:00:00,147.49,0.99,92.21
2015-11-05 00:00:00,184.87,0.0,277.39
2015-11-06 00:00:00,208.66,0.0,173.85
2015-11-07 00:00:00,239.16,0.0,289.92
2015-11-08 00:00:00,189.19,0.0,201.71
2015-11-09 00:00:00,232.66,0.0,252.89
2015-11-10 00:00:00,324.58,0.0,294.36
2015-11-11 00:00:00,315.55,1.15,390.67
2015-11-12 00:00:00,229.66,2.76,305.79
2015-11-13 00:00:00,174.0,29.14,298.35
2015-11-14 00:00:00,38.53,0.0,96.78
2015-11-15 00:00:00,64.5,0.0,73.65
2015-11-16 00:00:00,267.55,9.73,231.06
2015-11-17 00:00:00,187.27,3.08,234.67
2015-11-18 00:00:00,293.18,0.0,230.75
2015-11-19 00:00:00,273.06,11.4,344.63
2015-11-20 00:00:00,16.99,49.49,223.65
2015-11-21 00:00:00,11.79,28.75,80.73
2015-11-22 00:00:00,74.93,74.31,108.74
2015-11-23 00:00:00,172.93,129.65,271.23
2015-11-24 00:00:00,226.62,46.48,251.04
2015-11-25 00:00:00,93.58,36.42,227.54
2015-11-26 00:00:00,49.95,10.39,125.07
2015-11-27 00:00:00,53.67,2.34,80.84
2015-11-28 00:00:00,24.21,0.0,58.96
2015-11-29 00:00:00,45.32,49.06,
2015-11-30 00:00:00,88.99,39.94,120.76
2015-12-01 00:00:00,239.72,55.52,201.08
2015-12-02 00:00:00,81.77,36.89,219.75
2015-12-03 00:00:00,37.72,14.95,116.37
2015-12-04 00:00:00,120.33,13.39,89.8
2015-12-05 00:00:00,30.99,0.0,109.63
2015-12-06 00:00:00,11.43,0.0,63.77
2015-12-07 00:00:00,41.77,9.12,41.47
2015-12-08 00:00:00,51.71,5.13,59.2
2015-12-09 00:00:00,43.15,22.48,82.39
2015-12-10 00:00:00,27.9,4.05,81.21
2015-12-11 00:00:00,19.71,9.61,56.45
2015-12-12 00:00:00,83.86,2.1,47.41
2015-12-13 00:00:00,32.41,5.6,87.27
2015-12-14 00:00:00,0.0,24.1,74.31
2015-12-15 00:00:00,14.19,12.77,
2015-12-16 00:00:00,3.4,0.0,45.11
2015-12-17 00:00:00,22.93,0.0,
2015-12-18 00:00:00,13.69,0.0,
2015-12-19 00:00:00,6.58,0.0,64.54
2015-12-20 00:00:00,21.87,31.49,69.74
2015-12-21 00:00:00,31.65,0.0,67.19
2015-12-22 00:00:00,69.2,4.38,78.44
2015-12-23 00:00:00,112.73,0.0,93.5
2015-12-24 00:00:00,52.7,13.56,102.8
2015-12-25 00:00:00,22.54,7.49,82.61
2015-12-26 00:00:00,17.69,8.21,47.03
2015-12-27 00:00:00,1.15,0.0,50.66
2015-12-28 00:00:00,0.0,48.54,77.97
2015-12-29 00:00:00,34.84,62.71,71.08
2015-12-30 00:00:00,30.22,0.0,90.41
2015-12-31 00:00:00,60.45,46.73,92.18
2016-01-01 00:00:00,5.83,0.0,116.46
2016-01-02 00:00:00,6.36,22.88,51.86
2016-01-03 00:00:00,97.65,7.31,100.6
2016-01-04 00:00:00,62.17,0.0,166.47
2016-01-05 00:00:00,60.82,35.65,129.75
2016-01-06 00:00:00,95.34,48.54,177.73
2016-01-07 00:00:00,89.82,16.19,233.31
2016-01-08 00:00:00,98.96,69.4,161.1
2016-01-09 00:00:00,242.42,12.57,398.51
2016-01-10 00:00:00,255.43,0.0,300.1
2016-01-11 00:00:00,360.93,3.95,559.72
2016-01-12 00:00:00,396.23,23.57,593.53
2016-01-13 00:00:00,119.59,3.71,297.16
2016-01-14 00:00:00,46.51,57.74,213.87
2016-01-15 00:00:00,51.79,33.08,200.29
2016-01-16 00:00:00,49.4,43.39,145.11
2016-01-17 00:00:00,45.85,107.47,236.06
2016-01-18 00:00:00,48.35,99.5,202.56
2016-01-19 00:00:00,262.56,86.85,269.02
2016-01-20 00:00:00,201.1,119.24,510.57
2016-01-21 00:00:00,65.31,149.65,304.96
2016-01-22 00:00:00,117.95,138.16,287.08
2016-01-23 00:00:00,106.06,116.82,292.19
2016-01-24 00:00:00,133.96,91.54,245.71
2016-01-25 00:00:00,85.42,119.94,312.07
2016-01-26 00:00:00,28.33,126.96,237.19
2016-01-27 00:00:00,85.47,166.57,230.15
2016-01-28 00:00:00,39.34,109.82,199.2
2016-01-29 00:00:00,62.65,77.58,150.14
2016-01-30 00:00:00,11.14,56.78,146.52
2016-01-31 00:00:00,14.89,3.26,58.6
2016-02-01 00:00:00,129.01,36.33,98.36
2016-02-02 00:00:00,70.91,34.6,177.74
2016-02-03 00:00:00,73.94,94.48,149.35
2016-02-04 00:00:00,0.0,79.4,202.46
2016-02-05 00:00:00,116.5,95.9,134.33
2016-02-06 00:00:00,119.18,72.14,192.61
2016-02-07 00:00:00,32.66,54.27,154.13
2016-02-08 00:00:00,22.73,49.27,111.5
2016-02-09 00:00:00,84.3,86.63,124.73
2016-02-10 00:00:00,13.18,59.27,131.84
2016-02-11 00:00:00,84.06,34.14,121.85
2016-02-12 00:00:00,58.64,74.99,195.52
2016-02-13 00:00:00,18.55,66.61,254.86
2016-02-14 00:00:00,275.26,181.29,534.27
2016-02-15 00:00:00,162.74,466.21,826.22
2016-02-16 00:00:00,189.86,408.84,749.03
2016-02-17 00:00:00,166.45,241.72,463.33
2016-02-18 00:00:00,363.22,197.05,615.48
2016-02-19 00:00:00,112.92,194.44,611.28
2016-02-20 00:00:00,14.26,165.29,238.07
2016-02-21 00:00:00,58.65,137.23,181.89
2016-02-22 00:00:00,290.89,160.03,408.79
2016-02-23 00:00:00,0.0,108.92,290.8
2016-02-24 00:00:00,0.0,115.84,154.69
2016-02-25 00:00:00,61.22,81.32,137.46
2016-02-26 00:00:00,264.55,120.83,303.17
2016-02-27 00:00:00,172.03,129.75,537.52
2016-02-28 00:00:00,51.15,162.61,336.23
2016-02-29 00:00:00,80.12,154.23,239.21
2016-03-01 00:00:00,162.84,136.41,326.74
2016-03-02 00:00:00,94.4,136.1,332.22
2016-03-03 00:00:00,115.34,117.41,200.14
2016-03-04 00:00:00,34.95,130.07,292.45
2016-03-05 00:00:00,54.8,151.92,180.91
2016-03-06 00:00:00,69.94,125.56,206.39
2016-03-07 00:00:00,35.47,106.73,178.48
2016-03-08 00:00:00,50.4,167.24,228.08
2016-03-09 00:00:00,188.79,112.66,264.21
2016-03-10 00:00:00,23.62,116.52,213.37
2016-03-11 00:00:00,173.76,114.83,188.17
2016-03-12 00:00:00,49.65,142.95,297.9
2016-03-13 00:00:00,30.61,62.04,128.65
2016-03-14 00:00:00,85.54,132.42,197.41
2016-03-15 00:00:00,291.84,150.67,351.34
2016-03-16 00:00:00,140.78,118.86,324.12
2016-03-17 00:00:00,357.24,119.17,431.06
2016-03-18 00:00:00,310.76,107.95,444.61
2016-03-19 00:00:00,144.41,65.01,327.68
2016-03-20 00:00:00,81.0,24.84,177.38
2016-03-21 00:00:00,24.13,111.02,186.65
2016-03-22 00:00:00,41.72,103.77,178.69
2016-03-23 00:00:00,68.39,85.1,141.24
2016-03-24 00:00:00,15.73,36.59,121.83
2016-03-25 00:00:00,47.16,41.23,72.21
2016-03-26 00:00:00,0.0,35.16,101.04
2016-03-27 00:00:00,,,70.69
2016-03-28 00:00:00,83.23,80.87,149.48
2016-03-29 00:00:00,24.82,72.75,111.43
2016-03-30 00:00:00,3.15,43.1,109.28
2016-03-31 00:00:00,20.15,44.97,82.96
2016-04-01 00:00:00,11.29,73.28,118.4
2016-04-02 00:00:00,34.75,2.98,60.08
2016-04-03 00:00:00,50.08,23.36,64.29
2016-04-04 00:00:00,89.17,8.31,99.35
2016-04-05 00:00:00,30.25,7.94,134.97
2016-04-06 00:00:00,48.04,10.34,109.33
2016-04-07 00:00:00,137.67,56.88,142.98
2016-04-08 00:00:00,200.29,102.69,243.13
2016-04-09 00:00:00,15.08,186.47,344.46
2016-04-10 00:00:00,15.46,68.99,127.87
2016-04-11 00:00:00,201.46,158.89,274.5
2016-04-12 00:00:00,285.46,182.02,563.91
2016-04-13 00:00:00,196.92,177.88,458.13
2016-04-14 00:00:00,88.67,106.33,236.99
2016-04-15 00:00:00,288.83,70.45,408.4
2016-04-16 00:00:00,137.5,96.38,386.43
2016-04-17 00:00:00,239.75,153.89,421.63
2016-04-18 00:00:00,173.21,141.29,491.43
2016-04-19 00:00:00,376.17,102.43,375.2
2016-04-20 00:00:00,528.42,173.79,750.94
2016-04-21 00:00:00,587.79,171.77,1056.14
2016-04-22 00:00:00,461.54,194.54,822.59
2016-04-23 00:00:00,314.25,191.4,781.11
2016-04-24 00:00:00,61.33,184.69,360.98
2016-04-25 00:00:00,150.13,190.64,409.55
2016-04-26 00:00:00,175.79,191.59,452.92
2016-04-27 00:00:00,245.25,191.98,454.09
2016-04-28 00:00:00,401.92,156.5,611.95
2016-04-29 00:00:00,440.67,163.48,548.5
2016-04-30 00:00:00,256.17,145.96,521.84
2016-05-01 00:00:00,130.04,150.7,296.16
2016-05-02 00:00:00,86.0,148.85,257.31
2016-05-03 00:00:00,197.13,102.36,286.17
2016-05-04 00:00:00,411.63,159.87,433.75
2016-05-05 00:00:00,394.25,169.83,695.77
2016-05-06 00:00:00,467.67,62.43,546.44
2016-05-07 00:00:00,313.96,39.32,560.72
2016-05-08 00:00:00,60.46,16.51,141.61
2016-05-09 00:00:00,580.5,580.16,1232.23
2016-05-10 00:00:00,738.88,568.15,1570.97
2016-05-11 00:00:00,964.63,470.39,1797.4
2016-05-12 00:00:00,1061.29,694.54,1926.28
2016-05-13 00:00:00,1193.83,488.58,1883.34
2016-05-14 00:00:00,1179.88,325.65,1736.69
2016-05-15 00:00:00,776.0,326.1,1394.46
2016-05-16 00:00:00,740.33,231.59,1157.83
2016-05-17 00:00:00,663.17,169.72,1006.56
2016-05-18 00:00:00,690.08,156.57,971.27
2016-05-19 00:00:00,541.04,161.18,888.88
2016-05-20 00:00:00,475.79,158.37,686.39
2016-05-21 00:00:00,367.25,171.67,678.24
2016-05-22 00:00:00,214.21,93.26,381.38
2016-05-23 00:00:00,291.42,176.18,435.1
2016-05-24 00:00:00,302.29,142.03,442.85
2016-05-25 00:00:00,303.17,157.59,492.22
2016-05-26 00:00:00,336.33,114.63,504.59
2016-05-27 00:00:00,222.38,84.19,400.06
2016-05-28 00:00:00,97.46,36.09,208.15
2016-05-29 00:00:00,60.63,25.94,115.66
2016-05-30 00:00:00,235.46,153.17,358.12
2016-05-31 00:00:00,103.25,90.7,240.72
2016-06-01 00:00:00,307.25,37.03,223.94
2016-06-02 00:00:00,402.17,22.33,427.14
2016-06-03 00:00:00,446.21,90.36,599.2
2016-06-04 00:00:00,216.0,88.62,345.43
2016-06-05 00:00:00,190.42,154.48,368.82
2016-06-06 00:00:00,260.0,74.69,329.95
2016-06-07 00:00:00,366.33,20.67,327.27
2016-06-08 00:00:00,334.63,11.61,351.56
2016-06-09 00:00:00,280.0,50.36,362.54
2016-06-10 00:00:00,339.29,5.19,324.18
2016-06-11 00:00:00,125.04,10.57,231.89
2016-06-12 00:00:00,156.75,9.03,172.26
2016-06-13 00:00:00,280.71,5.73,237.75
2016-06-14 00:00:00,224.79,0.0,291.31
2016-06-15 00:00:00,128.46,40.44,188.98
2016-06-16 00:00:00,318.88,44.67,209.42
2016-06-17 00:00:00,209.75,0.91,337.87
2016-06-18 00:00:00,87.17,20.54,183.35
2016-06-19 00:00:00,53.63,88.73,108.38
2016-06-20 00:00:00,399.0,48.36,278.45
2016-06-21 00:00:00,361.13,23.62,421.37
2016-06-22 00:00:00,179.83,64.01,318.79
2016-06-23 00:00:00,145.17,51.52,193.43
2016-06-24 00:00:00,171.58,60.22,221.8
2016-06-25 00:00:00,154.25,19.84,193.3
2016-06-26 00:00:00,160.29,24.94,180.22
2016-06-27 00:00:00,291.33,109.91,295.55
2016-06-28 00:00:00,341.75,108.1,447.38
2016-06-29 00:00:00,146.38,79.93,288.88
2016-06-30 00:00:00,249.33,35.33,218.81
2016-07-01 00:00:00,29.75,47.82,197.28
2016-07-02 00:00:00,52.21,16.99,82.77
2016-07-03 00:00:00,0.96,65.11,111.84
2016-07-04 00:00:00,65.83,60.97,88.29
2016-07-05 00:00:00,282.0,4.48,195.9
2016-07-06 00:00:00,332.67,7.04,273.28
2016-07-07 00:00:00,214.33,5.37,269.88
2016-07-08 00:00:00,312.71,53.13,306.44
2016-07-09 00:00:00,236.29,124.19,354.91
2016-07-10 00:00:00,243.54,66.38,277.2
2016-07-11 00:00:00,231.13,103.46,358.69
2016-07-12 00:00:00,158.58,42.59,260.05
2016-07-13 00:00:00,122.42,65.05,167.55
2016-07-14 00:00:00,171.79,16.68,167.36
2016-07-15 00:00:00,105.67,54.45,178.68
2016-07-16 00:00:00,91.79,110.73,183.8
2016-07-17 00:00:00,53.5,49.6,131.56
2016-07-18 00:00:00,225.54,18.67,160.41
2016-07-19 00:00:00,222.13,19.47,201.83
2016-07-20 00:00:00,273.75,60.86,334.54
2016-07-21 00:00:00,230.87,16.09,240.15
2016-07-22 00:00:00,151.63,26.14,217.52
2016-07-23 00:00:00,16.63,16.69,105.38
2016-07-24 00:00:00,27.04,22.25,
2016-07-25 00:00:00,127.79,43.49,103.99
2016-07-26 00:00:00,206.42,32.73,204.9
2016-07-27 00:00:00,206.58,38.62,208.42
2016-07-28 00:00:00,359.83,55.86,351.96
2016-07-29 00:00:00,231.58,83.38,343.1
2016-07-30 00:00:00,99.04,50.28,265.98
2016-07-31 00:00:00,67.79,0.0,99.15
2016-08-01 00:00:00,262.21,53.25,136.58
2016-08-02 00:00:00,346.54,55.39,400.86
2016-08-03 00:00:00,425.33,105.89,535.6
2016-08-04 00:00:00,452.88,36.61,517.45
2016-08-05 00:00:00,256.46,10.62,380.4
2016-08-06 00:00:00,126.04,18.56,201.31
2016-08-07 00:00:00,89.92,12.88,118.25
2016-08-08 00:00:00,220.67,67.56,176.78
2016-08-09 00:00:00,191.71,55.86,340.5
2016-08-10 00:00:00,24.13,1.79,101.47
2016-08-11 00:00:00,198.25,16.61,73.03
2016-08-12 00:00:00,234.54,17.01,279.29
2016-08-13 00:00:00,106.04,32.15,214.0
2016-08-14 00:00:00,53.42,10.38,118.93
2016-08-15 00:00:00,130.33,21.82,145.95
2016-08-16 00:00:00,194.92,4.84,90.57
2016-08-17 00:00:00,205.25,0.0,216.62
2016-08-18 00:00:00,246.04,6.01,217.14
2016-08-19 00:00:00,222.42,1.01,222.41
2016-08-20 00:00:00,100.0,0.0,194.28
2016-08-21 00:00:00,52.33,23.56,77.23
2016-08-22 00:00:00,171.67,9.83,97.44
2016-08-23 00:00:00,191.88,0.0,170.52
2016-08-24 00:00:00,199.21,14.04,216.04
2016-08-25 00:00:00,127.75,37.5,194.95
2016-08-26 00:00:00,159.33,10.51,158.87
2016-08-27 00:00:00,36.0,5.44,160.82
2016-08-28 00:00:00,40.33,0.0,72.22
2016-08-29 00:00:00,231.63,9.67,163.39
2016-08-30 00:00:00,211.17,0.0,213.46
2016-08-31 00:00:00,178.88,0.0,186.06
2016-09-01 00:00:00,200.46,2.32,192.01
2016-09-02 00:00:00,270.38,42.32,255.29
2016-09-03 00:00:00,66.38,41.91,241.25
2016-09-04 00:00:00,43.25,55.75,108.61
2016-09-05 00:00:00,340.79,112.61,348.3
2016-09-06 00:00:00,353.92,66.61,413.85
2016-09-07 00:00:00,342.0,49.25,558.77
2016-09-08 00:00:00,72.17,16.8,143.62
2016-09-09 00:00:00,95.71,25.3,114.18
2016-09-10 00:00:00,30.96,7.29,99.76
2016-09-11 00:00:00,65.21,13.89,61.66
2016-09-12 00:00:00,100.79,54.71,140.23
2016-09-13 00:00:00,91.0,43.51,163.58
2016-09-14 00:00:00,96.79,25.88,136.0
2016-09-15 00:00:00,37.88,23.26,125.47
2016-09-16 00:00:00,20.92,14.59,62.95
2016-09-17 00:00:00,24.71,4.26,56.64
2016-09-18 00:00:00,35.71,7.48,38.95
2016-09-19 00:00:00,23.38,21.94,70.8
2016-09-20 00:00:00,41.71,41.93,89.14
2016-09-21 00:00:00,198.38,23.46,163.19
2016-09-22 00:00:00,152.58,24.92,173.47
2016-09-23 00:00:00,279.38,20.13,258.02
2016-09-24 00:00:00,15.46,0.0,174.74
2016-09-25 00:00:00,50.96,14.28,
2016-09-26 00:00:00,102.67,57.33,111.02
2016-09-27 00:00:00,37.29,37.98,149.24
2016-09-28 00:00:00,36.5,51.85,79.17
2016-09-29 00:00:00,34.46,46.78,106.23
2016-09-30 00:00:00,87.71,44.78,125.87
2016-10-01 00:00:00,41.25,28.01,95.8
2016-10-02 00:00:00,51.42,31.36,74.51
2016-10-03 00:00:00,120.79,56.99,143.61
2016-10-04 00:00:00,79.04,43.94,158.92
2016-10-05 00:00:00,210.04,34.12,134.4
2016-10-06 00:00:00,295.75,30.42,304.83
2016-10-07 00:00:00,369.79,38.92,331.38
2016-10-08 00:00:00,69.46,21.62,260.93
2016-10-09 00:00:00,29.5,2.98,61.57
2016-10-10 00:00:00,404.92,14.45,262.73
2016-10-11 00:00:00,369.5,34.62,434.24
2016-10-12 00:00:00,297.0,23.64,292.89
2016-10-13 00:00:00,315.79,20.74,378.69
2016-10-14 00:00:00,332.5,4.21,314.17
2016-10-15 00:00:00,56.67,2.77,167.14
2016-10-16 00:00:00,110.0,22.06,70.56
2016-10-17 00:00:00,534.92,35.6,458.26
2016-10-18 00:00:00,541.04,49.89,628.08
2016-10-19 00:00:00,467.38,81.99,570.87
2016-10-20 00:00:00,484.63,24.78,527.9
2016-10-21 00:00:00,476.54,49.84,533.32
2016-10-22 00:00:00,470.29,34.05,602.29
2016-10-23 00:00:00,63.5,20.34,189.97
2016-10-24 00:00:00,364.17,71.76,305.78
2016-10-25 00:00:00,347.14,41.3,401.48
2016-10-26 00:00:00,287.92,45.25,323.24
2016-10-27 00:00:00,249.04,77.36,279.75
2016-10-28 00:00:00,270.63,26.07,356.1
2016-10-29 00:00:00,99.67,33.7,195.55
2016-10-30 00:00:00,66.67,33.59,135.2
2016-10-31 00:00:00,50.38,47.11,132.07
2016-11-01 00:00:00,69.71,35.03,78.95
2016-11-02 00:00:00,273.21,108.26,273.66
2016-11-03 00:00:00,311.5,26.17,305.29
2016-11-04 00:00:00,421.63,80.84,433.15
2016-11-05 00:00:00,36.42,21.48,300.84
2016-11-06 00:00:00,0.0,19.65,58.09
2016-11-07 00:00:00,31.83,80.14,90.42
2016-11-08 00:00:00,8.29,36.72,94.16
2016-11-09 00:00:00,45.96,24.05,52.92
2016-11-10 00:00:00,83.58,99.4,142.98
2016-11-11 00:00:00,50.0,57.34,139.29
2016-11-12 00:00:00,11.54,25.98,84.07
2016-11-13 00:00:00,9.42,14.8,45.02
2016-11-14 00:00:00,25.71,10.28,
2016-11-15 00:00:00,74.25,17.43,62.09
2016-11-16 00:00:00,270.92,1.13,
2016-11-17 00:00:00,224.63,18.98,257.13
2016-11-18 00:00:00,51.75,40.61,171.48
2016-11-19 00:00:00,0.0,0.0,
2016-11-20 00:00:00,0.0,0.0,
2016-11-21 00:00:00,114.83,4.34,
2016-11-22 00:00:00,63.59,38.09,153.62
2016-11-23 00:00:00,81.08,3.01,89.42
2016-11-24 00:00:00,158.96,21.64,97.34
2016-11-25 00:00:00,283.21,144.96,319.64
2016-11-26 00:00:00,475.04,100.45,581.59
2016-11-27 00:00:00,133.38,73.73,360.87
2016-11-28 00:00:00,211.73,103.75,226.33
2016-11-29 00:00:00,360.33,67.56,518.97
2016-11-30 00:00:00,104.38,2.58,191.66
2016-12-01 00:00:00,370.92,49.8,275.04
2016-12-02 00:00:00,497.46,2.15,557.33
2016-12-03 00:00:00,244.33,30.97,342.8
2016-12-04 00:00:00,38.08,25.5,197.76
2016-12-05 00:00:00,242.75,55.36,191.28
2016-12-06 00:00:00,267.41,29.81,327.42
2016-12-07 00:00:00,304.65,25.95,342.32
2016-12-08 00:00:00,48.79,42.87,229.83
2016-12-09 00:00:00,116.2,25.13,105.68
2016-12-10 00:00:00,155.17,37.31,149.58
2016-12-11 00:00:00,225.21,7.26,226.37
2016-12-12 00:00:00,437.75,6.15,374.18
2016-12-13 00:00:00,490.0,5.6,491.21
2016-12-14 00:00:00,479.63,6.12,504.02
2016-12-15 00:00:00,635.08,17.58,665.63
2016-12-16 00:00:00,422.54,3.56,629.32
2016-12-17 00:00:00,104.67,0.0,164.24
2016-12-18 00:00:00,134.38,17.12,99.14
2016-12-19 00:00:00,460.17,27.19,387.4
2016-12-20 00:00:00,485.33,22.45,624.73
2016-12-21 00:00:00,332.17,45.32,396.12
2016-12-22 00:00:00,436.42,48.06,504.49
2016-12-23 00:00:00,331.13,20.68,431.65
2016-12-24 00:00:00,41.46,5.34,198.46
2016-12-25 00:00:00,66.13,0.0,48.75
2016-12-26 00:00:00,12.46,40.62,97.98
2016-12-27 00:00:00,113.58,74.79,85.39
2016-12-28 00:00:00,0.0,25.97,141.28
2016-12-29 00:00:00,35.25,18.1,
2016-12-30 00:00:00,69.0,15.62,62.85
2016-12-31 00:00:00,73.17,15.08,121.39
2017-01-01 00:00:00,37.47,15.44,110.66
2017-01-02 00:00:00,95.66,0.0,62.05
2017-01-03 00:00:00,196.64,54.12,202.73
2017-01-04 00:00:00,84.26,47.95,220.62
2017-01-05 00:00:00,164.37,109.19,211.87
2017-01-06 00:00:00,105.98,71.21,226.17
2017-01-07 00:00:00,159.74,28.13,171.86
2017-01-08 00:00:00,80.9,21.08,213.78
2017-01-09 00:00:00,313.63,52.84,228.69
2017-01-10 00:00:00,174.75,49.73,295.3
2017-01-11 00:00:00,248.23,63.73,237.99
2017-01-12 00:00:00,226.68,58.51,322.8
2017-01-13 00:00:00,96.55,38.23,189.35
2017-01-14 00:00:00,56.69,71.44,125.9
2017-01-15 00:00:00,93.93,88.89,173.06
2017-01-16 00:00:00,129.93,89.78,145.33
2017-01-17 00:00:00,198.52,28.84,168.61
2017-01-18 00:00:00,408.69,24.74,340.29
2017-01-19 00:00:00,565.47,97.92,679.41
2017-01-20 00:00:00,455.51,53.25,533.18
2017-01-21 00:00:00,104.06,168.92,479.18
2017-01-22 00:00:00,80.66,104.27,176.68
2017-01-23 00:00:00,310.26,129.21,305.4
2017-01-24 00:00:00,442.29,132.53,498.45
2017-01-25 00:00:00,484.4,115.16,620.08
2017-01-26 00:00:00,520.61,151.9,657.62
2017-01-27 00:00:00,218.77,123.69,491.4
2017-01-28 00:00:00,81.68,81.35,219.01
2017-01-29 00:00:00,22.03,48.26,143.51
2017-01-30 00:00:00,39.61,122.89,130.76
2017-01-31 00:00:00,46.09,173.47,194.44
2017-02-01 00:00:00,30.31,86.89,181.27
2017-02-02 00:00:00,207.26,32.27,156.03
2017-02-03 00:00:00,81.81,131.5,242.06
2017-02-04 00:00:00,176.44,139.7,288.3
2017-02-05 00:00:00,161.68,141.36,304.94
2017-02-06 00:00:00,58.52,84.07,261.63
2017-02-07 00:00:00,16.95,82.02,156.91
2017-02-08 00:00:00,29.25,65.4,113.82
2017-02-09 00:00:00,233.29,45.16,199.71
2017-02-10 00:00:00,271.53,154.8,345.54
2017-02-11 00:00:00,272.78,102.77,493.83
2017-02-12 00:00:00,178.42,73.82,238.52
2017-02-13 00:00:00,454.48,39.69,494.22
2017-02-14 00:00:00,276.02,140.63,679.94
2017-02-15 00:00:00,218.4,52.91,251.71
2017-02-16 00:00:00,182.5,90.35,392.57
2017-02-17 00:00:00,215.22,104.12,328.39
2017-02-18 00:00:00,93.93,29.54,284.55
2017-02-19 00:00:00,23.69,43.69,143.84
2017-02-20 00:00:00,25.13,74.13,136.33
2017-02-21 00:00:00,8.55,30.41,76.71
2017-02-22 00:00:00,75.52,89.85,87.64
2017-02-23 00:00:00,69.97,86.99,170.44
2017-02-24 00:00:00,30.39,85.39,162.26
2017-02-25 00:00:00,148.34,11.14,70.02
2017-02-26 00:00:00,140.37,23.47,228.19
2017-02-27 00:00:00,40.72,0.0,97.52
2017-02-28 00:00:00,117.37,0.0,56.96
2017-03-01 00:00:00,163.25,12.86,152.88
2017-03-02 00:00:00,273.34,23.9,221.99
2017-03-03 00:00:00,235.16,15.6,276.93
2017-03-04 00:00:00,192.51,95.7,242.99
2017-03-05 00:00:00,88.26,47.07,262.67
2017-03-06 00:00:00,187.95,92.78,203.64
2017-03-07 00:00:00,181.84,19.76,244.38
2017-03-08 00:00:00,252.48,40.72,282.21
2017-03-09 00:00:00,215.49,10.09,235.57
2017-03-10 00:00:00,143.25,29.12,243.1
2017-03-11 00:00:00,70.81,0.0,149.37
2017-03-12 00:00:00,41.68,0.0,83.81
2017-03-13 00:00:00,91.55,27.81,62.28
2017-03-14 00:00:00,178.1,32.68,143.1
2017-03-15 00:00:00,285.83,38.54,251.66
2017-03-16 00:00:00,232.65,33.36,275.01
2017-03-17 00:00:00,196.08,35.38,299.29
2017-03-18 00:00:00,250.08,46.07,210.16
2017-03-19 00:00:00,150.29,53.94,279.89
2017-03-20 00:00:00,270.57,19.39,229.34
2017-03-21 00:00:00,262.69,35.51,300.1
2017-03-22 00:00:00,272.34,43.51,278.47
2017-03-23 00:00:00,288.57,78.66,332.87
2017-03-24 00:00:00,581.69,108.19,666.77
2017-03-25 00:00:00,311.59,82.92,476.95
2017-03-26 00:00:00,162.47,55.84,336.62
2017-03-27 00:00:00,340.5,96.03,364.06
2017-03-28 00:00:00,332.59,37.11,468.85
2017-03-29 00:00:00,328.86,1.08,371.92
2017-03-30 00:00:00,245.9,4.9,396.51
2017-03-31 00:00:00,222.52,25.21,270.95
2017-04-01 00:00:00,65.05,27.8,80.07
2017-04-02 00:00:00,55.09,26.1,116.26
2017-04-03 00:00:00,308.63,39.89,235.02
2017-04-04 00:00:00,94.44,25.01,233.08
2017-04-05 00:00:00,72.58,31.27,102.54
2017-04-06 00:00:00,38.63,29.91,102.85
2017-04-07 00:00:00,149.31,39.67,147.15
2017-04-08 00:00:00,67.2,59.03,162.39
2017-04-09 00:00:00,50.33,16.44,112.82
2017-04-10 00:00:00,207.15,20.02,119.33
2017-04-11 00:00:00,637.52,2.74,596.37
2017-04-12 00:00:00,572.62,65.28,659.25
2017-04-13 00:00:00,75.92,66.67,426.63
2017-04-14 00:00:00,33.78,14.55,64.09
2017-04-15 00:00:00,14.17,0.0,43.54
2017-04-16 00:00:00,10.22,3.05,35.85
2017-04-17 00:00:00,156.58,62.71,174.25
2017-04-18 00:00:00,27.87,30.45,93.44
2017-04-19 00:00:00,35.86,7.42,56.05
2017-04-20 00:00:00,33.14,3.14,49.59
2017-04-21 00:00:00,52.03,14.03,68.96
2017-04-22 00:00:00,93.37,11.12,72.85
2017-04-23 00:00:00,122.31,14.87,127.99
2017-04-24 00:00:00,323.85,14.42,201.05
2017-04-25 00:00:00,156.79,15.74,309.69
2017-04-26 00:00:00,164.27,18.54,150.41
2017-04-27 00:00:00,170.66,2.72,154.31
2017-04-28 00:00:00,174.96,9.96,146.2
2017-04-29 00:00:00,58.16,5.21,158.68
2017-04-30 00:00:00,21.49,4.94,54.19
2017-05-01 00:00:00,52.53,25.68,54.4
2017-05-02 00:00:00,297.83,0.0,216.49
2017-05-03 00:00:00,312.3,18.03,264.32
2017-05-04 00:00:00,215.53,0.0,217.41
2017-05-05 00:00:00,112.2,0.0,208.43
2017-05-06 00:00:00,42.24,0.0,94.9
2017-05-07 00:00:00,81.8,0.0,104.02
2017-05-08 00:00:00,95.15,0.41,73.36
2017-05-09 00:00:00,144.15,10.68,199.49
2017-05-10 00:00:00,25.14,0.78,93.93
2017-05-11 00:00:00,42.43,9.46,60.21
2017-05-12 00:00:00,20.03,7.13,72.11
2017-05-13 00:00:00,36.25,8.6,62.22
2017-05-14 00:00:00,61.21,1.78,53.85
2017-05-15 00:00:00,208.69,6.44,94.22
2017-05-16 00:00:00,213.31,39.31,304.65
2017-05-17 00:00:00,26.64,38.27,166.11
2017-05-18 00:00:00,26.52,1.32,43.87
2017-05-19 00:00:00,17.34,0.0,45.1
2017-05-20 00:00:00,53.44,3.25,
2017-05-21 00:00:00,0.0,0.0,47.37
2017-05-22 00:00:00,117.0,24.37,79.07
2017-05-23 00:00:00,36.97,14.33,100.72
2017-05-24 00:00:00,47.1,18.38,73.38
2017-05-25 00:00:00,152.08,7.09,101.84
2017-05-26 00:00:00,121.57,0.0,160.68
2017-05-27 00:00:00,41.66,0.0,74.89
2017-05-28 00:00:00,48.18,4.75,82.28
2017-05-29 00:00:00,162.8,0.0,102.26
2017-05-30 00:00:00,105.99,20.81,166.87
2017-05-31 00:00:00,152.57,1.89,90.8
2017-06-01 00:00:00,177.78,18.48,166.35
2017-06-02 00:00:00,182.9,6.81,236.01
2017-06-03 00:00:00,30.32,10.65,87.6
2017-06-04 00:00:00,15.89,0.0,62.1
2017-06-05 00:00:00,2.6,5.44,43.92
2017-06-06 00:00:00,23.58,0.0,
2017-06-07 00:00:00,17.16,18.43,
2017-06-08 00:00:00,14.37,7.07,41.4
2017-06-09 00:00:00,46.47,37.36,
2017-06-10 00:00:00,42.39,5.65,66.35
2017-06-11 00:00:00,60.32,4.61,59.73
2017-06-12 00:00:00,183.47,45.57,126.79
2017-06-13 00:00:00,66.34,52.77,157.76
2017-06-14 00:00:00,215.79,36.62,189.27
2017-06-15 00:00:00,39.41,18.63,147.48
2017-06-16 00:00:00,93.9,0.0,70.3
2017-06-17 00:00:00,102.37,26.72,91.24
2017-06-18 00:00:00,26.82,35.0,100.96
2017-06-19 00:00:00,120.02,31.61,108.46
2017-06-20 00:00:00,95.73,9.21,103.37
2017-06-21 00:00:00,197.16,10.99,150.3
2017-06-22 00:00:00,31.72,1.91,128.19
2017-06-23 00:00:00,109.76,6.79,63.78
2017-06-24 00:00:00,2.29,19.46,89.02
2017-06-25 00:00:00,58.01,43.59,
2017-06-26 00:00:00,26.11,11.84,89.56
2017-06-27 00:00:00,42.0,2.74,49.24
2017-06-28 00:00:00,38.49,0.0,51.28
2017-06-29 00:00:00,0.0,0.0,
2017-06-30 00:00:00,11.47,5.2,
2017-07-01 00:00:00,41.73,23.45,
2017-07-02 00:00:00,29.57,31.86,59.4
2017-07-03 00:00:00,22.81,9.15,65.28
2017-07-04 00:00:00,11.55,32.46,51.19
2017-07-05 00:00:00,26.05,52.93,59.18
2017-07-06 00:00:00,3.75,22.93,69.74
2017-07-07 00:00:00,28.21,0.0,
2017-07-08 00:00:00,0.0,0.0,
2017-07-09 00:00:00,3.46,0.0,
2017-07-10 00:00:00,24.8,9.05,
2017-07-11 00:00:00,25.39,4.26,
2017-07-12 00:00:00,31.22,29.09,
2017-07-13 00:00:00,62.2,19.45,62.64
2017-07-14 00:00:00,16.37,0.0,
2017-07-15 00:00:00,0.0,4.88,
2017-07-16 00:00:00,27.5,1.51,
2017-07-17 00:00:00,8.18,0.0,
2017-07-18 00:00:00,11.51,5.04,
2017-07-19 00:00:00,11.44,2.34,
2017-07-20 00:00:00,13.52,39.75,
2017-07-21 00:00:00,21.62,19.73,54.99
2017-07-22 00:00:00,9.17,0.0,
2017-07-23 00:00:00,16.1,4.46,
2017-07-24 00:00:00,22.49,13.91,
2017-07-25 00:00:00,16.7,50.78,
2017-07-26 00:00:00,33.34,79.37,80.5
2017-07-27 00:00:00,15.43,77.42,109.77
2017-07-28 00:00:00,7.64,49.88,73.87
2017-07-29 00:00:00,11.88,17.22,42.33
2017-07-30 00:00:00,13.58,2.96,
2017-07-31 00:00:00,18.19,9.16,
2017-08-01 00:00:00,122.09,32.64,88.02
2017-08-02 00:00:00,22.38,13.11,89.67
2017-08-03 00:00:00,83.86,59.68,70.28
2017-08-04 00:00:00,60.6,56.29,128.64
2017-08-05 00:00:00,71.97,7.14,102.97
2017-08-06 00:00:00,9.33,0.0,
2017-08-07 00:00:00,22.1,0.0,
2017-08-08 00:00:00,19.33,0.0,
2017-08-09 00:00:00,13.89,0.0,
2017-08-10 00:00:00,30.01,6.31,
2017-08-11 00:00:00,63.94,26.09,79.44
2017-08-12 00:00:00,16.32,8.21,62.93
2017-08-13 00:00:00,9.4,0.0,
2017-08-14 00:00:00,34.0,11.85,
2017-08-15 00:00:00,34.66,3.18,69.5
2017-08-16 00:00:00,28.75,28.88,
2017-08-17 00:00:00,14.06,37.89,63.94
2017-08-18 00:00:00,22.63,15.77,50.07
2017-08-19 00:00:00,12.87,0.0,
2017-08-20 00:00:00,13.28,6.86,
2017-08-21 00:00:00,24.36,77.94,131.59
2017-08-22 00:00:00,17.01,43.94,74.96
2017-08-23 00:00:00,20.29,31.79,65.24
2017-08-24 00:00:00,27.56,22.54,48.98
2017-08-25 00:00:00,10.78,23.1,50.85
2017-08-26 00:00:00,14.26,3.98,
2017-08-27 00:00:00,16.86,25.36,
2017-08-28 00:00:00,14.48,67.82,80.36
2017-08-29 00:00:00,10.7,35.06,68.69
2017-08-30 00:00:00,47.3,24.61,
2017-08-31 00:00:00,34.95,9.09,56.76
2017-09-01 00:00:00,10.88,0.0,
2017-09-02 00:00:00,30.03,8.78,
2017-09-03 00:00:00,11.98,5.93,
2017-09-04 00:00:00,6.81,42.8,
2017-09-05 00:00:00,13.74,48.82,66.29
2017-09-06 00:00:00,7.54,25.29,
2017-09-07 00:00:00,14.16,32.21,
2017-09-08 00:00:00,8.97,52.27,80.68
2017-09-09 00:00:00,11.84,3.7,
2017-09-10 00:00:00,16.45,81.5,
2017-09-11 00:00:00,0.26,10.94,
2017-09-12 00:00:00,18.01,8.49,
2017-09-13 00:00:00,25.05,13.29,42.23
2017-09-14 00:00:00,0.0,0.0,
2017-09-15 00:00:00,0.0,2.18,
2017-09-16 00:00:00,0.94,9.05,
2017-09-17 00:00:00,15.28,34.87,
2017-09-18 00:00:00,23.66,41.48,58.93
2017-09-19 00:00:00,22.48,34.66,67.7
2017-09-20 00:00:00,66.02,33.74,60.76
2017-09-21 00:00:00,95.83,52.23,136.12
2017-09-22 00:00:00,16.94,9.99,
2017-09-23 00:00:00,20.97,31.57,68.3
2017-09-24 00:00:00,15.89,5.85,
2017-09-25 00:00:00,18.97,4.75,
2017-09-26 00:00:00,19.69,81.48,83.92
2017-09-27 00:00:00,14.34,87.38,98.0
2017-09-28 00:00:00,14.74,44.53,80.29
2017-09-29 00:00:00,15.4,38.82,62.58
2017-09-30 00:00:00,44.39,45.02,64.88
2017-10-01 00:00:00,18.9,3.22,
2017-10-02 00:00:00,64.58,66.48,
2017-10-03 00:00:00,20.07,68.43,117.48
2017-10-04 00:00:00,39.92,29.1,51.02
2017-10-05 00:00:00,11.08,28.04,76.64
2017-10-06 00:00:00,30.21,10.55,50.26
2017-10-07 00:00:00,18.81,4.2,41.27
2017-10-08 00:00:00,80.87,16.24,38.95
2017-10-09 00:00:00,47.78,15.72,103.37
2017-10-10 00:00:00,50.8,25.06,90.96
2017-10-11 00:00:00,3.01,1.56,39.48
2017-10-12 00:00:00,20.01,1.39,
2017-10-13 00:00:00,36.88,0.0,
2017-10-14 00:00:00,7.26,0.0,53.5
2017-10-15 00:00:00,18.94,0.0,
2017-10-16 00:00:00,21.37,4.87,
2017-10-17 00:00:00,16.78,0.0,
2017-10-18 00:00:00,1.19,16.61,
2017-10-19 00:00:00,4.31,2.09,
2017-10-20 00:00:00,25.01,21.67,40.89
2017-10-21 00:00:00,31.13,22.28,53.54
2017-10-22 00:00:00,9.75,22.66,
2017-10-23 00:00:00,1.91,27.11,60.8
2017-10-24 00:00:00,28.76,15.84,44.47
2017-10-25 00:00:00,22.93,16.88,47.53
2017-10-26 00:00:00,11.45,3.1,35.85
2017-10-27 00:00:00,34.6,0.0,
2017-10-28 00:00:00,9.29,0.0,
2017-10-29 00:00:00,59.2,0.0,
2017-10-30 00:00:00,8.07,0.0,77.65
2017-10-31 00:00:00,18.78,21.24,41.71
2017-11-01 00:00:00,3.68,0.0,
2017-11-02 00:00:00,24.08,13.04,
2017-11-03 00:00:00,27.47,15.71,49.26
2017-11-04 00:00:00,4.48,0.0,54.03
2017-11-05 00:00:00,13.08,0.0,
2017-11-06 00:00:00,11.4,7.51,
2017-11-07 00:00:00,23.78,19.36,46.67
2017-11-08 00:00:00,30.97,41.83,59.66
2017-11-09 00:00:00,109.61,3.56,56.03
2017-11-10 00:00:00,,,113.18
2017-11-11 00:00:00,53.79,0.86,70.03
2017-11-12 00:00:00,16.0,0.0,44.83
2017-11-13 00:00:00,19.52,0.0,
2017-11-14 00:00:00,54.53,0.0,
2017-11-15 00:00:00,141.2,33.59,
2017-11-16 00:00:00,209.73,2.75,148.95
2017-11-17 00:00:00,,,105.79
2017-11-18 00:00:00,92.8,4.73,74.6
2017-11-19 00:00:00,60.53,0.0,
2017-11-20 00:00:00,265.89,17.86,
2017-11-21 00:00:00,76.92,21.9,147.38
2017-11-22 00:00:00,258.99,1.71,101.27
2017-11-23 00:00:00,78.41,0.0,
2017-11-24 00:00:00,111.92,0.0,
2017-11-25 00:00:00,49.62,0.0,
2017-11-26 00:00:00,40.93,2.18,
2017-11-27 00:00:00,281.59,32.45,
2017-11-28 00:00:00,211.08,38.41,195.51
2017-11-29 00:00:00,180.24,8.49,174.27
2017-11-30 00:00:00,79.27,0.0,
2017-12-01 00:00:00,48.29,0.0,76.14
2017-12-02 00:00:00,88.21,13.27,60.04
2017-12-03 00:00:00,27.4,5.85,100.48
2017-12-04 00:00:00,67.82,15.28,73.71
2017-12-05 00:00:00,283.83,29.39,189.27
2017-12-06 00:00:00,451.44,12.42,454.79
2017-12-07 00:00:00,172.52,6.57,286.77
2017-12-08 00:00:00,144.74,0.0,172.13
2017-12-09 00:00:00,41.06,0.0,72.68
2017-12-10 00:00:00,90.1,7.63,81.91
2017-12-11 00:00:00,36.44,57.9,130.15
2017-12-12 00:00:00,55.47,20.4,106.29
2017-12-13 00:00:00,0.0,0.0,60.51
2017-12-14 00:00:00,8.74,0.0,
2017-12-15 00:00:00,6.32,0.0,
2017-12-16 00:00:00,0.0,0.0,
2017-12-17 00:00:00,13.93,0.0,
2017-12-18 00:00:00,13.84,0.0,
2017-12-19 00:00:00,33.39,9.55,
2017-12-20 00:00:00,25.68,12.39,46.3
2017-12-21 00:00:00,11.89,49.9,61.36
2017-12-22 00:00:00,5.66,0.0,
2017-12-23 00:00:00,9.05,6.1,40.97
2017-12-24 00:00:00,2.18,21.34,47.18
2017-12-25 00:00:00,0.0,4.25,45.38
2017-12-26 00:00:00,16.55,7.73,43.63
2017-12-27 00:00:00,8.38,22.54,45.82
2017-12-28 00:00:00,13.38,17.85,55.68
2017-12-29 00:00:00,9.38,32.87,61.21
2017-12-30 00:00:00,6.19,39.07,57.46
2017-12-31 00:00:00,13.0,4.82,66.87
2018-01-01 00:00:00,24.51,1.85,35.3
2018-01-02 00:00:00,0.0,13.23,
2018-01-03 00:00:00,15.54,12.0,48.1
2018-01-04 00:00:00,23.82,0.0,
2018-01-05 00:00:00,14.03,24.67,
2018-01-06 00:00:00,19.05,0.0,
2018-01-07 00:00:00,21.62,14.63,42.0
2018-01-08 00:00:00,75.4,116.35,120.69
2018-01-09 00:00:00,1.19,1.94,126.21
2018-01-10 00:00:00,28.85,0.0,
2018-01-11 00:00:00,19.97,0.0,
2018-01-12 00:00:00,0.0,0.0,
2018-01-13 00:00:00,17.65,0.0,
2018-01-14 00:00:00,10.19,0.0,39.15
2018-01-15 00:00:00,11.79,0.0,44.17
2018-01-16 00:00:00,25.28,0.0,41.54
2018-01-17 00:00:00,21.68,2.67,38.78
2018-01-18 00:00:00,33.04,27.5,56.04
2018-01-19 00:00:00,46.91,14.31,76.67
2018-01-20 00:00:00,31.9,0.0,62.71
2018-01-21 00:00:00,39.3,0.0,53.84
2018-01-22 00:00:00,59.91,7.58,80.02
2018-01-23 00:00:00,53.91,1.76,56.54
2018-01-24 00:00:00,95.62,9.64,108.36
2018-01-25 00:00:00,137.32,6.26,140.42
2018-01-26 00:00:00,64.04,22.4,122.85
2018-01-27 00:00:00,0.0,2.81,63.85
2018-01-28 00:00:00,14.37,0.0,
2018-01-29 00:00:00,35.43,4.04,39.91
2018-01-30 00:00:00,35.32,30.55,54.9
2018-01-31 00:00:00,197.27,25.16,116.53
2018-02-01 00:00:00,89.93,16.56,214.93
2018-02-02 00:00:00,33.6,13.21,78.92
2018-02-03 00:00:00,44.84,20.66,75.83
2018-02-04 00:00:00,101.94,14.5,76.78
2018-02-05 00:00:00,204.34,11.12,167.17
2018-02-06 00:00:00,206.05,22.4,248.82
2018-02-07 00:00:00,281.23,18.21,250.51
2018-02-08 00:00:00,361.48,9.06,318.18
2018-02-09 00:00:00,266.17,8.6,437.89
2018-02-10 00:00:00,41.49,12.74,98.59
2018-02-11 00:00:00,42.87,12.7,73.6
2018-02-12 00:00:00,74.21,12.71,73.35
2018-02-13 00:00:00,29.17,12.45,87.91
2018-02-14 00:00:00,28.77,13.06,50.3
2018-02-15 00:00:00,55.16,11.88,68.65
2018-02-16 00:00:00,61.08,12.07,54.86
2018-02-17 00:00:00,105.8,12.52,137.37
2018-02-18 00:00:00,8.92,12.51,90.45
2018-02-19 00:00:00,61.8,12.54,46.09
2018-02-20 00:00:00,26.03,12.57,69.75
2018-02-21 00:00:00,29.92,12.56,52.54
2018-02-22 00:00:00,14.99,12.57,53.04
2018-02-23 00:00:00,60.33,12.55,42.97
2018-02-24 00:00:00,56.66,12.58,79.65
2018-02-25 00:00:00,76.35,12.6,71.36
2018-02-26 00:00:00,367.29,13.95,160.33
2018-02-27 00:00:00,447.87,94.04,494.68
2018-02-28 00:00:00,490.67,12.45,514.06
2018-03-01 00:00:00,159.58,12.17,571.23
2018-03-02 00:00:00,228.18,34.41,279.75
2018-03-03 00:00:00,223.37,47.53,334.61
2018-03-04 00:00:00,404.33,14.71,505.1
2018-03-05 00:00:00,377.34,34.96,534.87
2018-03-06 00:00:00,410.36,71.09,627.64
2018-03-07 00:00:00,291.48,94.26,492.34
2018-03-08 00:00:00,450.67,129.8,647.42
2018-03-09 00:00:00,362.74,180.54,687.5
2018-03-10 00:00:00,1474.09,84.47,1951.19
2018-03-11 00:00:00,681.5,95.81,1443.11
2018-03-12 00:00:00,637.15,170.57,973.0
2018-03-13 00:00:00,962.72,163.55,1324.16
2018-03-14 00:00:00,910.36,174.87,1311.19
2018-03-15 00:00:00,1184.53,181.81,1844.0
2018-03-16 00:00:00,788.58,187.48,1438.92
2018-03-17 00:00:00,952.83,182.71,1320.66
2018-03-18 00:00:00,1162.08,183.58,1695.42
2018-03-19 00:00:00,688.46,182.31,1272.8
2018-03-20 00:00:00,771.02,194.96,1180.21
2018-03-21 00:00:00,687.9,188.15,1094.04
2018-03-22 00:00:00,769.73,189.18,1133.7
2018-03-23 00:00:00,664.66,189.29,1014.16
2018-03-24 00:00:00,261.69,158.07,668.64
2018-03-25 00:00:00,,,642.64
2018-03-26 00:00:00,484.93,194.43,688.79
2018-03-27 00:00:00,548.66,191.23,781.56
2018-03-28 00:00:00,246.62,186.9,652.16
2018-03-29 00:00:00,191.54,185.79,507.42
2018-03-30 00:00:00,0.0,179.97,230.99
2018-03-31 00:00:00,50.67,187.51,201.71
2018-04-01 00:00:00,43.11,195.37,241.03
2018-04-02 00:00:00,38.58,185.14,264.84
2018-04-03 00:00:00,0.0,185.45,209.9
2018-04-04 00:00:00,31.23,188.27,201.36
2018-04-05 00:00:00,296.33,160.2,387.53
2018-04-06 00:00:00,160.62,168.74,366.68
2018-04-07 00:00:00,140.93,178.24,290.84
2018-04-08 00:00:00,60.4,138.56,278.65
2018-04-09 00:00:00,68.15,156.21,304.48
2018-04-10 00:00:00,149.47,97.2,237.63
2018-04-11 00:00:00,334.07,125.92,484.56
2018-04-12 00:00:00,563.83,165.51,618.26
2018-04-13 00:00:00,696.55,180.66,1153.33
2018-04-14 00:00:00,147.31,186.28,651.28
2018-04-15 00:00:00,43.98,177.2,249.36
2018-04-16 00:00:00,66.31,173.73,315.68
2018-04-17 00:00:00,119.45,114.75,203.66
2018-04-18 00:00:00,104.01,121.97,252.95
2018-04-19 00:00:00,297.32,113.42,261.7
2018-04-20 00:00:00,330.68,120.05,502.07
2018-04-21 00:00:00,395.5,70.97,340.54
2018-04-22 00:00:00,486.69,125.31,678.65
2018-04-23 00:00:00,534.77,126.04,573.26
2018-04-24 00:00:00,609.87,84.01,694.24
2018-04-25 00:00:00,632.15,63.58,757.45
2018-04-26 00:00:00,440.63,111.46,455.51
2018-04-27 00:00:00,414.48,106.09,581.91
2018-04-28 00:00:00,135.72,65.8,356.83
2018-04-29 00:00:00,17.86,10.46,100.15
2018-04-30 00:00:00,28.27,113.05,116.82
2018-05-01 00:00:00,11.0,49.32,85.51
2018-05-02 00:00:00,0.0,142.53,152.8
2018-05-03 00:00:00,73.95,47.95,93.13
2018-05-04 00:00:00,87.89,56.81,147.39
2018-05-05 00:00:00,4.24,21.97,71.22
2018-05-06 00:00:00,19.51,53.04,71.58
2018-05-07 00:00:00,336.92,38.54,171.77
2018-05-08 00:00:00,355.35,45.32,474.42
2018-05-09 00:00:00,151.31,18.82,174.13
2018-05-10 00:00:00,159.6,12.48,122.94
2018-05-11 00:00:00,421.54,4.28,255.47
2018-05-12 00:00:00,156.24,4.32,325.59
2018-05-13 00:00:00,0.0,0.0,55.76
2018-05-14 00:00:00,13.06,3.42,37.03
2018-05-15 00:00:00,40.75,7.74,50.07
2018-05-16 00:00:00,21.12,8.59,44.29
2018-05-17 00:00:00,70.52,5.29,40.57
2018-05-18 00:00:00,275.88,4.78,134.88
2018-05-19 00:00:00,339.82,7.18,402.1
2018-05-20 00:00:00,211.94,9.83,130.76
2018-05-21 00:00:00,347.14,14.7,263.47
2018-05-22 00:00:00,265.63,70.73,336.67
2018-05-23 00:00:00,385.79,47.4,342.81
2018-05-24 00:00:00,81.84,85.73,263.98
2018-05-25 00:00:00,151.49,21.34,126.43
2018-05-26 00:00:00,69.19,52.12,171.8
2018-05-27 00:00:00,13.89,59.31,87.25
2018-05-28 00:00:00,193.99,57.87,153.33
2018-05-29 00:00:00,296.16,127.68,303.79
2018-05-30 00:00:00,69.86,96.0,257.19
2018-05-31 00:00:00,51.09,48.06,101.86
2018-06-01 00:00:00,19.61,53.17,95.41
2018-06-02 00:00:00,65.36,6.69,61.78
2018-06-03 00:00:00,24.35,6.29,88.21
2018-06-04 00:00:00,47.08,58.73,69.78
2018-06-05 00:00:00,47.2,65.99,102.79
2018-06-06 00:00:00,47.33,59.25,102.97
2018-06-07 00:00:00,131.44,53.78,109.21
2018-06-08 00:00:00,83.54,89.57,167.19
2018-06-09 00:00:00,12.12,18.08,93.89
2018-06-10 00:00:00,0.0,11.21,50.94
2018-06-11 00:00:00,104.91,28.2,76.39
2018-06-12 00:00:00,35.05,32.49,90.87
2018-06-13 00:00:00,40.82,15.77,59.49
2018-06-14 00:00:00,22.2,79.31,89.52
2018-06-15 00:00:00,194.19,29.08,127.73
2018-06-16 00:00:00,106.48,49.13,214.48
2018-06-17 00:00:00,77.11,47.06,112.56
2018-06-18 00:00:00,304.52,54.68,207.12
2018-06-19 00:00:00,165.22,130.51,344.79
2018-06-20 00:00:00,472.95,85.35,448.27
2018-06-21 00:00:00,427.8,68.39,539.1
2018-06-22 00:00:00,392.7,64.85,392.34
2018-06-23 00:00:00,234.31,38.43,377.24
2018-06-24 00:00:00,112.68,82.1,202.34
2018-06-25 00:00:00,368.55,61.64,263.38
2018-06-26 00:00:00,414.12,44.06,486.02
2018-06-27 00:00:00,526.72,67.87,611.64
2018-06-28 00:00:00,384.18,59.98,523.36
2018-06-29 00:00:00,414.94,23.07,324.84
2018-06-30 00:00:00,161.03,25.07,330.42
2018-07-01 00:00:00,298.03,23.19,254.12
2018-07-02 00:00:00,305.2,36.93,275.89
2018-07-03 00:00:00,340.29,26.36,349.05
2018-07-04 00:00:00,334.66,28.06,350.68
2018-07-05 00:00:00,171.52,27.32,262.87
2018-07-06 00:00:00,270.13,41.53,214.23
2018-07-07 00:00:00,148.51,17.66,238.02
2018-07-08 00:00:00,25.59,20.69,101.44
2018-07-09 00:00:00,139.08,89.01,127.01
2018-07-10 00:00:00,201.87,97.41,259.97
2018-07-11 00:00:00,225.13,88.42,282.19
2018-07-12 00:00:00,332.93,84.42,355.4
2018-07-13 00:00:00,252.52,85.89,365.79
2018-07-14 00:00:00,40.28,59.8,201.44
2018-07-15 00:00:00,11.48,31.59,76.06
2018-07-16 00:00:00,23.61,49.8,52.49
2018-07-17 00:00:00,21.78,93.41,104.74
2018-07-18 00:00:00,92.97,98.8,125.69
2018-07-19 00:00:00,331.86,73.98,275.61
2018-07-20 00:00:00,194.43,37.34,299.67
2018-07-21 00:00:00,54.84,55.97,153.14
2018-07-22 00:00:00,12.6,21.9,
2018-07-23 00:00:00,318.78,54.67,165.42
2018-07-24 00:00:00,386.6,74.87,434.09
2018-07-25 00:00:00,365.98,67.31,407.52
2018-07-26 00:00:00,449.12,52.28,521.81
2018-07-27 00:00:00,308.16,31.27,310.07
2018-07-28 00:00:00,366.06,70.69,363.0
2018-07-29 00:00:00,73.4,37.98,278.75
2018-07-30 00:00:00,210.61,36.16,145.07
2018-07-31 00:00:00,173.44,26.85,200.92
2018-08-01 00:00:00,69.27,74.27,160.03
2018-08-02 00:00:00,92.08,83.14,127.47
2018-08-03 00:00:00,387.3,36.23,280.33
2018-08-04 00:00:00,401.06,38.94,465.73
2018-08-05 00:00:00,231.88,34.82,241.0
2018-08-06 00:00:00,296.2,60.06,323.8
2018-08-07 00:00:00,140.96,40.64,261.61
2018-08-08 00:00:00,166.32,14.25,123.66
2018-08-09 00:00:00,16.37,25.16,126.39
2018-08-10 00:00:00,33.65,20.82,57.19
2018-08-11 00:00:00,167.04,26.01,81.39
2018-08-12 00:00:00,96.34,1.54,194.84
2018-08-13 00:00:00,144.29,8.53,69.7
2018-08-14 00:00:00,140.86,4.28,139.73
2018-08-15 00:00:00,76.35,19.64,109.76
2018-08-16 00:00:00,218.14,6.58,176.21
2018-08-17 00:00:00,128.45,9.43,137.68
2018-08-18 00:00:00,87.81,15.26,105.35
2018-08-19 00:00:00,55.86,28.95,99.89
2018-08-20 00:00:00,221.05,54.91,149.75
2018-08-21 00:00:00,312.33,43.26,279.46
2018-08-22 00:00:00,289.49,74.16,338.82
2018-08-23 00:00:00,320.63,61.01,447.45
2018-08-24 00:00:00,267.71,31.71,214.4
2018-08-25 00:00:00,33.14,44.06,216.16
2018-08-26 00:00:00,58.54,36.59,65.44
2018-08-27 00:00:00,271.14,38.8,181.25
2018-08-28 00:00:00,233.42,74.99,315.81
2018-08-29 00:00:00,183.23,34.05,256.35
2018-08-30 00:00:00,326.8,14.37,215.42
2018-08-31 00:00:00,314.72,20.39,311.97
2018-09-01 00:00:00,17.12,17.94,214.9
2018-09-02 00:00:00,242.27,47.46,98.99
2018-09-03 00:00:00,304.29,66.9,365.07
2018-09-04 00:00:00,260.93,57.64,349.42
2018-09-05 00:00:00,241.79,65.74,325.15
2018-09-06 00:00:00,165.42,10.38,182.78
2018-09-07 00:00:00,83.66,34.76,156.13
2018-09-08 00:00:00,248.29,12.41,132.05
2018-09-09 00:00:00,195.13,24.33,226.05
2018-09-10 00:00:00,330.29,9.38,236.61
2018-09-11 00:00:00,368.05,46.55,396.18
2018-09-12 00:00:00,450.31,27.8,424.01
2018-09-13 00:00:00,500.04,56.58,569.73
2018-09-14 00:00:00,428.3,58.14,520.36
2018-09-15 00:00:00,23.55,0.0,242.96
2018-09-16 00:00:00,87.66,23.55,36.08
2018-09-17 00:00:00,94.0,26.75,139.33
2018-09-18 00:00:00,130.88,66.28,200.67
2018-09-19 00:00:00,448.0,43.35,381.44
2018-09-20 00:00:00,490.55,80.59,567.35
2018-09-21 00:00:00,344.84,84.49,454.05
2018-09-22 00:00:00,121.07,62.26,337.76
2018-09-23 00:00:00,7.68,48.22,73.92
2018-09-24 00:00:00,149.46,51.77,153.74
2018-09-25 00:00:00,77.84,63.98,137.69
2018-09-26 00:00:00,94.84,89.59,192.7
2018-09-27 00:00:00,142.21,103.39,191.42
2018-09-28 00:00:00,169.07,81.42,337.44
2018-09-29 00:00:00,29.35,34.03,111.49
2018-09-30 00:00:00,0.47,22.76,68.19
2018-10-01 00:00:00,27.47,28.63,69.45
2018-10-02 00:00:00,108.04,42.2,91.49
2018-10-03 00:00:00,337.94,48.87,231.39
2018-10-04 00:00:00,393.33,58.56,349.72
2018-10-05 00:00:00,58.2,45.82,257.73
2018-10-06 00:00:00,0.0,3.63,60.15
2018-10-07 00:00:00,8.26,11.74,41.54
2018-10-08 00:00:00,20.36,0.0,32.22
2018-10-09 00:00:00,4.15,10.75,35.07
2018-10-10 00:00:00,,,37.93
2018-10-11 00:00:00,5.14,9.35,35.55
2018-10-12 00:00:00,18.74,6.93,34.59
2018-10-13 00:00:00,14.0,0.0,32.33
2018-10-14 00:00:00,14.08,6.81,29.94
2018-10-15 00:00:00,16.71,11.68,41.41
2018-10-16 00:00:00,125.43,11.99,43.1
2018-10-17 00:00:00,235.5,21.56,221.89
2018-10-18 00:00:00,26.29,39.71,124.79
2018-10-19 00:00:00,13.3,67.93,83.28
2018-10-20 00:00:00,14.15,21.58,63.28
2018-10-21 00:00:00,19.03,18.48,43.57
2018-10-22 00:00:00,29.47,22.3,
2018-10-23 00:00:00,13.41,30.51,
2018-10-24 00:00:00,66.2,37.81,
2018-10-25 00:00:00,307.95,42.85,
2018-10-26 00:00:00,230.4,42.36,
2018-10-27 00:00:00,33.12,24.07,
2018-10-28 00:00:00,5.0,30.47,
2018-10-29 00:00:00,23.78,12.46,
2018-10-30 00:00:00,210.04,24.09,
2018-10-31 00:00:00,306.19,70.55,
2018-11-01 00:00:00,22.99,64.39,
2018-11-02 00:00:00,10.38,21.18,
2018-11-03 00:00:00,19.44,14.54,
2018-11-04 00:00:00,0.0,10.48,
2018-11-05 00:00:00,18.67,36.32,
2018-11-06 00:00:00,8.93,21.25,
2018-11-07 00:00:00,17.91,72.42,
2018-11-08 00:00:00,13.14,97.96,
2018-11-09 00:00:00,31.75,85.92,
2018-11-10 00:00:00,26.68,49.56,
2018-11-11 00:00:00,58.32,55.98,94.44
2018-11-12 00:00:00,256.77,76.74,
2018-11-13 00:00:00,,,207.42
2018-11-14 00:00:00,,,202.96
2018-11-15 00:00:00,66.84,108.61,163.59
2018-11-16 00:00:00,23.35,112.51,152.28
2018-11-17 00:00:00,27.23,46.81,77.88
2018-11-18 00:00:00,14.95,47.86,64.46
2018-11-19 00:00:00,157.59,139.51,172.36
2018-11-20 00:00:00,181.49,117.42,263.86
2018-11-21 00:00:00,170.06,136.21,257.24
2018-11-22 00:00:00,170.65,148.88,
2018-11-23 00:00:00,107.31,118.06,245.74
2018-11-24 00:00:00,16.52,56.41,114.8
2018-11-25 00:00:00,36.44,36.54,68.43
2018-11-26 00:00:00,139.8,52.6,156.36
2018-11-27 00:00:00,155.79,66.46,191.05
2018-11-28 00:00:00,108.08,52.27,
2018-11-29 00:00:00,92.36,79.42,
2018-11-30 00:00:00,44.07,35.77,
2018-12-01 00:00:00,22.01,49.09,
2018-12-02 00:00:00,11.44,6.72,
2018-12-03 00:00:00,147.16,14.78,
2018-12-04 00:00:00,361.02,38.9,
2018-12-05 00:00:00,68.18,75.05,
2018-12-06 00:00:00,10.18,70.0,
2018-12-09 00:00:00,0.29,27.7,
2018-12-10 00:00:00,70.42,79.17,
2018-12-11 00:00:00,277.54,90.66,
2018-12-12 00:00:00,399.78,93.03,
2018-12-13 00:00:00,96.85,47.44,
2018-12-14 00:00:00,117.48,47.03,
2018-12-15 00:00:00,22.06,41.94,
2018-12-16 00:00:00,14.22,23.41,
2018-12-17 00:00:00,252.26,68.69,
2018-12-18 00:00:00,90.26,53.47,
2018-12-19 00:00:00,92.95,108.21,186.34
2018-12-20 00:00:00,129.98,86.76,184.64
2018-12-21 00:00:00,44.78,62.95,146.87
2018-12-22 00:00:00,86.92,96.6,132.75
2018-12-23 00:00:00,130.33,80.92,169.73
2018-12-24 00:00:00,58.37,99.79,194.19
2018-12-25 00:00:00,30.34,47.08,126.39
2018-12-26 00:00:00,72.21,64.71,113.62
2018-12-27 00:00:00,248.89,89.87,190.63
2018-12-28 00:00:00,138.49,95.95,239.13
2018-12-29 00:00:00,39.66,35.31,131.65
2018-12-30 00:00:00,7.16,47.68,99.13
2018-12-31 00:00:00,34.77,70.22,100.62
2019-01-01 00:00:00,7.71,40.02,84.39
2019-01-02 00:00:00,47.53,22.25,
2019-01-03 00:00:00,280.19,35.93,
2019-01-04 00:00:00,382.94,25.26,
2019-01-05 00:00:00,208.12,2.71,
2019-01-06 00:00:00,74.15,4.57,
2019-01-07 00:00:00,150.66,0.0,
2019-01-08 00:00:00,192.73,9.33,
2019-01-09 00:00:00,103.38,23.5,
2019-01-10 00:00:00,115.39,29.65,
2019-01-11 00:00:00,202.52,6.36,
2019-01-12 00:00:00,49.85,2.24,
2019-01-13 00:00:00,89.19,14.31,73.95
2019-01-14 00:00:00,216.29,0.47,169.34
2019-01-15 00:00:00,303.51,0.0,177.63
2019-01-16 00:00:00,295.38,2.01,259.68
2019-01-17 00:00:00,176.62,61.29,233.95
2019-01-18 00:00:00,477.05,89.9,333.06
2019-01-19 00:00:00,370.21,81.82,416.93
2019-01-20 00:00:00,34.82,0.0,174.95
2019-01-21 00:00:00,294.44,72.54,177.63
2019-01-22 00:00:00,233.61,28.61,263.39
2019-01-23 00:00:00,66.3,17.69,157.88
2019-01-24 00:00:00,39.2,1.48,80.27
2019-01-25 00:00:00,67.28,0.0,74.82
2019-01-26 00:00:00,25.3,0.0,84.2
2019-01-27 00:00:00,7.14,0.0,51.73
2019-01-28 00:00:00,100.41,0.0,36.31
2019-01-29 00:00:00,42.27,16.82,90.92
2019-01-30 00:00:00,32.7,21.35,93.95
2019-01-31 00:00:00,0.0,6.29,65.24
2019-02-01 00:00:00,55.94,0.0,72.87
2019-02-02 00:00:00,40.45,0.0,86.42
2019-02-03 00:00:00,43.46,24.21,103.74
2019-02-04 00:00:00,0.2,16.35,97.63
2019-02-05 00:00:00,10.91,23.32,60.11
2019-02-06 00:00:00,31.67,15.89,61.18
2019-02-07 00:00:00,0.0,14.57,82.66
2019-02-08 00:00:00,51.7,3.2,42.9
2019-02-09 00:00:00,11.91,0.0,63.78
2019-02-10 00:00:00,30.24,5.52,46.61
2019-02-11 00:00:00,14.16,0.0,62.41
2019-02-12 00:00:00,35.81,11.72,43.05
2019-02-13 00:00:00,18.68,16.81,69.48
2019-02-14 00:00:00,24.94,2.28,53.49
2019-02-15 00:00:00,62.64,42.79,81.94
2019-02-16 00:00:00,62.4,12.93,112.39
2019-02-17 00:00:00,12.82,0.0,62.44
2019-02-18 00:00:00,112.26,5.64,50.03
2019-02-19 00:00:00,93.58,19.45,139.45
2019-02-20 00:00:00,64.88,3.84,118.41
2019-02-21 00:00:00,77.43,13.42,72.03
2019-02-22 00:00:00,0.0,22.96,100.68
2019-02-23 00:00:00,28.82,5.54,55.29
2019-02-24 00:00:00,22.77,0.0,50.36
2019-02-25 00:00:00,77.62,13.39,53.8
2019-02-26 00:00:00,63.88,10.23,105.16
2019-02-27 00:00:00,47.71,44.03,114.98
2019-02-28 00:00:00,38.66,39.16,112.34
2019-03-01 00:00:00,23.68,24.87,78.62
2019-03-02 00:00:00,36.87,1.59,50.36
2019-03-03 00:00:00,0.0,0.0,55.05
2019-03-04 00:00:00,15.59,38.35,50.67
2019-03-05 00:00:00,0.0,8.17,59.13
2019-03-06 00:00:00,17.78,11.68,49.27
2019-03-07 00:00:00,16.91,28.75,74.33
2019-03-08 00:00:00,26.39,38.33,80.65
2019-03-09 00:00:00,12.41,17.76,63.2
2019-03-10 00:00:00,12.61,0.0,58.79
2019-03-11 00:00:00,25.71,22.45,53.24
2019-03-12 00:00:00,26.36,6.24,71.45
2019-03-13 00:00:00,14.12,0.0,54.67
2019-03-14 00:00:00,20.38,1.64,40.46
2019-03-15 00:00:00,29.84,28.16,46.0
2019-03-16 00:00:00,25.09,1.48,80.11
2019-03-17 00:00:00,5.04,0.0,39.48
2019-03-18 00:00:00,15.93,17.36,50.91
2019-03-19 00:00:00,37.72,8.23,42.51
2019-03-20 00:00:00,8.75,4.0,66.79
2019-03-21 00:00:00,37.58,21.48,39.69
2019-03-22 00:00:00,13.18,31.54,81.12
2019-03-23 00:00:00,25.84,0.0,63.16
2019-03-24 00:00:00,24.46,0.0,35.86
2019-03-25 00:00:00,19.05,0.0,40.5
2019-03-26 00:00:00,10.39,3.19,51.23
2019-03-27 00:00:00,37.68,26.48,59.66
2019-03-28 00:00:00,48.82,20.46,76.17
2019-03-29 00:00:00,12.56,0.0,90.54
2019-03-30 00:00:00,15.78,0.0,41.7
2019-03-31 00:00:00,,,34.59
2019-04-01 00:00:00,121.71,36.38,76.53
2019-04-02 00:00:00,42.0,55.98,143.21
2019-04-03 00:00:00,66.66,5.2,64.63
2019-04-04 00:00:00,78.94,43.5,147.91
2019-04-05 00:00:00,62.77,60.77,97.97
2019-04-06 00:00:00,12.36,0.0,89.36
2019-04-07 00:00:00,6.07,31.14,72.67
2019-04-08 00:00:00,20.29,5.08,42.65
2019-04-09 00:00:00,11.69,0.0,37.39
2019-04-10 00:00:00,20.57,0.01,36.54
2019-04-11 00:00:00,18.57,22.93,59.32
2019-04-12 00:00:00,22.82,39.65,91.61
2019-04-13 00:00:00,34.96,0.96,42.54
2019-04-14 00:00:00,17.63,12.61,64.17
2019-04-15 00:00:00,12.64,9.89,54.81
2019-04-16 00:00:00,0.0,18.4,49.99
2019-04-17 00:00:00,121.29,19.63,87.1
2019-04-18 00:00:00,119.45,0.0,97.37
2019-04-19 00:00:00,45.2,0.0,126.85
2019-04-20 00:00:00,16.52,0.0,57.84
2019-04-21 00:00:00,16.59,1.87,36.36
2019-04-22 00:00:00,52.85,61.58,134.66
2019-04-23 00:00:00,0.0,5.17,58.99
2019-04-24 00:00:00,4.19,0.0,44.43
2019-04-25 00:00:00,8.49,0.0,52.74
2019-04-26 00:00:00,4.66,0.0,50.36
2019-04-27 00:00:00,25.06,0.0,45.79
2019-04-28 00:00:00,5.12,0.0,51.79
2019-04-29 00:00:00,8.28,0.0,41.86
2019-04-30 00:00:00,18.15,2.68,40.68
2019-05-01 00:00:00,5.14,0.0,38.51
2019-05-02 00:00:00,14.33,22.47,46.42
2019-05-03 00:00:00,26.93,13.79,58.64
2019-05-04 00:00:00,21.67,4.85,46.8
2019-05-05 00:00:00,10.14,6.32,39.05
2019-05-06 00:00:00,74.5,30.07,83.57
2019-05-07 00:00:00,16.51,9.35,67.92
2019-05-08 00:00:00,9.34,0.0,47.37
2019-05-09 00:00:00,73.09,0.0,64.08
2019-05-10 00:00:00,57.26,7.32,74.29
2019-05-11 00:00:00,0.0,0.0,70.11
2019-05-12 00:00:00,10.23,2.7,36.73
2019-05-13 00:00:00,17.37,11.3,39.25
2019-05-14 00:00:00,15.27,35.4,65.37
2019-05-15 00:00:00,46.89,30.49,79.41
2019-05-16 00:00:00,31.92,20.38,83.06
2019-05-17 00:00:00,8.79,0.0,45.31
2019-05-18 00:00:00,20.37,2.93,37.48
2019-05-19 00:00:00,9.05,0.0,34.35
2019-05-20 00:00:00,24.94,31.55,48.36
2019-05-21 00:00:00,30.07,39.31,67.67
2019-05-22 00:00:00,35.13,18.13,60.6
2019-05-23 00:00:00,8.45,12.93,67.59
2019-05-24 00:00:00,18.92,0.0,36.2
2019-05-25 00:00:00,8.47,0.0,32.37
2019-05-26 00:00:00,19.25,0.0,31.75
2019-05-27 00:00:00,5.74,2.45,31.3
2019-05-28 00:00:00,14.85,8.46,66.74
2019-05-29 00:00:00,19.85,2.29,41.88
2019-05-30 00:00:00,27.61,19.43,50.59
2019-05-31 00:00:00,28.36,5.22,41.12
2019-06-01 00:00:00,72.06,0.0,40.25
2019-06-02 00:00:00,26.63,25.66,90.16
2019-06-03 00:00:00,0.0,14.54,55.06
2019-06-04 00:00:00,12.87,0.0,34.69
2019-06-05 00:00:00,4.83,1.92,32.51
2019-06-06 00:00:00,16.72,2.67,36.24
2019-06-07 00:00:00,9.37,38.67,62.05
2019-06-08 00:00:00,15.49,0.0,35.78
2019-06-09 00:00:00,31.0,2.98,33.04
2019-06-10 00:00:00,4.55,0.0,36.18
2019-06-11 00:00:00,3.14,4.37,36.68
2019-06-12 00:00:00,83.0,5.42,43.07
2019-06-13 00:00:00,27.03,16.8,86.63
2019-06-14 00:00:00,27.82,45.49,91.37
2019-06-15 00:00:00,59.71,0.0,41.04
2019-06-16 00:00:00,163.38,19.27,
2019-06-17 00:00:00,108.75,4.19,
2019-06-18 00:00:00,80.01,0.0,
2019-06-19 00:00:00,345.19,14.17,
2019-06-20 00:00:00,223.87,7.23,
2019-06-21 00:00:00,181.21,23.85,
2019-06-22 00:00:00,221.47,15.67,
2019-06-23 00:00:00,79.62,24.42,
2019-06-24 00:00:00,33.39,0.0,
2019-06-25 00:00:00,227.02,13.45,
2019-06-26 00:00:00,219.03,15.2,
2019-06-27 00:00:00,269.89,5.23,
2019-06-28 00:00:00,430.12,13.01,
2019-06-29 00:00:00,206.72,15.63,
2019-06-30 00:00:00,109.32,9.73,
2019-07-01 00:00:00,216.07,6.42,
2019-07-02 00:00:00,234.19,2.64,
2019-07-03 00:00:00,229.95,21.82,
2019-07-04 00:00:00,226.43,13.19,
2019-07-05 00:00:00,145.93,29.86,208.82
2019-07-06 00:00:00,60.64,1.61,76.64
2019-07-07 00:00:00,27.96,0.0,67.82
2019-07-08 00:00:00,9.87,0.0,35.52
2019-07-09 00:00:00,11.56,0.0,31.68
2019-07-10 00:00:00,48.66,28.23,50.6
2019-07-11 00:00:00,91.55,17.4,72.97
2019-07-12 00:00:00,102.66,33.22,131.97
2019-07-13 00:00:00,36.62,2.26,104.41
2019-07-14 00:00:00,25.95,2.47,53.41
2019-07-15 00:00:00,103.6,15.22,48.11
2019-07-16 00:00:00,263.92,11.65,214.55
2019-07-17 00:00:00,240.28,3.98,233.98
2019-07-18 00:00:00,205.48,23.68,191.86
2019-07-19 00:00:00,217.44,11.03,213.64
2019-07-20 00:00:00,84.8,7.97,120.91
2019-07-21 00:00:00,6.0,23.25,75.63
2019-07-22 00:00:00,166.3,9.4,
2019-07-23 00:00:00,218.55,25.96,
2019-07-24 00:00:00,332.9,13.8,
2019-07-25 00:00:00,187.57,22.3,219.4
2019-07-26 00:00:00,152.68,0.0,168.6
2019-07-27 00:00:00,5.97,0.0,75.54
2019-07-28 00:00:00,24.53,1.58,56.87
2019-07-29 00:00:00,11.15,2.25,44.92
2019-07-30 00:00:00,12.99,2.43,34.3
2019-07-31 00:00:00,13.51,0.0,31.49
2019-08-01 00:00:00,76.45,6.3,39.88
2019-08-02 00:00:00,16.59,41.47,93.86
2019-08-03 00:00:00,20.38,5.01,48.66
2019-08-04 00:00:00,29.57,11.31,40.66
2019-08-05 00:00:00,16.94,48.62,76.26
2019-08-06 00:00:00,41.67,78.62,104.99
2019-08-07 00:00:00,109.83,23.16,117.36
2019-08-08 00:00:00,5.78,0.0,71.71
2019-08-09 00:00:00,28.73,0.0,33.26
2019-08-10 00:00:00,13.78,0.0,31.48
2019-08-11 00:00:00,0.0,0.0,30.66
2019-08-12 00:00:00,10.12,0.0,29.8
2019-08-13 00:00:00,37.0,12.66,34.93
2019-08-14 00:00:00,56.68,20.96,53.68
2019-08-15 00:00:00,57.46,5.47,88.0
2019-08-16 00:00:00,21.34,19.21,77.85
2019-08-17 00:00:00,16.57,2.78,41.03
2019-08-18 00:00:00,22.93,5.45,42.12
2019-08-19 00:00:00,25.86,29.51,69.85
2019-08-20 00:00:00,9.23,2.67,38.22
2019-08-21 00:00:00,12.05,2.91,36.36
2019-08-22 00:00:00,17.27,10.37,33.1
2019-08-23 00:00:00,62.68,19.58,44.32
2019-08-24 00:00:00,12.09,0.0,70.82
2019-08-25 00:00:00,11.23,2.69,33.21
2019-08-26 00:00:00,88.06,83.42,94.25
2019-08-27 00:00:00,77.23,79.04,145.12
2019-08-28 00:00:00,120.07,38.76,135.34
2019-08-29 00:00:00,164.25,44.06,144.08
2019-08-30 00:00:00,240.48,8.65,217.25
2019-08-31 00:00:00,231.62,0.0,225.52
2019-09-01 00:00:00,65.2,0.0,140.74
2019-09-02 00:00:00,215.37,0.0,108.41
2019-09-03 00:00:00,443.73,47.15,328.04
2019-09-04 00:00:00,320.82,17.94,392.26
2019-09-05 00:00:00,138.9,3.33,155.23
2019-09-06 00:00:00,237.28,0.0,156.41
2019-09-07 00:00:00,388.29,16.18,285.97
2019-09-08 00:00:00,103.62,6.63,243.12
2019-09-09 00:00:00,490.1,11.67,310.01
2019-09-10 00:00:00,265.21,0.0,
2019-09-11 00:00:00,244.02,14.56,
2019-09-12 00:00:00,378.91,15.93,
2019-09-13 00:00:00,295.45,6.19,
2019-09-14 00:00:00,94.95,10.18,
2019-09-15 00:00:00,49.23,12.1,
2019-09-16 00:00:00,202.97,84.37,
2019-09-17 00:00:00,181.66,27.17,
2019-09-18 00:00:00,131.07,38.32,
2019-09-19 00:00:00,49.45,71.79,159.14
2019-09-20 00:00:00,62.67,13.21,89.91
2019-09-21 00:00:00,45.45,2.92,77.58
2019-09-22 00:00:00,56.45,13.72,66.29
2019-09-23 00:00:00,98.66,36.75,132.9
2019-09-24 00:00:00,69.86,18.92,117.82
2019-09-25 00:00:00,72.54,30.17,94.93
2019-09-26 00:00:00,18.08,55.08,106.58
2019-09-27 00:00:00,37.67,9.89,59.55
2019-09-28 00:00:00,31.02,18.22,62.63
2019-09-29 00:00:00,38.54,3.66,53.49
2019-09-30 00:00:00,47.56,82.11,100.05
2019-10-01 00:00:00,9.64,21.66,89.78
2019-10-02 00:00:00,18.46,32.37,61.54
2019-10-03 00:00:00,30.03,38.88,69.23
2019-10-04 00:00:00,23.15,70.22,101.69
2019-10-05 00:00:00,3.24,23.24,66.04
2019-10-06 00:00:00,13.78,17.1,48.69
2019-10-07 00:00:00,26.04,61.42,81.5
2019-10-08 00:00:00,14.38,86.8,109.27
2019-10-09 00:00:00,0.0,7.08,52.56
2019-10-10 00:00:00,31.29,30.77,47.62
2019-10-11 00:00:00,0.0,0.0,52.29
2019-10-12 00:00:00,10.25,0.0,32.93
2019-10-13 00:00:00,0.0,0.0,32.57
2019-10-14 00:00:00,11.66,4.68,38.41
2019-10-15 00:00:00,21.65,18.27,42.57
2019-10-16 00:00:00,12.25,11.77,43.85
2019-10-17 00:00:00,8.19,38.17,74.07
2019-10-18 00:00:00,10.27,13.13,45.31
2019-10-19 00:00:00,11.64,7.75,43.03
2019-10-20 00:00:00,9.44,0.0,36.62
2019-10-21 00:00:00,0.0,80.84,79.28
2019-10-22 00:00:00,10.3,38.57,85.43
2019-10-23 00:00:00,11.31,57.13,78.08
2019-10-24 00:00:00,2.31,20.68,51.96
2019-10-25 00:00:00,9.24,26.13,55.93
2019-10-26 00:00:00,12.48,16.34,48.73
2019-10-27 00:00:00,12.41,9.63,45.33
2019-10-28 00:00:00,0.0,86.45,86.96
2019-10-29 00:00:00,10.08,97.27,108.92
2019-10-30 00:00:00,0.0,54.14,85.57
2019-10-31 00:00:00,2.9,28.47,69.52
2019-11-01 00:00:00,18.9,0.0,45.42
2019-11-02 00:00:00,0.0,0.0,35.55
2019-11-03 00:00:00,10.36,0.0,35.32
2019-11-04 00:00:00,41.17,11.6,37.17
2019-11-05 00:00:00,0.0,26.81,62.42
2019-11-06 00:00:00,13.0,0.0,40.6
2019-11-07 00:00:00,14.83,0.0,31.09
2019-11-08 00:00:00,0.0,8.01,31.78
2019-11-09 00:00:00,10.5,11.05,38.82
2019-11-10 00:00:00,10.67,10.71,41.97
2019-11-11 00:00:00,13.06,17.34,43.53
2019-11-12 00:00:00,14.33,29.06,60.67
2019-11-13 00:00:00,29.71,22.8,65.29
2019-11-14 00:00:00,6.48,7.84,34.2
2019-11-15 00:00:00,12.43,11.99,41.41
2019-11-16 00:00:00,0.0,7.37,46.14
2019-11-17 00:00:00,18.99,0.0,33.7
2019-11-18 00:00:00,15.88,21.4,37.88
2019-11-19 00:00:00,43.7,148.1,119.48
2019-11-20 00:00:00,0.0,127.92,145.69
2019-11-21 00:00:00,32.09,26.4,77.62
2019-11-22 00:00:00,86.47,0.0,89.2
2019-11-23 00:00:00,47.31,5.11,92.46
2019-11-24 00:00:00,47.96,2.78,81.83
2019-11-25 00:00:00,133.76,0.0,134.14
2019-11-26 00:00:00,104.88,0.0,116.73
2019-11-27 00:00:00,181.21,0.0,140.41
2019-11-28 00:00:00,98.67,24.82,172.51
2019-11-29 00:00:00,112.45,88.08,194.84
2019-11-30 00:00:00,19.02,0.0,90.8
2019-12-01 00:00:00,70.68,17.61,54.69
2019-12-02 00:00:00,42.38,12.34,102.64
2019-12-03 00:00:00,128.23,29.33,115.07
2019-12-04 00:00:00,152.49,19.1,165.91
2019-12-05 00:00:00,355.09,12.59,227.81
2019-12-06 00:00:00,154.47,41.1,257.4
2019-12-07 00:00:00,56.16,13.47,170.91
2019-12-08 00:00:00,22.12,14.93,58.51
2019-12-09 00:00:00,64.81,16.51,58.82
2019-12-10 00:00:00,116.23,119.55,189.41
2019-12-11 00:00:00,50.88,31.68,130.35
2019-12-12 00:00:00,21.95,15.22,74.08
2019-12-13 00:00:00,60.53,63.93,103.58
2019-12-14 00:00:00,35.46,83.93,128.6
2019-12-15 00:00:00,14.29,44.21,99.82
2019-12-16 00:00:00,24.09,78.77,122.19
2019-12-17 00:00:00,143.36,70.5,199.9
2019-12-18 00:00:00,157.7,71.02,223.75
2019-12-19 00:00:00,102.88,134.48,225.33
2019-12-20 00:00:00,1436.44,129.65,2189.77
2019-12-21 00:00:00,1219.53,879.83,2851.56
2019-12-22 00:00:00,506.89,977.23,1921.15
2019-12-23 00:00:00,58.27,193.84,473.89
2019-12-24 00:00:00,11.39,192.25,258.39
2019-12-25 00:00:00,0.0,145.51,221.26
2019-12-26 00:00:00,52.06,177.09,222.17
2019-12-27 00:00:00,74.22,127.44,222.74
2019-12-28 00:00:00,12.19,128.17,246.78
2019-12-29 00:00:00,0.0,115.74,169.89
2019-12-30 00:00:00,33.79,124.75,171.51
2019-12-31 00:00:00,56.37,126.05,197.87
2020-01-01 00:00:00,0.0,126.56,170.92
2020-01-02 00:00:00,85.45,127.36,165.44
2020-01-03 00:00:00,4.5,127.41,213.53
2020-01-04 00:00:00,3.11,120.13,149.45
2020-01-05 00:00:00,21.08,109.16,133.03
2020-01-06 00:00:00,25.55,122.17,157.24
2020-01-07 00:00:00,29.95,125.47,150.7
2020-01-08 00:00:00,86.19,119.75,149.6
2020-01-09 00:00:00,154.35,145.63,252.06
2020-01-10 00:00:00,369.23,126.17,326.75
2020-01-11 00:00:00,24.63,144.89,294.48
2020-01-12 00:00:00,109.04,173.81,177.03
2020-01-13 00:00:00,236.4,100.19,299.75
2020-01-14 00:00:00,266.12,128.34,305.41
2020-01-15 00:00:00,36.53,103.56,206.5
2020-01-16 00:00:00,18.02,108.74,154.57
2020-01-17 00:00:00,70.22,127.68,144.76
2020-01-18 00:00:00,17.83,113.61,185.06
2020-01-19 00:00:00,105.62,105.77,186.66
2020-01-20 00:00:00,137.54,80.15,166.69
2020-01-21 00:00:00,44.57,158.67,246.11
2020-01-22 00:00:00,425.91,114.4,298.83
2020-01-23 00:00:00,264.76,90.08,410.22
2020-01-24 00:00:00,296.31,147.87,338.13
2020-01-25 00:00:00,188.9,124.26,326.75
2020-01-26 00:00:00,16.83,159.38,294.45
2020-01-27 00:00:00,51.82,86.55,147.74
2020-01-28 00:00:00,54.41,113.43,157.73
2020-01-29 00:00:00,119.19,151.93,227.92
2020-01-30 00:00:00,12.2,135.03,224.46
2020-01-31 00:00:00,46.0,132.58,189.27
2020-02-01 00:00:00,,156.8,189.9
2020-02-02 00:00:00,93.44,149.69,239.39
2020-02-03 00:00:00,55.26,160.77,238.71
2020-02-04 00:00:00,28.72,121.53,216.94
2020-02-05 00:00:00,65.35,131.96,145.01
2020-02-06 00:00:00,252.44,154.73,269.2
2020-02-07 00:00:00,254.04,142.15,401.76
2020-02-08 00:00:00,28.55,148.01,229.48
2020-02-09 00:00:00,31.57,135.55,171.26
2020-02-10 00:00:00,84.23,134.78,157.51
2020-02-11 00:00:00,86.27,175.0,229.98
2020-02-12 00:00:00,166.23,181.7,305.52
2020-02-13 00:00:00,0.0,188.01,207.78
2020-02-14 00:00:00,100.36,171.1,183.3
2020-02-15 00:00:00,26.75,174.27,209.06
2020-02-16 00:00:00,10.02,135.74,146.57
2020-02-17 00:00:00,35.68,134.58,141.48
2020-02-18 00:00:00,37.57,181.54,179.2
2020-02-19 00:00:00,158.35,165.72,195.58
2020-02-20 00:00:00,192.78,187.21,294.43
2020-02-21 00:00:00,121.89,179.72,288.54
2020-02-22 00:00:00,53.64,114.02,187.17
2020-02-23 00:00:00,163.25,132.16,205.41
2020-02-24 00:00:00,186.49,136.26,264.91
2020-02-25 00:00:00,5.94,139.39,188.86
2020-02-26 00:00:00,76.23,139.54,148.03
2020-02-27 00:00:00,95.65,140.85,193.05
2020-02-28 00:00:00,33.95,182.42,215.8
2020-02-29 00:00:00,13.05,95.3,129.95
2020-03-01 00:00:00,9.69,135.69,144.63
2020-03-02 00:00:00,34.02,98.34,116.59
2020-03-03 00:00:00,82.86,116.25,132.0
2020-03-04 00:00:00,132.08,143.29,259.07
2020-03-05 00:00:00,22.39,98.37,160.26
2020-03-06 00:00:00,30.09,102.23,123.64
2020-03-07 00:00:00,23.98,79.37,117.01
2020-03-08 00:00:00,7.39,68.66,114.24
2020-03-09 00:00:00,110.23,61.14,120.22
2020-03-10 00:00:00,110.9,49.64,142.25
2020-03-11 00:00:00,123.4,115.82,169.4
2020-03-12 00:00:00,149.69,146.34,288.35
2020-03-13 00:00:00,16.2,55.36,128.24
2020-03-14 00:00:00,23.97,23.88,74.91
2020-03-15 00:00:00,5.52,85.95,70.29
2020-03-16 00:00:00,23.75,12.54,50.7
2020-03-17 00:00:00,30.6,14.01,47.53
2020-03-18 00:00:00,53.49,22.19,68.92
2020-03-19 00:00:00,36.3,17.29,93.4
2020-03-20 00:00:00,25.39,13.06,63.7
2020-03-21 00:00:00,43.55,39.03,76.03
2020-03-22 00:00:00,227.14,44.3,174.81
2020-03-23 00:00:00,89.92,13.41,202.46
2020-03-24 00:00:00,42.87,12.93,77.97
2020-03-25 00:00:00,33.58,24.5,70.88
2020-03-26 00:00:00,21.97,17.39,78.9
2020-03-27 00:00:00,30.66,12.8,50.98
2020-03-28 00:00:00,114.73,12.29,
2020-03-29 00:00:00,73.11,12.19,127.68
2020-03-30 00:00:00,13.14,12.18,52.48
2020-03-31 00:00:00,29.42,13.46,47.48
2020-04-01 00:00:00,37.38,2.01,49.31
2020-04-02 00:00:00,22.36,0.0,75.02
2020-04-03 00:00:00,94.75,8.3,44.47
2020-04-04 00:00:00,56.36,0.0,158.27
2020-04-05 00:00:00,16.55,0.0,46.3
2020-04-06 00:00:00,39.59,1.3,
2020-04-07 00:00:00,101.33,0.0,
2020-04-08 00:00:00,122.14,0.0,
2020-04-09 00:00:00,89.5,0.0,
2020-04-10 00:00:00,75.18,0.0,
2020-04-11 00:00:00,175.14,0.0,
2020-04-12 00:00:00,,0.0,
2020-04-13 00:00:00,68.89,16.17,
2020-04-14 00:00:00,133.78,0.0,
2020-04-15 00:00:00,,0.0,
2020-04-16 00:00:00,171.02,0.0,
2020-04-17 00:00:00,290.53,4.55,259.79
2020-04-18 00:00:00,365.58,0.0,492.02
2020-04-19 00:00:00,162.32,0.0,232.13
2020-04-20 00:00:00,148.3,13.62,181.88
2020-04-21 00:00:00,152.75,29.22,251.86
2020-04-22 00:00:00,71.0,93.05,204.02
2020-04-23 00:00:00,497.02,97.22,439.46
2020-04-24 00:00:00,383.89,169.52,608.92
2020-04-25 00:00:00,84.99,49.78,170.17
2020-04-26 00:00:00,95.0,47.06,107.51
2020-04-27 00:00:00,123.32,142.53,269.22
2020-04-28 00:00:00,24.49,88.94,165.34
2020-04-29 00:00:00,11.56,60.79,107.31
2020-04-30 00:00:00,3.06,12.22,63.37
2020-05-01 00:00:00,11.41,30.84,56.72
2020-05-02 00:00:00,,,74.46
2020-05-03 00:00:00,13.65,77.48,113.35
2020-05-04 00:00:00,66.62,92.19,126.97
2020-05-05 00:00:00,51.54,108.41,163.18
2020-05-06 00:00:00,38.33,146.37,163.47
2020-05-07 00:00:00,,,131.35
2020-05-08 00:00:00,0.0,98.72,118.8
2020-05-09 00:00:00,20.69,38.38,83.76
2020-05-10 00:00:00,,,63.48
2020-05-11 00:00:00,10.02,39.79,60.9
2020-05-12 00:00:00,105.73,194.14,192.37
2020-05-13 00:00:00,107.2,151.31,226.88
2020-05-14 00:00:00,59.7,72.74,169.59
2020-05-15 00:00:00,10.49,18.91,88.2
2020-05-16 00:00:00,15.28,23.7,69.2
2020-05-17 00:00:00,71.95,28.0,83.72
2020-05-18 00:00:00,38.59,29.07,124.92
2020-05-19 00:00:00,22.89,13.48,70.85
2020-05-20 00:00:00,33.15,39.7,71.61
2020-05-21 00:00:00,14.26,66.51,108.46
2020-05-22 00:00:00,9.7,42.39,98.44
2020-05-23 00:00:00,5.78,13.08,53.33
2020-05-24 00:00:00,17.13,13.08,777.86
2020-05-25 00:00:00,18.07,24.06,
2020-05-26 00:00:00,14.93,47.28,78.21
2020-05-27 00:00:00,23.91,30.97,54.09
2020-05-28 00:00:00,5.2,37.32,67.31
2020-05-29 00:00:00,323.73,19.46,199.19
2020-05-30 00:00:00,45.81,21.94,127.22
2020-05-31 00:00:00,72.35,13.14,85.27
2020-06-01 00:00:00,414.87,27.45,263.49
2020-06-02 00:00:00,73.15,69.82,246.44
2020-06-03 00:00:00,28.39,19.99,139.42
2020-06-04 00:00:00,11.98,35.29,77.64
2020-06-05 00:00:00,65.6,15.59,57.39
2020-06-06 00:00:00,87.76,14.78,150.28
2020-06-07 00:00:00,19.54,12.91,52.54
2020-06-08 00:00:00,14.07,14.06,48.65
2020-06-09 00:00:00,12.67,35.68,57.16
2020-06-10 00:00:00,17.72,127.7,119.8
2020-06-11 00:00:00,5.67,19.62,79.9
2020-06-12 00:00:00,13.32,12.85,47.17
2020-06-13 00:00:00,10.3,16.49,46.73
2020-06-14 00:00:00,13.79,12.18,49.27
2020-06-15 00:00:00,54.02,54.27,65.72
2020-06-16 00:00:00,61.92,76.01,141.19
2020-06-17 00:00:00,66.12,75.49,121.75
2020-06-18 00:00:00,14.63,42.7,115.76
2020-06-19 00:00:00,22.85,57.22,82.51
2020-06-20 00:00:00,15.04,29.67,69.39
2020-06-21 00:00:00,13.69,14.35,50.11
2020-06-22 00:00:00,119.9,35.57,56.29
2020-06-23 00:00:00,204.73,41.07,159.1
2020-06-24 00:00:00,44.13,63.9,225.09
2020-06-25 00:00:00,107.79,47.6,142.92
2020-06-26 00:00:00,178.54,9.58,148.09
2020-06-27 00:00:00,77.9,9.82,110.76
2020-06-28 00:00:00,67.25,17.67,104.46
2020-06-29 00:00:00,159.49,40.09,143.22
2020-06-30 00:00:00,175.01,45.48,169.97
2020-07-01 00:00:00,235.86,30.69,223.91
2020-07-02 00:00:00,101.57,20.88,170.39
2020-07-03 00:00:00,13.89,13.55,77.23
2020-07-04 00:00:00,24.52,12.08,45.55
2020-07-05 00:00:00,17.23,12.16,43.73
2020-07-06 00:00:00,17.49,12.38,43.57
2020-07-07 00:00:00,27.03,23.43,46.2
2020-07-08 00:00:00,32.09,28.64,71.17
2020-07-09 00:00:00,62.96,8.24,68.36
2020-07-10 00:00:00,15.56,3.13,69.8
2020-07-11 00:00:00,46.9,3.36,37.08
2020-07-12 00:00:00,13.7,2.99,61.84
2020-07-13 00:00:00,186.36,2.95,52.07
2020-07-14 00:00:00,233.29,4.48,310.58
2020-07-15 00:00:00,172.36,5.81,144.77
2020-07-16 00:00:00,260.69,3.2,261.22
2020-07-17 00:00:00,149.15,4.08,237.59
2020-07-18 00:00:00,150.29,3.94,212.61
2020-07-19 00:00:00,106.84,5.81,147.86
2020-07-20 00:00:00,292.54,6.73,178.22
2020-07-21 00:00:00,86.47,8.15,271.66
2020-07-22 00:00:00,336.44,27.25,292.87
2020-07-23 00:00:00,284.63,16.6,422.27
2020-07-24 00:00:00,235.33,4.77,248.35
2020-07-25 00:00:00,281.15,15.1,327.24
2020-07-26 00:00:00,188.38,6.25,245.2
2020-07-27 00:00:00,264.13,4.8,278.72
2020-07-28 00:00:00,303.51,4.73,332.64
2020-07-29 00:00:00,381.6,5.47,418.6
2020-07-30 00:00:00,257.29,10.72,361.33
2020-07-31 00:00:00,394.83,10.05,461.45
2020-08-01 00:00:00,356.02,5.31,499.13
2020-08-02 00:00:00,417.29,5.6,569.79
2020-08-03 00:00:00,241.89,4.83,272.54
2020-08-04 00:00:00,272.3,5.37,233.22
2020-08-05 00:00:00,189.51,6.25,231.11
2020-08-06 00:00:00,340.19,18.63,223.71
2020-08-07 00:00:00,356.31,11.11,310.69
2020-08-08 00:00:00,211.22,10.91,205.2
2020-08-09 00:00:00,142.54,33.07,225.82
2020-08-10 00:00:00,38.19,16.68,119.6
2020-08-11 00:00:00,24.31,7.36,54.64
2020-08-12 00:00:00,63.46,5.52,71.14
2020-08-13 00:00:00,91.33,4.99,75.43
2020-08-14 00:00:00,312.34,21.07,213.27
2020-08-15 00:00:00,71.7,8.01,199.72
2020-08-16 00:00:00,6.08,4.66,43.97
2020-08-17 00:00:00,127.29,4.66,35.47
2020-08-18 00:00:00,195.02,7.28,156.48
2020-08-19 00:00:00,166.28,4.86,180.0
2020-08-20 00:00:00,142.14,8.02,158.1
2020-08-21 00:00:00,216.83,11.12,141.48
2020-08-22 00:00:00,145.73,13.45,224.4
2020-08-23 00:00:00,0.0,15.22,100.52
2020-08-24 00:00:00,92.83,13.4,39.65
2020-08-25 00:00:00,210.57,4.5,186.26
2020-08-26 00:00:00,207.88,21.64,173.76
2020-08-27 00:00:00,271.56,13.05,206.62
2020-08-28 00:00:00,207.95,7.64,249.28
2020-08-29 00:00:00,15.24,6.54,95.11
2020-08-30 00:00:00,9.09,4.62,37.12
2020-08-31 00:00:00,5.79,4.62,34.03
2020-09-01 00:00:00,281.05,4.59,135.51
2020-09-02 00:00:00,135.69,12.71,162.07
2020-09-03 00:00:00,186.78,16.16,157.81
2020-09-04 00:00:00,237.44,13.5,212.75
2020-09-05 00:00:00,25.85,8.65,147.91
2020-09-06 00:00:00,34.26,5.23,45.59
2020-09-07 00:00:00,19.24,5.26,51.07
2020-09-08 00:00:00,59.18,7.6,42.46
2020-09-09 00:00:00,331.49,9.54,158.22
2020-09-10 00:00:00,238.67,14.91,262.15
2020-09-11 00:00:00,232.14,12.6,205.11
2020-09-12 00:00:00,77.26,25.48,182.48
2020-09-13 00:00:00,67.42,16.59,85.9
2020-09-14 00:00:00,189.11,16.6,135.64
2020-09-15 00:00:00,362.4,19.4,267.08
2020-09-16 00:00:00,354.92,8.03,323.15
2020-09-17 00:00:00,121.71,10.51,226.63
2020-09-18 00:00:00,43.77,5.22,87.96
2020-09-19 00:00:00,16.48,5.94,57.67
2020-09-20 00:00:00,90.47,4.88,66.03
2020-09-21 00:00:00,74.84,16.04,119.44
2020-09-22 00:00:00,78.29,13.51,94.41
2020-09-23 00:00:00,98.55,10.77,117.92
2020-09-24 00:00:00,79.76,32.03,129.92
2020-09-25 00:00:00,18.13,5.4,56.0
2020-09-26 00:00:00,14.48,5.32,36.57
2020-09-27 00:00:00,10.78,8.92,35.87
2020-09-28 00:00:00,16.71,27.14,47.68
2020-09-29 00:00:00,68.01,22.85,78.4
2020-09-30 00:00:00,0.0,14.88,77.35
2020-10-01 00:00:00,36.65,21.37,73.26
2020-10-02 00:00:00,24.73,7.82,71.05
2020-10-03 00:00:00,4.61,2.71,48.36
2020-10-04 00:00:00,10.24,17.22,45.81
2020-10-05 00:00:00,76.25,25.17,56.73
2020-10-06 00:00:00,2.12,5.27,80.81
2020-10-07 00:00:00,56.57,12.25,41.99
2020-10-08 00:00:00,188.59,17.89,111.35
2020-10-09 00:00:00,89.66,5.82,187.38
2020-10-10 00:00:00,20.12,5.76,56.35
2020-10-11 00:00:00,11.93,6.04,44.72
2020-10-12 00:00:00,52.34,5.72,36.31
2020-10-13 00:00:00,141.65,5.58,115.12
2020-10-14 00:00:00,158.54,5.7,135.56
2020-10-15 00:00:00,270.35,5.89,198.98
2020-10-16 00:00:00,183.06,9.9,230.39
2020-10-17 00:00:00,290.08,9.69,271.76
2020-10-18 00:00:00,156.48,9.46,187.16
2020-10-19 00:00:00,125.9,6.04,141.43
2020-10-20 00:00:00,202.74,6.72,207.35
2020-10-21 00:00:00,251.04,11.63,241.1
2020-10-22 00:00:00,274.44,27.19,296.82
2020-10-23 00:00:00,236.92,11.3,319.82
2020-10-24 00:00:00,9.74,39.4,151.4
2020-10-25 00:00:00,2.71,22.65,56.65
2020-10-26 00:00:00,56.55,56.35,90.44
2020-10-27 00:00:00,0.0,60.49,134.87
2020-10-28 00:00:00,20.47,42.42,68.98
2020-10-29 00:00:00,61.41,23.93,73.0
2020-10-30 00:00:00,29.32,23.49,96.0
2020-10-31 00:00:00,10.63,68.24,83.42
2020-11-01 00:00:00,13.2,125.41,135.87
2020-11-02 00:00:00,46.28,106.02,124.98
2020-11-03 00:00:00,34.12,58.24,123.93
2020-11-04 00:00:00,65.94,61.05,112.6
2020-11-05 00:00:00,60.12,88.06,128.38
2020-11-06 00:00:00,62.34,80.06,152.2
2020-11-07 00:00:00,243.46,106.63,248.52
2020-11-08 00:00:00,81.3,170.26,304.74
2020-11-09 00:00:00,268.26,174.46,307.48
2020-11-10 00:00:00,503.46,175.5,570.19
2020-11-11 00:00:00,186.48,123.01,374.98
2020-11-12 00:00:00,174.07,150.27,270.31
2020-11-13 00:00:00,339.41,133.98,377.2
2020-11-14 00:00:00,116.62,141.88,316.4
2020-11-15 00:00:00,123.76,83.57,155.35
2020-11-16 00:00:00,333.28,146.61,337.93
2020-11-17 00:00:00,285.34,118.71,423.87
2020-11-18 00:00:00,268.22,115.94,344.05
2020-11-19 00:00:00,196.2,142.47,371.65
2020-11-20 00:00:00,63.76,112.94,235.25
2020-11-21 00:00:00,150.24,47.89,108.37
2020-11-22 00:00:00,157.65,30.14,179.73
2020-11-23 00:00:00,356.21,77.45,334.17
2020-11-24 00:00:00,392.95,121.56,383.09
2020-11-25 00:00:00,363.53,120.75,453.69
2020-11-26 00:00:00,495.97,90.41,403.62
2020-11-27 00:00:00,552.16,133.49,673.7
2020-11-28 00:00:00,423.89,121.92,432.5
2020-11-29 00:00:00,456.76,120.47,501.69
2020-11-30 00:00:00,485.44,109.47,447.11
2020-12-01 00:00:00,530.54,149.88,572.28
2020-12-02 00:00:00,292.56,102.77,358.84
2020-12-03 00:00:00,394.7,81.67,387.21
2020-12-04 00:00:00,165.55,112.93,254.66
2020-12-05 00:00:00,274.41,155.42,439.65
2020-12-06 00:00:00,190.04,101.37,260.79
2020-12-07 00:00:00,123.86,83.96,237.99
2020-12-08 00:00:00,60.45,127.62,169.86
2020-12-09 00:00:00,369.94,167.38,321.49
2020-12-10 00:00:00,282.39,99.55,368.33
2020-12-11 00:00:00,280.31,149.99,312.46
2020-12-12 00:00:00,10.73,152.02,200.72
2020-12-13 00:00:00,40.69,148.87,197.37
2020-12-14 00:00:00,328.84,173.09,335.45
2020-12-15 00:00:00,272.99,140.88,339.25
2020-12-16 00:00:00,347.98,139.52,338.57
2020-12-17 00:00:00,647.75,196.34,706.82
2020-12-18 00:00:00,473.08,146.8,556.19
2020-12-19 00:00:00,263.74,144.93,
2020-12-20 00:00:00,397.01,143.55,
2020-12-21 00:00:00,466.76,173.76,
2020-12-22 00:00:00,154.1,168.62,
2020-12-23 00:00:00,105.17,179.49,
2020-12-24 00:00:00,77.37,140.04,225.58
2020-12-25 00:00:00,24.7,89.73,140.75
2020-12-26 00:00:00,31.14,152.02,176.69
2020-12-27 00:00:00,8.83,138.02,151.61
2020-12-28 00:00:00,65.27,75.4,105.28
2020-12-29 00:00:00,145.12,147.56,242.5
2020-12-30 00:00:00,339.16,141.31,299.43
2020-12-31 00:00:00,221.21,127.82,321.1
2021-01-01 00:00:00,197.5,124.74,304.95
2021-01-02 00:00:00,147.41,141.3,228.32
2021-01-03 00:00:00,194.43,154.49,266.04
2021-01-04 00:00:00,596.23,179.53,512.61
2021-01-05 00:00:00,756.42,117.67,739.65
2021-01-06 00:00:00,634.73,182.82,756.02
2021-01-07 00:00:00,359.49,145.55,415.94
2021-01-08 00:00:00,403.18,108.58,430.59
2021-01-09 00:00:00,84.47,23.04,275.41
2021-01-10 00:00:00,156.58,13.54,129.1
2021-01-11 00:00:00,84.34,57.28,173.78
2021-01-12 00:00:00,250.86,139.69,203.22
2021-01-13 00:00:00,425.85,87.42,389.46
2021-01-14 00:00:00,404.95,85.32,416.61
2021-01-15 00:00:00,409.6,64.61,391.62
2021-01-16 00:00:00,384.95,82.83,379.37
2021-01-17 00:00:00,177.56,132.09,362.51
2021-01-18 00:00:00,392.61,166.91,337.59
2021-01-19 00:00:00,207.67,145.46,406.42
2021-01-20 00:00:00,225.97,111.08,257.54
2021-01-21 00:00:00,204.57,89.06,287.74
2021-01-22 00:00:00,85.17,92.58,215.93
2021-01-23 00:00:00,15.25,79.54,168.62
2021-01-24 00:00:00,73.58,46.22,142.94
2021-01-25 00:00:00,339.59,94.83,312.06
2021-01-26 00:00:00,354.2,93.26,450.9
2021-01-27 00:00:00,358.68,125.4,519.02
2021-01-28 00:00:00,317.29,54.07,378.42
2021-01-29 00:00:00,2.6,73.51,234.25
2021-01-30 00:00:00,0.0,13.86,84.95
2021-01-31 00:00:00,3.29,13.14,65.1
2021-02-01 00:00:00,126.35,43.24,93.36
2021-02-02 00:00:00,107.07,132.56,217.64
2021-02-03 00:00:00,0.0,121.37,230.36
2021-02-04 00:00:00,246.35,140.19,245.88
2021-02-05 00:00:00,814.05,123.47,662.19
2021-02-06 00:00:00,970.29,189.85,1085.58
2021-02-07 00:00:00,318.94,55.78,649.13
2021-02-08 00:00:00,443.92,37.75,285.89
2021-02-09 00:00:00,715.25,72.36,931.83
2021-02-10 00:00:00,745.47,148.07,914.65
2021-02-11 00:00:00,333.5,164.34,679.42
2021-02-12 00:00:00,254.49,179.03,424.49
2021-02-13 00:00:00,99.17,155.45,307.87
2021-02-14 00:00:00,100.54,153.68,317.76
2021-02-15 00:00:00,138.59,147.91,293.81
2021-02-16 00:00:00,142.39,168.43,262.47
2021-02-17 00:00:00,206.34,189.65,384.15
2021-02-18 00:00:00,137.33,172.42,390.15
2021-02-19 00:00:00,79.87,165.38,282.42
2021-02-20 00:00:00,31.53,100.29,175.19
2021-02-21 00:00:00,185.69,180.42,344.2
2021-02-22 00:00:00,79.67,209.58,415.42
2021-02-23 00:00:00,78.78,247.36,366.83
2021-02-24 00:00:00,105.03,249.11,301.6
2021-02-25 00:00:00,326.62,249.43,459.35
2021-02-26 00:00:00,365.92,231.9,562.91
2021-02-27 00:00:00,93.9,197.41,457.37
2021-02-28 00:00:00,6.2,196.93,230.99
2021-03-01 00:00:00,73.41,198.01,198.75
2021-03-02 00:00:00,390.23,195.59,356.22
2021-03-03 00:00:00,422.93,199.68,546.74
2021-03-04 00:00:00,438.41,196.43,525.38
2021-03-05 00:00:00,327.55,198.66,579.53
2021-03-06 00:00:00,65.4,197.03,329.49
2021-03-07 00:00:00,68.84,194.06,247.5
2021-03-08 00:00:00,443.53,170.11,392.88
2021-03-09 00:00:00,183.39,176.29,455.77
2021-03-10 00:00:00,205.99,154.58,286.59
2021-03-11 00:00:00,98.04,122.35,218.78
2021-03-12 00:00:00,103.38,110.68,231.4
2021-03-13 00:00:00,36.04,86.26,153.43
2021-03-14 00:00:00,24.0,63.1,109.36
2021-03-15 00:00:00,177.59,119.63,187.03
2021-03-16 00:00:00,217.19,108.72,252.03
2021-03-17 00:00:00,191.83,52.14,252.63
2021-03-18 00:00:00,320.97,89.78,306.55
2021-03-19 00:00:00,174.14,143.31,480.49
2021-03-21 00:00:00,27.97,71.6,
2021-03-22 00:00:00,169.7,69.65,
2021-03-23 00:00:00,372.18,88.77,
2021-03-24 00:00:00,556.99,102.91,
2021-03-25 00:00:00,525.82,108.48,
2021-03-26 00:00:00,480.73,42.2,
2021-03-27 00:00:00,288.38,61.18,
2021-03-29 00:00:00,206.29,73.33,
2021-03-30 00:00:00,344.72,82.4,
2021-03-31 00:00:00,291.54,92.22,
2021-04-01 00:00:00,84.09,63.91,
2021-04-02 00:00:00,68.4,13.8,
2021-04-03 00:00:00,35.44,13.28,
2021-04-04 00:00:00,16.38,12.93,
2021-04-05 00:00:00,64.47,12.94,
2021-04-06 00:00:00,196.76,44.21,
2021-04-07 00:00:00,331.06,23.76,
2021-04-08 00:00:00,639.98,50.85,
2021-04-09 00:00:00,476.09,72.97,
2021-04-10 00:00:00,350.73,46.3,
2021-04-11 00:00:00,236.23,25.13,
2021-04-12 00:00:00,444.14,87.44,
2021-04-13 00:00:00,650.33,116.4,
2021-04-14 00:00:00,634.07,135.85,
2021-04-15 00:00:00,364.49,119.59,
2021-04-16 00:00:00,409.41,57.3,
2021-04-17 00:00:00,278.19,25.85,
2021-04-18 00:00:00,93.59,46.09,
2021-04-19 00:00:00,519.23,94.01,
2021-04-20 00:00:00,638.87,71.0,
2021-04-21 00:00:00,623.43,54.77,
2021-04-22 00:00:00,589.08,66.33,
2021-04-23 00:00:00,255.2,32.53,
2021-04-24 00:00:00,54.22,12.66,
2021-04-25 00:00:00,205.0,13.64,
2021-04-26 00:00:00,662.98,17.42,
2021-04-27 00:00:00,643.73,40.32,
2021-04-28 00:00:00,558.22,23.89,
2021-04-29 00:00:00,567.06,25.56,
2021-04-30 00:00:00,343.31,20.58,
2021-05-01 00:00:00,66.21,15.42,
2021-05-02 00:00:00,11.67,12.71,
2021-05-03 00:00:00,456.9,45.04,
2021-05-04 00:00:00,490.64,47.2,
2021-05-05 00:00:00,356.37,54.78,
2021-05-06 00:00:00,336.21,63.77,
2021-05-07 00:00:00,289.16,43.1,
2021-05-08 00:00:00,36.47,16.83,
2021-05-09 00:00:00,29.08,13.37,
2021-05-10 00:00:00,82.53,12.64,
2021-05-11 00:00:00,14.3,7.78,
2021-05-12 00:00:00,10.41,7.21,
2021-05-13 00:00:00,82.87,26.53,
2021-05-14 00:00:00,89.49,14.12,
2021-05-15 00:00:00,6.0,7.1,
2021-05-16 00:00:00,9.32,7.48,
2021-05-17 00:00:00,151.65,14.25,
2021-05-18 00:00:00,160.17,10.86,4628.02
2021-05-19 00:00:00,104.21,13.39,101.8
2021-05-20 00:00:00,252.93,19.59,189.94
2021-05-21 00:00:00,216.69,12.61,200.08
2021-05-22 00:00:00,147.09,8.92,128.38
2021-05-23 00:00:00,133.76,11.28,176.06
2021-05-24 00:00:00,105.68,25.52,105.86
2021-05-25 00:00:00,199.61,23.63,200.23
2021-05-26 00:00:00,191.22,3.74,206.84
2021-05-27 00:00:00,457.86,51.86,
2021-05-28 00:00:00,387.0,34.45,
2021-05-29 00:00:00,320.26,14.0,
2021-05-30 00:00:00,257.67,30.18,178.45
2021-05-31 00:00:00,407.16,47.06,351.58
2021-06-01 00:00:00,367.83,44.42,361.19
2021-06-02 00:00:00,395.01,46.39,307.47
2021-06-03 00:00:00,28.08,13.83,191.24
2021-06-04 00:00:00,64.23,3.54,62.8
2021-06-05 00:00:00,12.33,29.19,62.31
2021-06-06 00:00:00,15.77,8.72,51.26
2021-06-07 00:00:00,12.26,31.63,50.55
2021-06-08 00:00:00,58.58,74.13,114.7
2021-06-09 00:00:00,101.81,92.7,132.3
2021-06-10 00:00:00,339.18,93.55,267.78
2021-06-11 00:00:00,186.47,46.8,260.05
2021-06-12 00:00:00,280.25,17.55,212.9
2021-06-13 00:00:00,190.2,13.09,204.59
2021-06-14 00:00:00,475.33,64.45,313.95
2021-06-15 00:00:00,364.49,94.47,379.17
2021-06-16 00:00:00,272.21,75.48,348.08
2021-06-17 00:00:00,263.58,47.41,264.9
2021-06-18 00:00:00,161.48,34.39,242.0
2021-06-19 00:00:00,38.07,49.26,102.33
2021-06-20 00:00:00,12.06,12.67,64.36
2021-06-21 00:00:00,52.28,43.65,51.83
2021-06-22 00:00:00,91.17,31.59,131.49
2021-06-23 00:00:00,105.68,4.95,87.46
2021-06-24 00:00:00,240.12,3.86,112.14
2021-06-25 00:00:00,183.58,4.64,215.7
2021-06-26 00:00:00,261.07,33.16,308.64
2021-06-27 00:00:00,57.32,19.11,92.87
2021-06-28 00:00:00,116.07,19.95,81.26
2021-06-29 00:00:00,361.22,27.95,215.57
2021-06-30 00:00:00,405.48,45.17,321.35
2021-07-01 00:00:00,435.59,61.5,385.92
2021-07-02 00:00:00,374.55,30.29,369.99
2021-07-03 00:00:00,440.65,24.88,338.4
2021-07-04 00:00:00,94.76,13.73,192.75
2021-07-05 00:00:00,469.3,11.32,286.39
2021-07-06 00:00:00,565.75,11.66,437.71
2021-07-07 00:00:00,443.53,40.18,412.21
2021-07-08 00:00:00,370.69,56.44,331.65
2021-07-09 00:00:00,284.86,20.13,291.59
2021-07-10 00:00:00,489.67,32.81,312.77
2021-07-11 00:00:00,434.63,38.69,437.88
2021-07-12 00:00:00,389.91,21.96,316.02
2021-07-13 00:00:00,399.91,35.49,343.56
2021-07-14 00:00:00,498.54,7.75,387.79
2021-07-15 00:00:00,330.52,26.83,229.6
2021-07-16 00:00:00,459.92,53.75,398.41
2021-07-17 00:00:00,288.66,22.39,309.76
2021-07-18 00:00:00,25.02,25.37,163.37
2021-07-19 00:00:00,274.69,47.78,153.25
2021-07-20 00:00:00,21.0,92.75,200.65
2021-07-21 00:00:00,87.55,90.21,127.5
2021-07-22 00:00:00,40.45,41.16,120.16
2021-07-23 00:00:00,27.18,61.55,80.45
2021-07-24 00:00:00,7.24,30.14,62.12
2021-07-25 00:00:00,10.5,45.89,66.14
2021-07-26 00:00:00,26.94,68.7,82.95
2021-07-27 00:00:00,45.08,86.35,120.94
2021-07-28 00:00:00,94.08,75.04,107.12
2021-07-29 00:00:00,174.24,110.63,213.43
2021-07-30 00:00:00,165.11,48.92,287.97
2021-07-31 00:00:00,18.92,2.74,67.68
2021-08-01 00:00:00,15.78,23.75,30.37
2021-08-02 00:00:00,6.38,37.14,66.05
2021-08-03 00:00:00,14.49,24.32,48.42
2021-08-04 00:00:00,20.18,9.35,32.26
2021-08-05 00:00:00,104.5,3.5,69.5
2021-08-06 00:00:00,75.48,16.51,105.62
2021-08-07 00:00:00,10.77,2.87,50.64
2021-08-08 00:00:00,13.44,20.17,28.52
2021-08-09 00:00:00,8.84,12.61,41.27
2021-08-10 00:00:00,8.07,16.48,34.55
2021-08-11 00:00:00,24.26,62.79,59.17
2021-08-12 00:00:00,,,70.33
2021-08-13 00:00:00,13.05,28.9,45.24
2021-08-14 00:00:00,25.48,33.97,50.0
2021-08-15 00:00:00,7.52,6.01,46.32
2021-08-16 00:00:00,9.8,3.4,26.31
2021-08-17 00:00:00,5.81,6.82,
2021-08-18 00:00:00,15.53,4.56,25.23
2021-08-19 00:00:00,10.21,13.1,23.0
2021-08-20 00:00:00,28.85,9.95,36.5
2021-08-21 00:00:00,11.1,2.72,46.26
2021-08-22 00:00:00,11.02,4.03,26.78
2021-08-23 00:00:00,11.42,3.62,23.92
2021-08-24 00:00:00,13.82,4.05,23.36
2021-08-25 00:00:00,14.6,3.5,22.0
2021-08-26 00:00:00,6.41,15.39,33.43
2021-08-27 00:00:00,11.64,9.6,36.08
2021-08-28 00:00:00,2.8,24.0,27.98
2021-08-29 00:00:00,5.37,3.01,34.53
2021-08-30 00:00:00,19.51,9.38,26.61
2021-08-31 00:00:00,5.9,9.79,26.86
2021-09-01 00:00:00,12.33,9.96,26.97
2021-09-02 00:00:00,33.26,81.46,71.2
2021-09-03 00:00:00,10.46,71.63,96.95
2021-09-04 00:00:00,6.51,17.49,42.52
2021-09-05 00:00:00,4.58,5.2,30.62
2021-09-06 00:00:00,10.33,24.73,27.01
2021-09-07 00:00:00,6.91,12.03,37.81
2021-09-08 00:00:00,4.71,21.93,34.11
2021-09-09 00:00:00,5.41,9.13,31.72
2021-09-10 00:00:00,19.78,16.08,33.88
2021-09-11 00:00:00,8.9,14.98,24.7
2021-09-12 00:00:00,9.07,15.61,36.05
2021-09-13 00:00:00,5.25,22.47,33.19
2021-09-14 00:00:00,49.65,71.5,70.63
2021-09-15 00:00:00,20.42,59.62,119.72
2021-09-16 00:00:00,6.81,9.45,51.16
2021-09-17 00:00:00,6.3,4.38,28.24
2021-09-18 00:00:00,13.76,3.08,22.63
2021-09-19 00:00:00,8.48,3.68,21.64
2021-09-20 00:00:00,11.34,2.85,20.9
2021-09-21 00:00:00,11.69,2.94,20.15
2021-09-22 00:00:00,12.66,4.39,20.55
2021-09-23 00:00:00,12.26,10.53,21.06
2021-09-24 00:00:00,20.62,59.91,60.21
2021-09-25 00:00:00,9.98,26.7,64.95
2021-09-26 00:00:00,11.61,15.18,38.26
2021-09-27 00:00:00,9.68,15.14,31.44
2021-09-28 00:00:00,21.63,15.08,35.34
2021-09-29 00:00:00,5.05,44.95,61.03
2021-09-30 00:00:00,46.66,64.46,72.95
2021-10-01 00:00:00,63.36,161.05,274.81
2021-10-02 00:00:00,0.0,66.93,113.96
2021-10-03 00:00:00,5.81,92.07,97.21
2021-10-04 00:00:00,23.35,87.6,88.97
2021-10-05 00:00:00,10.35,75.71,84.48
2021-10-06 00:00:00,9.05,103.34,111.7
2021-10-07 00:00:00,13.57,61.69,81.15
2021-10-08 00:00:00,10.76,59.15,82.65
2021-10-09 00:00:00,4.08,13.87,46.52
2021-10-10 00:00:00,5.93,6.22,28.71
2021-10-11 00:00:00,0.0,18.52,26.01
2021-10-12 00:00:00,17.72,23.41,35.25
2021-10-13 00:00:00,18.68,52.35,62.36
2021-10-14 00:00:00,23.95,67.52,76.75
2021-10-15 00:00:00,0.0,163.81,166.07
2021-10-16 00:00:00,0.0,105.45,120.89
2021-10-17 00:00:00,1.72,64.55,72.23
2021-10-18 00:00:00,0.0,99.38,109.31
2021-10-19 00:00:00,35.03,78.6,129.23
2021-10-20 00:00:00,19.4,34.75,79.51
2021-10-21 00:00:00,0.0,40.27,83.97
2021-10-22 00:00:00,4.71,22.85,38.2
2021-10-23 00:00:00,12.17,33.55,42.04
2021-10-24 00:00:00,15.48,11.51,40.64
2021-10-25 00:00:00,30.13,56.21,74.74
2021-10-26 00:00:00,46.7,14.34,67.01
2021-10-27 00:00:00,102.28,46.61,112.9
2021-10-28 00:00:00,111.25,7.92,214.12
2021-10-29 00:00:00,8.44,8.03,54.37
2021-10-30 00:00:00,9.81,89.74,88.12
2021-10-31 00:00:00,0.0,109.39,146.97
2021-11-01 00:00:00,73.58,138.88,140.53
2021-11-02 00:00:00,64.78,84.8,192.89
2021-11-03 00:00:00,29.73,27.07,101.11
2021-11-04 00:00:00,29.99,49.49,81.34
2021-11-05 00:00:00,9.12,100.08,98.08
2021-11-06 00:00:00,8.92,44.45,96.43
2021-11-07 00:00:00,5.96,45.19,54.86
2021-11-08 00:00:00,10.43,46.54,73.91
2021-11-09 00:00:00,100.09,33.3,64.75
2021-11-10 00:00:00,258.06,64.15,260.58
2021-11-11 00:00:00,209.17,121.37,365.4
2021-11-12 00:00:00,214.93,149.14,514.03
2021-11-13 00:00:00,20.35,72.04,272.79
2021-11-14 00:00:00,23.9,24.6,96.6
2021-11-15 00:00:00,68.19,50.84,80.32
2021-11-16 00:00:00,78.86,28.27,124.56
2021-11-17 00:00:00,52.43,82.21,130.37
2021-11-18 00:00:00,55.92,63.62,139.7
2021-11-19 00:00:00,232.79,76.92,216.55
2021-11-20 00:00:00,93.28,59.57,280.86
2021-11-21 00:00:00,47.07,52.7,139.9
2021-11-22 00:00:00,124.08,47.47,99.3
2021-11-23 00:00:00,145.72,60.34,146.38
2021-11-24 00:00:00,99.23,62.37,297.98
2021-11-25 00:00:00,13.56,61.78,100.18
2021-11-26 00:00:00,19.75,22.53,72.38
2021-11-27 00:00:00,13.05,19.8,45.43
2021-11-28 00:00:00,26.48,24.55,47.26
2021-11-29 00:00:00,14.13,32.94,54.51
2021-11-30 00:00:00,26.95,89.54,83.73
2021-12-01 00:00:00,16.04,29.57,82.66
2021-12-02 00:00:00,17.4,39.15,48.96
2021-12-03 00:00:00,20.51,46.7,66.17
2021-12-04 00:00:00,10.4,17.39,62.55
2021-12-05 00:00:00,16.27,33.08,45.16
2021-12-06 00:00:00,20.89,40.24,71.93
2021-12-07 00:00:00,12.07,16.25,48.48
2021-12-08 00:00:00,16.41,38.17,50.56
2021-12-09 00:00:00,12.93,39.0,63.72
2021-12-10 00:00:00,13.29,50.02,69.9
2021-12-11 00:00:00,8.88,68.42,75.44
2021-12-12 00:00:00,13.09,28.62,71.69
2021-12-13 00:00:00,35.84,81.55,82.54
2021-12-14 00:00:00,118.16,51.7,124.24
2021-12-15 00:00:00,53.72,126.91,197.93
2021-12-16 00:00:00,57.86,97.16,172.22
2021-12-17 00:00:00,7.35,141.32,193.92
2021-12-18 00:00:00,96.46,182.06,178.13
2021-12-19 00:00:00,15.54,79.62,158.27
2021-12-20 00:00:00,197.59,137.32,179.48
2021-12-21 00:00:00,263.21,90.08,414.54
2021-12-22 00:00:00,247.58,179.81,628.19
2021-12-23 00:00:00,76.96,173.71,468.57
2021-12-24 00:00:00,15.28,54.82,172.91
2021-12-25 00:00:00,69.1,70.51,126.34
2021-12-26 00:00:00,0.0,27.41,168.32
2021-12-27 00:00:00,90.92,24.88,99.16
2021-12-28 00:00:00,91.55,19.7,125.83
2021-12-29 00:00:00,54.33,126.61,217.67
2021-12-30 00:00:00,61.95,81.16,219.25
2021-12-31 00:00:00,4.15,89.41,186.65
2022-01-01 00:00:00,0.0,46.63,112.25
2022-01-02 00:00:00,0.0,43.85,74.38
2022-01-03 00:00:00,0.0,36.28,66.7
2022-01-04 00:00:00,30.51,99.03,104.65
2022-01-05 00:00:00,56.72,99.63,128.45
2022-01-06 00:00:00,11.27,112.8,192.93
2022-01-07 00:00:00,24.22,80.63,119.43
2022-01-08 00:00:00,0.0,101.04,136.48
2022-01-09 00:00:00,0.0,92.64,106.31
2022-01-10 00:00:00,0.0,98.74,120.28
2022-01-11 00:00:00,30.89,93.71,113.18
2022-01-12 00:00:00,10.79,35.24,78.48
2022-01-13 00:00:00,146.48,52.87,78.05
2022-01-14 00:00:00,188.17,39.18,222.58
2022-01-15 00:00:00,138.93,135.72,361.56
2022-01-16 00:00:00,89.38,73.92,180.47
2022-01-17 00:00:00,177.46,84.83,211.33
2022-01-18 00:00:00,182.19,66.48,229.48
2022-01-19 00:00:00,157.63,87.94,329.59
2022-01-20 00:00:00,161.93,70.77,235.5
2022-01-21 00:00:00,56.33,59.72,209.88
2022-01-22 00:00:00,11.8,32.59,94.38
2022-01-23 00:00:00,150.07,42.98,64.28
2022-01-24 00:00:00,270.46,78.56,312.06
2022-01-25 00:00:00,172.15,49.55,334.25
2022-01-26 00:00:00,86.23,34.35,206.9
2022-01-27 00:00:00,76.18,28.68,103.02
2022-01-28 00:00:00,90.31,32.17,119.74
2022-01-29 00:00:00,64.47,35.48,100.72
2022-01-30 00:00:00,48.59,33.26,122.49
2022-01-31 00:00:00,55.2,32.77,90.2
2022-02-01 00:00:00,73.95,17.0,60.04
2022-02-02 00:00:00,99.71,16.26,99.07
2022-02-03 00:00:00,36.61,16.11,110.97
2022-02-04 00:00:00,22.7,16.06,59.38
2022-02-05 00:00:00,0.0,16.16,53.77
2022-02-06 00:00:00,29.1,15.95,43.89
2022-02-07 00:00:00,31.4,15.91,43.52
2022-02-08 00:00:00,95.25,15.94,47.36
2022-02-09 00:00:00,173.83,15.82,147.96
2022-02-10 00:00:00,185.97,16.41,179.62
2022-02-11 00:00:00,216.89,16.35,248.46
2022-02-12 00:00:00,266.94,3.53,334.92
2022-02-13 00:00:00,35.79,3.74,179.89
2022-02-14 00:00:00,24.39,3.61,58.01
2022-02-15 00:00:00,116.01,3.47,66.46
2022-02-16 00:00:00,8.97,3.66,94.35
2022-02-17 00:00:00,70.46,3.31,51.32
2022-02-18 00:00:00,50.42,3.18,59.12
2022-02-19 00:00:00,14.07,3.51,61.9
2022-02-20 00:00:00,12.09,3.43,34.77
2022-02-21 00:00:00,28.18,3.4,35.18
2022-02-22 00:00:00,67.45,3.26,35.41
2022-02-23 00:00:00,83.43,3.56,47.36
2022-02-24 00:00:00,62.8,3.24,74.74
2022-02-25 00:00:00,67.82,3.87,74.29
2022-02-26 00:00:00,145.3,3.26,101.24
2022-02-27 00:00:00,88.64,3.7,163.26
2022-02-28 00:00:00,74.57,3.13,121.94
2022-03-01 00:00:00,117.65,3.46,86.96
2022-03-02 00:00:00,133.99,3.45,112.57
2022-03-03 00:00:00,141.29,3.65,165.28
2022-03-04 00:00:00,80.38,4.04,101.82
2022-03-05 00:00:00,58.61,3.31,86.53
2022-03-06 00:00:00,21.7,3.51,72.87
2022-03-07 00:00:00,276.13,3.59,87.82
2022-03-08 00:00:00,130.34,3.33,251.33
2022-03-09 00:00:00,144.91,3.49,173.0
2022-03-10 00:00:00,102.92,3.09,159.79
2022-03-11 00:00:00,95.12,3.57,83.01
2022-03-12 00:00:00,60.58,3.37,143.38
2022-03-13 00:00:00,121.51,3.55,70.93
2022-03-14 00:00:00,74.99,3.39,166.69
2022-03-15 00:00:00,145.55,3.31,95.73
2022-03-16 00:00:00,227.31,3.34,298.69
2022-03-17 00:00:00,94.27,2.39,123.71
2022-03-18 00:00:00,143.24,2.61,86.49
2022-03-19 00:00:00,98.66,2.61,174.32
2022-03-20 00:00:00,45.38,2.61,66.78
2022-03-21 00:00:00,47.83,2.61,131.17
2022-03-22 00:00:00,184.84,2.61,72.98
2022-03-23 00:00:00,242.3,2.61,296.67
2022-03-24 00:00:00,372.84,2.61,321.35
2022-03-25 00:00:00,203.63,2.6,356.78
2022-03-26 00:00:00,255.2,2.6,240.79
2022-03-27 00:00:00,,,250.77
2022-03-28 00:00:00,192.02,2.58,184.56
2022-03-29 00:00:00,308.04,2.58,318.14
2022-03-30 00:00:00,214.48,2.58,351.16
2022-03-31 00:00:00,108.62,2.57,217.26
2022-04-01 00:00:00,108.25,2.57,107.09
2022-04-02 00:00:00,103.92,3.2,112.89
2022-04-03 00:00:00,21.87,2.64,86.79
2022-04-04 00:00:00,64.37,2.71,79.19
2022-04-05 00:00:00,279.85,2.72,226.4
2022-04-06 00:00:00,191.95,2.85,388.21
2022-04-07 00:00:00,87.71,2.72,134.68
2022-04-08 00:00:00,21.37,2.72,52.12
2022-04-09 00:00:00,65.85,2.72,41.02
2022-04-10 00:00:00,49.91,2.73,84.69
2022-04-11 00:00:00,54.26,1.59,77.71
2022-04-12 00:00:00,67.44,0.0,70.01
2022-04-13 00:00:00,186.72,0.49,161.94
2022-04-14 00:00:00,56.58,0.97,88.03
2022-04-15 00:00:00,41.64,2.58,56.93
2022-04-16 00:00:00,10.7,2.53,69.52
2022-04-17 00:00:00,17.29,2.61,44.57
2022-04-18 00:00:00,63.15,2.61,88.93
2022-04-19 00:00:00,14.41,2.61,55.45
2022-04-20 00:00:00,126.75,2.61,56.31
2022-04-21 00:00:00,166.15,2.61,211.8
2022-04-22 00:00:00,188.61,2.09,175.02
2022-04-23 00:00:00,31.7,2.61,141.03
2022-04-24 00:00:00,72.18,2.61,41.08
2022-04-25 00:00:00,50.76,2.61,112.71
2022-04-26 00:00:00,14.57,2.59,93.67
2022-04-27 00:00:00,4.71,2.61,44.49
2022-04-28 00:00:00,2.73,2.61,38.05
2022-04-29 00:00:00,0.0,2.61,33.94
2022-04-30 00:00:00,160.55,2.61,51.15
2022-05-01 00:00:00,93.5,2.61,146.6
2022-05-02 00:00:00,3.64,2.61,102.59
2022-05-03 00:00:00,219.12,2.61,77.34
2022-05-04 00:00:00,498.45,2.61,542.27
2022-05-05 00:00:00,330.89,2.53,599.96
2022-05-06 00:00:00,229.95,2.53,285.94
2022-05-07 00:00:00,152.79,2.53,122.28
2022-05-08 00:00:00,124.36,2.48,189.11
2022-05-09 00:00:00,227.96,2.39,293.46
2022-05-10 00:00:00,298.62,2.38,350.94
2022-05-11 00:00:00,268.41,2.34,268.7
2022-05-12 00:00:00,205.47,2.38,344.12
2022-05-13 00:00:00,218.32,2.38,149.98
2022-05-14 00:00:00,96.6,2.38,165.21
2022-05-15 00:00:00,60.47,2.37,99.54
2022-05-16 00:00:00,72.53,2.38,127.15
2022-05-17 00:00:00,190.31,2.37,109.63
2022-05-18 00:00:00,126.29,2.37,213.87
2022-05-19 00:00:00,137.99,2.35,132.16
2022-05-20 00:00:00,183.1,2.37,217.62
2022-05-21 00:00:00,66.38,2.38,141.27
2022-05-22 00:00:00,16.49,2.37,85.42
2022-05-23 00:00:00,44.39,2.37,58.54
2022-05-24 00:00:00,112.84,2.37,90.29
2022-05-25 00:00:00,19.07,2.36,74.39
2022-05-26 00:00:00,11.58,2.36,32.54
2022-05-27 00:00:00,10.02,2.39,29.89
2022-05-28 00:00:00,83.32,2.27,16.88
2022-05-29 00:00:00,20.23,1.83,53.68
2022-05-30 00:00:00,16.01,2.22,96.13
2022-05-31 00:00:00,44.5,2.36,54.16
2022-06-01 00:00:00,20.88,2.2,52.81
2022-06-02 00:00:00,134.77,1.86,67.49
2022-06-03 00:00:00,31.8,2.62,104.89
2022-06-04 00:00:00,14.1,2.62,23.41
2022-06-05 00:00:00,25.48,2.62,23.53
2022-06-06 00:00:00,15.26,2.62,42.63
2022-06-07 00:00:00,16.35,2.62,28.52
2022-06-08 00:00:00,10.54,2.62,26.79
2022-06-09 00:00:00,6.64,1.97,24.05
2022-06-10 00:00:00,22.17,2.56,21.62
2022-06-11 00:00:00,15.13,2.59,21.36
2022-06-12 00:00:00,37.54,2.59,26.95
2022-06-13 00:00:00,115.07,2.52,44.76
2022-06-14 00:00:00,256.19,2.63,264.22
2022-06-15 00:00:00,28.09,2.63,110.61
2022-06-16 00:00:00,11.7,2.44,24.11
2022-06-17 00:00:00,48.87,2.6,21.09
2022-06-18 00:00:00,31.72,2.63,69.0
2022-06-19 00:00:00,11.46,2.62,22.74
2022-06-20 00:00:00,5.2,2.62,20.68
2022-06-21 00:00:00,6.65,2.62,20.07
2022-06-22 00:00:00,13.0,2.28,19.84
2022-06-23 00:00:00,12.31,2.62,19.39
2022-06-24 00:00:00,11.48,2.53,19.2
2022-06-25 00:00:00,11.7,2.63,18.65
2022-06-26 00:00:00,12.01,2.62,18.26
2022-06-27 00:00:00,11.65,2.62,18.04
2022-06-28 00:00:00,9.03,2.62,17.66
2022-06-29 00:00:00,12.63,2.62,17.37
2022-06-30 00:00:00,15.33,2.62,17.11
2022-07-01 00:00:00,8.38,13.47,16.9
2022-07-02 00:00:00,11.97,13.95,26.17
2022-07-03 00:00:00,12.28,11.72,26.82
2022-07-04 00:00:00,12.24,13.57,24.84
2022-07-05 00:00:00,9.43,13.81,26.05
2022-07-06 00:00:00,13.09,12.91,25.74
2022-07-07 00:00:00,12.51,13.52,24.84
2022-07-08 00:00:00,12.36,13.74,24.93
2022-07-09 00:00:00,15.84,12.47,24.84
2022-07-10 00:00:00,12.04,10.01,24.27
2022-07-11 00:00:00,12.73,14.16,22.89
2022-07-12 00:00:00,0.0,13.72,25.15
2022-07-13 00:00:00,10.02,13.86,24.62
2022-07-14 00:00:00,13.28,13.21,33.34
2022-07-15 00:00:00,10.8,13.48,16.31
2022-07-16 00:00:00,3.89,12.88,25.26
2022-07-17 00:00:00,11.84,10.36,23.91
2022-07-18 00:00:00,11.97,13.73,31.37
2022-07-19 00:00:00,,,16.75
2022-07-20 00:00:00,15.91,14.2,24.88
2022-07-21 00:00:00,4.28,12.31,24.82
2022-07-22 00:00:00,8.29,13.16,32.56
2022-07-23 00:00:00,12.3,13.07,16.07
2022-07-24 00:00:00,13.42,11.67,24.05
2022-07-25 00:00:00,11.89,13.31,23.34
2022-07-26 00:00:00,6.42,13.38,24.95
2022-07-27 00:00:00,64.92,13.24,24.9
2022-07-28 00:00:00,211.11,13.24,133.34
2022-07-29 00:00:00,192.61,13.88,243.42
2022-07-30 00:00:00,64.49,12.91,80.52
2022-07-31 00:00:00,26.44,10.82,90.53
2022-08-01 00:00:00,15.15,11.22,28.37
2022-08-02 00:00:00,10.51,13.59,26.52
2022-08-03 00:00:00,59.84,13.31,32.44
2022-08-04 00:00:00,65.63,13.85,51.56
2022-08-05 00:00:00,,,81.57
2022-08-06 00:00:00,,,92.65
