timestamp,use_kW
2016-01-01 05:00:00,0.6196666666666667
2016-01-01 05:01:00,0.61
2016-01-01 05:02:00,0.613
2016-01-01 05:03:00,0.64
2016-01-01 05:04:00,0.6416666666666667
2016-01-01 05:05:00,0.652
2016-01-01 05:06:00,0.66
2016-01-01 05:07:00,0.6653333333333333
2016-01-01 05:08:00,0.671
2016-01-01 05:09:00,0.64
2016-01-01 05:10:00,0.62
2016-01-01 05:11:00,0.608
2016-01-01 05:12:00,0.59
2016-01-01 05:13:00,0.5853333333333333
2016-01-01 05:14:00,0.59
2016-01-01 05:15:00,0.6053333333333334
2016-01-01 05:16:00,0.6326666666666667
2016-01-01 05:17:00,0.668
2016-01-01 05:18:00,0.6926666666666667
2016-01-01 05:19:00,0.6866666666666668
2016-01-01 05:20:00,0.645
2016-01-01 05:21:00,0.6153333333333334
2016-01-01 05:22:00,0.6023333333333334
2016-01-01 05:23:00,0.6
2016-01-01 05:24:00,0.6
2016-01-01 05:25:00,0.6173333333333333
2016-01-01 05:26:00,0.629
2016-01-01 05:27:00,0.63
2016-01-01 05:28:00,0.6396666666666667
2016-01-01 05:29:00,0.6396666666666667
2016-01-01 05:30:00,0.6293333333333333
2016-01-01 05:31:00,0.6140000000000001
2016-01-01 05:32:00,0.5559999999999999
2016-01-01 05:33:00,0.5266666666666667
2016-01-01 05:34:00,0.504
2016-01-01 05:35:00,0.4776666666666667
2016-01-01 05:36:00,0.47
2016-01-01 05:37:00,0.482
2016-01-01 05:38:00,0.5166666666666667
2016-01-01 05:39:00,0.5373333333333333
2016-01-01 05:40:00,0.558
2016-01-01 05:41:00,0.57
2016-01-01 05:42:00,0.5746666666666667
2016-01-01 05:43:00,0.58
2016-01-01 05:44:00,0.5853333333333333
2016-01-01 05:45:00,0.5956666666666666
2016-01-01 05:46:00,0.606
2016-01-01 05:47:00,0.6226666666666667
2016-01-01 05:48:00,0.6366666666666667
2016-01-01 05:49:00,0.654
2016-01-01 05:50:00,0.66
2016-01-01 05:51:00,0.6753333333333333
2016-01-01 05:52:00,0.712
2016-01-01 05:53:00,0.7283333333333333
2016-01-01 05:54:00,0.73
2016-01-01 05:55:00,0.676
2016-01-01 05:56:00,0.6046666666666667
2016-01-01 05:57:00,0.5516666666666666
2016-01-01 05:58:00,0.5293333333333333
2016-01-01 05:59:00,0.51
2016-01-01 06:00:00,0.511
2016-01-01 06:01:00,0.5226666666666666
2016-01-01 06:02:00,0.5433333333333333
2016-01-01 06:03:00,0.5660000000000001
2016-01-01 06:04:00,0.6063333333333333
2016-01-01 06:05:00,0.6573333333333334
2016-01-01 06:06:00,0.662
2016-01-01 06:07:00,0.7
2016-01-01 06:08:00,0.7346666666666667
2016-01-01 06:09:00,0.776
2016-01-01 06:10:00,0.7913333333333334
2016-01-01 06:11:00,0.7706666666666667
2016-01-01 06:12:00,0.715
2016-01-01 06:13:00,0.6486666666666667
2016-01-01 06:14:00,0.6186666666666666
2016-01-01 06:15:00,0.61
2016-01-01 06:16:00,0.61
2016-01-01 06:17:00,0.6166666666666667
2016-01-01 06:18:00,0.599
2016-01-01 06:19:00,0.5753333333333333
2016-01-01 06:20:00,0.547
2016-01-01 06:21:00,0.516
2016-01-01 06:22:00,0.4933333333333333
2016-01-01 06:23:00,0.464
2016-01-01 06:24:00,0.451
2016-01-01 06:25:00,0.478
2016-01-01 06:26:00,0.509
2016-01-01 06:27:00,0.5103333333333333
2016-01-01 06:28:00,0.522
2016-01-01 06:29:00,0.551
2016-01-01 06:30:00,0.5586666666666668
2016-01-01 06:31:00,0.5533333333333333
2016-01-01 06:32:00,0.57
2016-01-01 06:33:00,0.57
2016-01-01 06:34:00,0.5726666666666667
2016-01-01 06:35:00,0.583
2016-01-01 06:36:00,0.5966666666666666
2016-01-01 06:37:00,0.6136666666666667
2016-01-01 06:38:00,0.624
2016-01-01 06:39:00,0.6386666666666667
2016-01-01 06:40:00,0.6453333333333333
2016-01-01 06:41:00,0.615
2016-01-01 06:42:00,0.5526666666666666
2016-01-01 06:43:00,0.4803333333333333
2016-01-01 06:44:00,0.42
2016-01-01 06:45:00,0.362
2016-01-01 06:46:00,0.34
2016-01-01 06:47:00,0.319
2016-01-01 06:48:00,0.332
2016-01-01 06:49:00,0.386
2016-01-01 06:50:00,0.48
2016-01-01 06:51:00,0.575
2016-01-01 06:52:00,0.6506666666666666
2016-01-01 06:53:00,0.669
2016-01-01 06:54:00,0.698
2016-01-01 06:55:00,0.7193333333333333
2016-01-01 06:56:00,0.7406666666666666
2016-01-01 06:57:00,0.76
2016-01-01 06:58:00,0.762
2016-01-01 06:59:00,0.7773333333333333
2016-01-01 07:00:00,0.7583333333333333
2016-01-01 07:01:00,0.752
2016-01-01 07:02:00,0.7576666666666667
2016-01-01 07:03:00,0.75
2016-01-01 07:04:00,0.75
2016-01-01 07:05:00,0.7066666666666667
2016-01-01 07:06:00,0.5686666666666667
2016-01-01 07:07:00,0.432
2016-01-01 07:08:00,0.3296666666666666
2016-01-01 07:09:00,0.2666666666666666
2016-01-01 07:10:00,0.2299999999999999
2016-01-01 07:11:00,0.236
2016-01-01 07:12:00,0.3066666666666666
2016-01-01 07:13:00,0.4039999999999999
2016-01-01 07:14:00,0.4906666666666667
2016-01-01 07:15:00,0.52
2016-01-01 07:16:00,0.548
2016-01-01 07:17:00,0.5746666666666667
2016-01-01 07:18:00,0.6106666666666667
2016-01-01 07:19:00,0.66
2016-01-01 07:20:00,0.7033333333333333
2016-01-01 07:21:00,0.7446666666666667
2016-01-01 07:22:00,0.759
2016-01-01 07:23:00,0.7693333333333334
2016-01-01 07:24:00,0.7893333333333333
2016-01-01 07:25:00,0.7900000000000001
2016-01-01 07:26:00,0.7906666666666667
2016-01-01 07:27:00,0.793
2016-01-01 07:28:00,0.7166666666666667
2016-01-01 07:29:00,0.6133333333333333
2016-01-01 07:30:00,0.504
2016-01-01 07:31:00,0.3836666666666666
2016-01-01 07:32:00,0.322
2016-01-01 07:33:00,0.291
2016-01-01 07:34:00,0.29
2016-01-01 07:35:00,0.3813333333333333
2016-01-01 07:36:00,0.51
2016-01-01 07:37:00,0.5916666666666667
2016-01-01 07:38:00,0.6433333333333333
2016-01-01 07:39:00,0.685
2016-01-01 07:40:00,0.7106666666666667
2016-01-01 07:41:00,0.737
2016-01-01 07:42:00,0.75
2016-01-01 07:43:00,0.7626666666666666
2016-01-01 07:44:00,0.7766666666666667
2016-01-01 07:45:00,0.773
2016-01-01 07:46:00,0.7626666666666666
2016-01-01 07:47:00,0.7676666666666667
2016-01-01 07:48:00,0.778
2016-01-01 07:49:00,0.7966666666666667
2016-01-01 07:50:00,0.7826666666666667
2016-01-01 07:51:00,0.735
2016-01-01 07:52:00,0.6553333333333333
2016-01-01 07:53:00,0.6016666666666667
2016-01-01 07:54:00,0.5996666666666666
2016-01-01 07:55:00,0.5906666666666667
2016-01-01 07:56:00,0.602
2016-01-01 07:57:00,0.624
2016-01-01 07:58:00,0.6566666666666666
2016-01-01 07:59:00,0.696
2016-01-01 08:00:00,0.7223333333333333
2016-01-01 08:01:00,0.7353333333333333
2016-01-01 08:02:00,0.75
2016-01-01 08:03:00,0.75
2016-01-01 08:04:00,0.7536666666666666
2016-01-01 08:05:00,0.764
2016-01-01 08:06:00,0.783
2016-01-01 08:07:00,0.8046666666666666
2016-01-01 08:08:00,0.81
2016-01-01 08:09:00,0.8260000000000001
2016-01-01 08:10:00,0.8343333333333333
2016-01-01 08:11:00,0.836
2016-01-01 08:12:00,0.84
2016-01-01 08:13:00,0.8466666666666666
2016-01-01 08:14:00,0.836
2016-01-01 08:15:00,0.808
2016-01-01 08:16:00,0.7616666666666667
2016-01-01 08:17:00,0.734
2016-01-01 08:18:00,0.705
2016-01-01 08:19:00,0.6913333333333332
2016-01-01 08:20:00,0.69
2016-01-01 08:21:00,0.7086666666666666
2016-01-01 08:22:00,0.7486666666666667
2016-01-01 08:23:00,0.771
2016-01-01 08:24:00,0.8013333333333335
2016-01-01 08:25:00,0.821
2016-01-01 08:26:00,0.8313333333333333
2016-01-01 08:27:00,0.8433333333333334
2016-01-01 08:28:00,0.86
2016-01-01 08:29:00,0.8623333333333334
2016-01-01 08:30:00,0.8726666666666667
2016-01-01 08:31:00,0.8830000000000001
2016-01-01 08:32:00,0.8866666666666667
2016-01-01 08:33:00,0.88
2016-01-01 08:34:00,0.884
2016-01-01 08:35:00,0.8943333333333334
2016-01-01 08:36:00,0.9046666666666668
2016-01-01 08:37:00,0.895
2016-01-01 08:38:00,0.8853333333333333
2016-01-01 08:39:00,0.9013333333333332
2016-01-01 08:40:00,0.91
2016-01-01 08:41:00,0.91
2016-01-01 08:42:00,0.91
2016-01-01 08:43:00,0.917
2016-01-01 08:44:00,0.92
2016-01-01 08:45:00,0.8893333333333333
2016-01-01 08:46:00,0.856
2016-01-01 08:47:00,0.8666666666666667
2016-01-01 08:48:00,0.8526666666666666
2016-01-01 08:49:00,0.841
2016-01-01 08:50:00,0.7933333333333333
2016-01-01 08:51:00,0.7223333333333333
2016-01-01 08:52:00,0.6483333333333333
2016-01-01 08:53:00,0.598
2016-01-01 08:54:00,0.5660000000000001
2016-01-01 08:55:00,0.5286666666666667
2016-01-01 08:56:00,0.515
2016-01-01 08:57:00,0.488
2016-01-01 08:58:00,0.4776666666666667
2016-01-01 08:59:00,0.47
2016-01-01 09:00:00,0.458
2016-01-01 09:01:00,0.4233333333333333
2016-01-01 09:02:00,0.4026666666666667
2016-01-01 09:03:00,0.378
2016-01-01 09:04:00,0.36
2016-01-01 09:05:00,0.3553333333333333
2016-01-01 09:06:00,0.3549999999999999
2016-01-01 09:07:00,0.3653333333333333
2016-01-01 09:08:00,0.3813333333333333
2016-01-01 09:09:00,0.39
2016-01-01 09:10:00,0.3963333333333333
2016-01-01 09:11:00,0.42
2016-01-01 09:12:00,0.444
2016-01-01 09:13:00,0.4646666666666667
2016-01-01 09:14:00,0.5083333333333333
2016-01-01 09:15:00,0.584
2016-01-01 09:16:00,0.6083333333333333
2016-01-01 09:17:00,0.662
2016-01-01 09:18:00,0.688
2016-01-01 09:19:00,0.7273333333333334
2016-01-01 09:20:00,0.73
2016-01-01 09:21:00,0.749
2016-01-01 09:22:00,0.7186666666666667
2016-01-01 09:23:00,0.6869999999999999
2016-01-01 09:24:00,0.5593333333333332
2016-01-01 09:25:00,0.4833333333333333
2016-01-01 09:26:00,0.448
2016-01-01 09:27:00,0.4423333333333333
2016-01-01 09:28:00,0.4526666666666666
2016-01-01 09:29:00,0.487
2016-01-01 09:30:00,0.61
2016-01-01 09:31:00,0.7923333333333333
2016-01-01 09:32:00,0.904
2016-01-01 09:33:00,0.897
2016-01-01 09:34:00,0.8846666666666666
2016-01-01 09:35:00,0.88
2016-01-01 09:36:00,0.8646666666666667
2016-01-01 09:37:00,0.843
2016-01-01 09:38:00,0.8
2016-01-01 09:39:00,0.7103333333333334
2016-01-01 09:40:00,0.6166666666666667
2016-01-01 09:41:00,0.576
2016-01-01 09:42:00,0.57
2016-01-01 09:43:00,0.57
2016-01-01 09:44:00,0.554
2016-01-01 09:45:00,0.6
2016-01-01 09:46:00,0.5926666666666666
2016-01-01 09:47:00,0.554
2016-01-01 09:48:00,0.5126666666666667
2016-01-01 09:49:00,0.4906666666666666
2016-01-01 09:50:00,0.44
2016-01-01 09:51:00,0.44
2016-01-01 09:52:00,0.439
2016-01-01 09:53:00,0.434
2016-01-01 09:54:00,0.4616666666666666
2016-01-01 09:55:00,0.476
2016-01-01 09:56:00,0.5023333333333333
2016-01-01 09:57:00,0.5153333333333333
2016-01-01 09:58:00,0.539
2016-01-01 09:59:00,0.5733333333333334
2016-01-01 10:00:00,0.611
2016-01-01 10:01:00,0.646
2016-01-01 10:02:00,0.6786666666666666
2016-01-01 10:03:00,0.69
2016-01-01 10:04:00,0.6799999999999999
2016-01-01 10:05:00,0.6593333333333333
2016-01-01 10:06:00,0.6443333333333334
2016-01-01 10:07:00,0.652
2016-01-01 10:08:00,0.66
2016-01-01 10:09:00,0.6866666666666666
2016-01-01 10:10:00,0.7
2016-01-01 10:11:00,0.656
2016-01-01 10:12:00,0.594
2016-01-01 10:13:00,0.548
2016-01-01 10:14:00,0.515
2016-01-01 10:15:00,0.4926666666666666
2016-01-01 10:16:00,0.49
2016-01-01 10:17:00,0.4993333333333333
2016-01-01 10:18:00,0.5386666666666666
2016-01-01 10:19:00,0.6203333333333333
2016-01-01 10:20:00,0.6333333333333333
2016-01-01 10:21:00,0.682
2016-01-01 10:22:00,0.7026666666666667
2016-01-01 10:23:00,0.7233333333333333
2016-01-01 10:24:00,0.74
2016-01-01 10:25:00,0.74
2016-01-01 10:26:00,0.7453333333333333
2016-01-01 10:27:00,0.763
2016-01-01 10:28:00,0.78
2016-01-01 10:29:00,0.8073333333333333
2016-01-01 10:30:00,0.8079999999999999
2016-01-01 10:31:00,0.7856666666666666
2016-01-01 10:32:00,0.7753333333333334
2016-01-01 10:33:00,0.75
2016-01-01 10:34:00,0.7086666666666666
2016-01-01 10:35:00,0.6503333333333333
2016-01-01 10:36:00,0.608
2016-01-01 10:37:00,0.5873333333333333
2016-01-01 10:38:00,0.58
2016-01-01 10:39:00,0.587
2016-01-01 10:40:00,0.6046666666666667
2016-01-01 10:41:00,0.6406666666666666
2016-01-01 10:42:00,0.674
2016-01-01 10:43:00,0.6966666666666667
2016-01-01 10:44:00,0.7260000000000001
2016-01-01 10:45:00,0.748
2016-01-01 10:46:00,0.7593333333333334
2016-01-01 10:47:00,0.789
2016-01-01 10:48:00,0.811
2016-01-01 10:49:00,0.8426666666666666
2016-01-01 10:50:00,0.882
2016-01-01 10:51:00,0.9013333333333332
2016-01-01 10:52:00,0.9083333333333332
2016-01-01 10:53:00,0.902
2016-01-01 10:54:00,0.91
2016-01-01 10:55:00,0.91
2016-01-01 10:56:00,0.913
2016-01-01 10:57:00,0.9133333333333334
2016-01-01 10:58:00,0.9036666666666666
2016-01-01 10:59:00,0.898
2016-01-01 11:00:00,0.8886666666666667
2016-01-01 11:01:00,0.886
2016-01-01 11:02:00,0.865
2016-01-01 11:03:00,0.86
2016-01-01 11:04:00,0.8656666666666666
2016-01-01 11:05:00,0.864
2016-01-01 11:06:00,0.8536666666666667
2016-01-01 11:07:00,0.8233333333333334
2016-01-01 11:08:00,0.754
2016-01-01 11:09:00,0.7226666666666667
2016-01-01 11:10:00,0.7046666666666667
2016-01-01 11:11:00,0.7
2016-01-01 11:12:00,0.675
2016-01-01 11:13:00,0.644
2016-01-01 11:14:00,0.613
2016-01-01 11:15:00,0.61
2016-01-01 11:16:00,0.6196666666666667
2016-01-01 11:17:00,0.6303333333333333
2016-01-01 11:18:00,0.6406666666666666
2016-01-01 11:19:00,0.645
2016-01-01 11:20:00,0.5973333333333333
2016-01-01 11:21:00,0.5766666666666667
2016-01-01 11:22:00,0.5619999999999999
2016-01-01 11:23:00,0.57
2016-01-01 11:24:00,0.5673333333333334
2016-01-01 11:25:00,0.5660000000000001
2016-01-01 11:26:00,0.58
2016-01-01 11:27:00,0.5836666666666666
2016-01-01 11:28:00,0.59
2016-01-01 11:29:00,0.5943333333333333
2016-01-01 11:30:00,0.6186666666666666
2016-01-01 11:31:00,0.6649999999999999
2016-01-01 11:32:00,0.706
2016-01-01 11:33:00,0.7483333333333333
2016-01-01 11:34:00,0.788
2016-01-01 11:35:00,0.8063333333333333
2016-01-01 11:36:00,0.8166666666666667
2016-01-01 11:37:00,0.8130000000000001
2016-01-01 11:38:00,0.8026666666666668
2016-01-01 11:39:00,0.7156666666666667
2016-01-01 11:40:00,0.658
2016-01-01 11:41:00,0.5916666666666667
2016-01-01 11:42:00,0.554
2016-01-01 11:43:00,0.532
2016-01-01 11:44:00,0.53
2016-01-01 11:45:00,0.4623333333333334
2016-01-01 11:46:00,0.4096666666666666
2016-01-01 11:47:00,0.4
2016-01-01 11:48:00,0.402
2016-01-01 11:49:00,0.4306666666666666
2016-01-01 11:50:00,0.505
2016-01-01 11:51:00,0.534
2016-01-01 11:52:00,0.5546666666666666
2016-01-01 11:53:00,0.5646666666666665
2016-01-01 11:54:00,0.5589999999999999
2016-01-01 11:55:00,0.5633333333333332
2016-01-01 11:56:00,0.5336666666666667
2016-01-01 11:57:00,0.532
2016-01-01 11:58:00,0.5243333333333333
2016-01-01 11:59:00,0.516
2016-01-01 12:00:00,0.495
2016-01-01 12:01:00,0.4846666666666666
2016-01-01 12:02:00,0.4856666666666667
2016-01-01 12:03:00,0.4959999999999999
2016-01-01 12:04:00,0.5063333333333333
2016-01-01 12:05:00,0.51
2016-01-01 12:06:00,0.4959999999999999
2016-01-01 12:07:00,0.4606666666666666
2016-01-01 12:08:00,0.4423333333333333
2016-01-01 12:09:00,0.424
2016-01-01 12:10:00,0.42
2016-01-01 12:11:00,0.4286666666666666
2016-01-01 12:12:00,0.448
2016-01-01 12:13:00,0.4686666666666666
2016-01-01 12:14:00,0.4893333333333333
2016-01-01 12:15:00,0.5206666666666667
2016-01-01 12:16:00,0.5406666666666667
2016-01-01 12:17:00,0.552
2016-01-01 12:18:00,0.5713333333333332
2016-01-01 12:19:00,0.58
2016-01-01 12:20:00,0.582
2016-01-01 12:21:00,0.5876666666666667
2016-01-01 12:22:00,0.5826666666666667
2016-01-01 12:23:00,0.587
2016-01-01 12:24:00,0.58
2016-01-01 12:25:00,0.5763333333333333
2016-01-01 12:26:00,0.578
2016-01-01 12:27:00,0.59
2016-01-01 12:28:00,0.5993333333333334
2016-01-01 12:29:00,0.59
2016-01-01 12:30:00,0.538
2016-01-01 12:31:00,0.4873333333333333
2016-01-01 12:32:00,0.4459999999999999
2016-01-01 12:33:00,0.4173333333333333
2016-01-01 12:34:00,0.3966666666666666
2016-01-01 12:35:00,0.39
2016-01-01 12:36:00,0.3973333333333333
2016-01-01 12:37:00,0.4306666666666666
2016-01-01 12:38:00,0.456
2016-01-01 12:39:00,0.5016666666666667
2016-01-01 12:40:00,0.5186666666666667
2016-01-01 12:41:00,0.529
2016-01-01 12:42:00,0.5486666666666667
2016-01-01 12:43:00,0.5693333333333332
2016-01-01 12:44:00,0.5806666666666666
2016-01-01 12:45:00,0.602
2016-01-01 12:46:00,0.631
2016-01-01 12:47:00,0.6426666666666667
2016-01-01 12:48:00,0.6633333333333334
2016-01-01 12:49:00,0.68
2016-01-01 12:50:00,0.6846666666666666
2016-01-01 12:51:00,0.7
2016-01-01 12:52:00,0.6729999999999999
2016-01-01 12:53:00,0.5833333333333334
2016-01-01 12:54:00,0.5043333333333334
2016-01-01 12:55:00,0.44
2016-01-01 12:56:00,0.397
2016-01-01 12:57:00,0.38
2016-01-01 12:58:00,0.38
2016-01-01 12:59:00,0.3853333333333333
2016-01-01 13:00:00,0.407
2016-01-01 13:01:00,0.444
2016-01-01 13:02:00,0.4663333333333333
2016-01-01 13:03:00,0.4766666666666666
2016-01-01 13:04:00,0.487
2016-01-01 13:05:00,0.49
2016-01-01 13:06:00,0.4976666666666666
2016-01-01 13:07:00,0.508
2016-01-01 13:08:00,0.5183333333333333
2016-01-01 13:09:00,0.5373333333333333
2016-01-01 13:10:00,0.576
2016-01-01 13:11:00,0.5893333333333334
2016-01-01 13:12:00,0.59
2016-01-01 13:13:00,0.6206666666666667
2016-01-01 13:14:00,0.6406666666666666
2016-01-01 13:15:00,0.639
2016-01-01 13:16:00,0.528
2016-01-01 13:17:00,0.4433333333333333
2016-01-01 13:18:00,0.4039999999999999
2016-01-01 13:19:00,0.3753333333333333
2016-01-01 13:20:00,0.3626666666666666
2016-01-01 13:21:00,0.373
2016-01-01 13:22:00,0.3833333333333333
2016-01-01 13:23:00,0.3973333333333333
2016-01-01 13:24:00,0.426
2016-01-01 13:25:00,0.463
2016-01-01 13:26:00,0.4986666666666667
2016-01-01 13:27:00,0.525
2016-01-01 13:28:00,0.5406666666666667
2016-01-01 13:29:00,0.5443333333333334
2016-01-01 13:30:00,0.552
2016-01-01 13:31:00,0.5536666666666668
2016-01-01 13:32:00,0.55
2016-01-01 13:33:00,0.543
2016-01-01 13:34:00,0.5326666666666667
2016-01-01 13:35:00,0.53
2016-01-01 13:36:00,0.514
2016-01-01 13:37:00,0.5183333333333333
2016-01-01 13:38:00,0.546
2016-01-01 13:39:00,0.568
2016-01-01 13:40:00,0.5793333333333333
2016-01-01 13:41:00,0.58
2016-01-01 13:42:00,0.5896666666666666
2016-01-01 13:43:00,0.578
2016-01-01 13:44:00,0.547
2016-01-01 13:45:00,0.5173333333333333
2016-01-01 13:46:00,0.5033333333333333
2016-01-01 13:47:00,0.524
2016-01-01 13:48:00,0.5446666666666666
2016-01-01 13:49:00,0.5573333333333335
2016-01-01 13:50:00,0.544
2016-01-01 13:51:00,0.53
2016-01-01 13:52:00,0.53
2016-01-01 13:53:00,0.526
2016-01-01 13:54:00,0.52
2016-01-01 13:55:00,0.52
2016-01-01 13:56:00,0.5449999999999999
2016-01-01 13:57:00,0.554
2016-01-01 13:58:00,0.5456666666666667
2016-01-01 13:59:00,0.5559999999999999
2016-01-01 14:00:00,0.5663333333333332
2016-01-01 14:01:00,0.5766666666666665
2016-01-01 14:02:00,0.538
2016-01-01 14:03:00,0.4686666666666667
2016-01-01 14:04:00,0.427
2016-01-01 14:05:00,0.38
2016-01-01 14:06:00,0.345
2016-01-01 14:07:00,0.3226666666666666
2016-01-01 14:08:00,0.311
2016-01-01 14:09:00,0.338
2016-01-01 14:10:00,0.3593333333333333
2016-01-01 14:11:00,0.3806666666666666
2016-01-01 14:12:00,0.4013333333333334
2016-01-01 14:13:00,0.423
2016-01-01 14:14:00,0.4526666666666666
2016-01-01 14:15:00,0.4733333333333333
2016-01-01 14:16:00,0.4959999999999999
2016-01-01 14:17:00,0.5176666666666667
2016-01-01 14:18:00,0.5206666666666667
2016-01-01 14:19:00,0.5589999999999999
2016-01-01 14:20:00,0.5966666666666666
2016-01-01 14:21:00,0.6483333333333333
2016-01-01 14:22:00,0.696
2016-01-01 14:23:00,0.7416666666666667
2016-01-01 14:24:00,0.7746666666666667
2016-01-01 14:25:00,0.725
2016-01-01 14:26:00,0.6166666666666667
2016-01-01 14:27:00,0.5359999999999999
2016-01-01 14:28:00,0.492
2016-01-01 14:29:00,0.4673333333333333
2016-01-01 14:30:00,0.4466666666666666
2016-01-01 14:31:00,0.447
2016-01-01 14:32:00,0.4646666666666667
2016-01-01 14:33:00,0.5083333333333333
2016-01-01 14:34:00,0.5760000000000001
2016-01-01 14:35:00,0.615
2016-01-01 14:36:00,0.6373333333333334
2016-01-01 14:37:00,0.676
2016-01-01 14:38:00,0.6986666666666665
2016-01-01 14:39:00,0.7193333333333333
2016-01-01 14:40:00,0.7099999999999999
2016-01-01 14:41:00,0.7113333333333334
2016-01-01 14:42:00,0.732
2016-01-01 14:43:00,0.7553333333333333
2016-01-01 14:44:00,0.7933333333333333
2016-01-01 14:45:00,0.81
2016-01-01 14:46:00,0.8076666666666666
2016-01-01 14:47:00,0.8026666666666668
2016-01-01 14:48:00,0.795
2016-01-01 14:49:00,0.74
2016-01-01 14:50:00,0.689
2016-01-01 14:51:00,0.654
2016-01-01 14:52:00,0.6083333333333333
2016-01-01 14:53:00,0.58
2016-01-01 14:54:00,0.58
2016-01-01 14:55:00,0.5853333333333333
2016-01-01 14:56:00,0.607
2016-01-01 14:57:00,0.626
2016-01-01 14:58:00,0.6426666666666667
2016-01-01 14:59:00,0.6566666666666666
2016-01-01 15:00:00,0.667
2016-01-01 15:01:00,0.6773333333333333
2016-01-01 15:02:00,0.6953333333333334
2016-01-01 15:03:00,0.708
2016-01-01 15:04:00,0.6933333333333332
2016-01-01 15:05:00,0.6813333333333333
2016-01-01 15:06:00,0.671
2016-01-01 15:07:00,0.6513333333333333
2016-01-01 15:08:00,0.6403333333333333
2016-01-01 15:09:00,0.63
2016-01-01 15:10:00,0.6293333333333333
2016-01-01 15:11:00,0.616
2016-01-01 15:12:00,0.5746666666666667
2016-01-01 15:13:00,0.5316666666666667
2016-01-01 15:14:00,0.482
2016-01-01 15:15:00,0.4406666666666667
2016-01-01 15:16:00,0.4126666666666666
2016-01-01 15:17:00,0.417
2016-01-01 15:18:00,0.41
2016-01-01 15:19:00,0.421
2016-01-01 15:20:00,0.452
2016-01-01 15:21:00,0.4873333333333333
2016-01-01 15:22:00,0.5193333333333333
2016-01-01 15:23:00,0.5400000000000001
2016-01-01 15:24:00,0.5713333333333334
2016-01-01 15:25:00,0.607
2016-01-01 15:26:00,0.644
2016-01-01 15:27:00,0.7106666666666667
2016-01-01 15:28:00,0.7533333333333334
2016-01-01 15:29:00,0.7739999999999999
2016-01-01 15:30:00,0.8166666666666667
2016-01-01 15:31:00,0.8376666666666667
2016-01-01 15:32:00,0.848
2016-01-01 15:33:00,0.85
2016-01-01 15:34:00,0.8326666666666667
2016-01-01 15:35:00,0.785
2016-01-01 15:36:00,0.6213333333333334
2016-01-01 15:37:00,0.523
2016-01-01 15:38:00,0.4896666666666666
2016-01-01 15:39:00,0.4799999999999999
2016-01-01 15:40:00,0.4799999999999999
2016-01-01 15:41:00,0.4799999999999999
2016-01-01 15:42:00,0.4883333333333333
2016-01-01 15:43:00,0.538
2016-01-01 15:44:00,0.5863333333333334
2016-01-01 15:45:00,0.6453333333333333
2016-01-01 15:46:00,0.669
2016-01-01 15:47:00,0.7033333333333333
2016-01-01 15:48:00,0.7336666666666666
2016-01-01 15:49:00,0.744
2016-01-01 15:50:00,0.7543333333333333
2016-01-01 15:51:00,0.7646666666666667
2016-01-01 15:52:00,0.78
2016-01-01 15:53:00,0.8006666666666667
2016-01-01 15:54:00,0.8156666666666667
2016-01-01 15:55:00,0.82
2016-01-01 15:56:00,0.8136666666666666
2016-01-01 15:57:00,0.81
2016-01-01 15:58:00,0.775
2016-01-01 15:59:00,0.7086666666666666
2016-01-01 16:00:00,0.6363333333333333
2016-01-01 16:01:00,0.588
2016-01-01 16:02:00,0.6466666666666667
2016-01-01 16:03:00,0.6686666666666667
2016-01-01 16:04:00,0.67
2016-01-01 16:05:00,0.67
2016-01-01 16:06:00,0.6603333333333334
2016-01-01 16:07:00,0.65
2016-01-01 16:08:00,0.65
2016-01-01 16:09:00,0.651
2016-01-01 16:10:00,0.6573333333333334
2016-01-01 16:11:00,0.64
2016-01-01 16:12:00,0.642
2016-01-01 16:13:00,0.6523333333333333
2016-01-01 16:14:00,0.6653333333333333
2016-01-01 16:15:00,0.683
2016-01-01 16:16:00,0.6933333333333332
2016-01-01 16:17:00,0.7
2016-01-01 16:18:00,0.704
2016-01-01 16:19:00,0.7186666666666667
2016-01-01 16:20:00,0.7253333333333333
2016-01-01 16:21:00,0.6950000000000001
2016-01-01 16:22:00,0.6593333333333333
2016-01-01 16:23:00,0.6386666666666667
2016-01-01 16:24:00,0.6
2016-01-01 16:25:00,0.5483333333333333
2016-01-01 16:26:00,0.51
2016-01-01 16:27:00,0.458
2016-01-01 16:28:00,0.4326666666666667
2016-01-01 16:29:00,0.4606666666666666
2016-01-01 16:30:00,0.502
2016-01-01 16:31:00,0.5266666666666667
2016-01-01 16:32:00,0.5473333333333333
2016-01-01 16:33:00,0.541
2016-01-01 16:34:00,0.5400000000000001
2016-01-01 16:35:00,0.511
2016-01-01 16:36:00,0.5
2016-01-01 16:37:00,0.5006666666666667
2016-01-01 16:38:00,0.512
2016-01-01 16:39:00,0.534
2016-01-01 16:40:00,0.5650000000000001
2016-01-01 16:41:00,0.592
2016-01-01 16:42:00,0.607
2016-01-01 16:43:00,0.6353333333333333
2016-01-01 16:44:00,0.635
2016-01-01 16:45:00,0.58
2016-01-01 16:46:00,0.5216666666666667
2016-01-01 16:47:00,0.47
2016-01-01 16:48:00,0.427
2016-01-01 16:49:00,0.4006666666666666
2016-01-01 16:50:00,0.39
2016-01-01 16:51:00,0.39
2016-01-01 16:52:00,0.4183333333333333
2016-01-01 16:53:00,0.488
2016-01-01 16:54:00,0.5516666666666666
2016-01-01 16:55:00,0.59
2016-01-01 16:56:00,0.628
2016-01-01 16:57:00,0.6693333333333334
2016-01-01 16:58:00,0.68
2016-01-01 16:59:00,0.696
2016-01-01 17:00:00,0.7583333333333333
2016-01-01 17:01:00,0.77
2016-01-01 17:02:00,0.788
2016-01-01 17:03:00,0.7900000000000001
2016-01-01 17:04:00,0.7900000000000001
2016-01-01 17:05:00,0.7803333333333333
2016-01-01 17:06:00,0.7900000000000001
2016-01-01 17:07:00,0.782
2016-01-01 17:08:00,0.6966666666666667
2016-01-01 17:09:00,0.5966666666666666
2016-01-01 17:10:00,0.526
2016-01-01 17:11:00,0.503
2016-01-01 17:12:00,0.472
2016-01-01 17:13:00,0.45
2016-01-01 17:14:00,0.4533333333333333
2016-01-01 17:15:00,0.471
2016-01-01 17:16:00,0.498
2016-01-01 17:17:00,0.5186666666666667
2016-01-01 17:18:00,0.544
2016-01-01 17:19:00,0.565
2016-01-01 17:20:00,0.586
2016-01-01 17:21:00,0.6226666666666667
2016-01-01 17:22:00,0.664
2016-01-01 17:23:00,0.7053333333333334
2016-01-01 17:24:00,0.7466666666666666
2016-01-01 17:25:00,0.7739999999999999
2016-01-01 17:26:00,0.78
2016-01-01 17:27:00,0.803
2016-01-01 17:28:00,0.8260000000000001
2016-01-01 17:29:00,0.83
2016-01-01 17:30:00,0.83
2016-01-01 17:31:00,0.74
2016-01-01 17:32:00,0.618
2016-01-01 17:33:00,0.494
2016-01-01 17:34:00,0.4583333333333333
2016-01-01 17:35:00,0.408
2016-01-01 17:36:00,0.378
2016-01-01 17:37:00,0.3586666666666666
2016-01-01 17:38:00,0.3616666666666666
2016-01-01 17:39:00,0.442
2016-01-01 17:40:00,0.558
2016-01-01 17:41:00,0.6633333333333333
2016-01-01 17:42:00,0.7
2016-01-01 17:43:00,0.7133333333333333
2016-01-01 17:44:00,0.7326666666666667
2016-01-01 17:45:00,0.72
2016-01-01 17:46:00,0.72
2016-01-01 17:47:00,0.7153333333333334
2016-01-01 17:48:00,0.72
2016-01-01 17:49:00,0.7353333333333333
2016-01-01 17:50:00,0.7456666666666667
2016-01-01 17:51:00,0.75
2016-01-01 17:52:00,0.7563333333333334
2016-01-01 17:53:00,0.7933333333333333
2016-01-01 17:54:00,0.824
2016-01-01 17:55:00,0.8593333333333334
2016-01-01 17:56:00,0.87
2016-01-01 17:57:00,0.878
2016-01-01 17:58:00,0.8966666666666667
2016-01-01 17:59:00,0.9
2016-01-01 18:00:00,0.909
2016-01-01 18:01:00,0.9006666666666666
2016-01-01 18:02:00,0.9
2016-01-01 18:03:00,0.88
2016-01-01 18:04:00,0.8793333333333333
2016-01-01 18:05:00,0.869
2016-01-01 18:06:00,0.8613333333333333
2016-01-01 18:07:00,0.87
2016-01-01 18:08:00,0.87
2016-01-01 18:09:00,0.87
2016-01-01 18:10:00,0.8673333333333333
2016-01-01 18:11:00,0.863
2016-01-01 18:12:00,0.8766666666666667
2016-01-01 18:13:00,0.89
2016-01-01 18:14:00,0.886
2016-01-01 18:15:00,0.8626666666666666
2016-01-01 18:16:00,0.8166666666666667
2016-01-01 18:17:00,0.755
2016-01-01 18:18:00,0.6826666666666666
2016-01-01 18:19:00,0.6046666666666667
2016-01-01 18:20:00,0.534
2016-01-01 18:21:00,0.491
2016-01-01 18:22:00,0.4733333333333333
2016-01-01 18:23:00,0.47
2016-01-01 18:24:00,0.4773333333333333
2016-01-01 18:25:00,0.4876666666666666
2016-01-01 18:26:00,0.522
2016-01-01 18:27:00,0.555
2016-01-01 18:28:00,0.5773333333333334
2016-01-01 18:29:00,0.607
2016-01-01 18:30:00,0.6006666666666667
2016-01-01 18:31:00,0.6
2016-01-01 18:32:00,0.6093333333333334
2016-01-01 18:33:00,0.59
2016-01-01 18:34:00,0.592
2016-01-01 18:35:00,0.6153333333333334
2016-01-01 18:36:00,0.6716666666666667
2016-01-01 18:37:00,0.794
2016-01-01 18:38:00,0.857
2016-01-01 18:39:00,0.88
2016-01-01 18:40:00,0.877
2016-01-01 18:41:00,0.8633333333333333
2016-01-01 18:42:00,0.8426666666666666
2016-01-01 18:43:00,0.814
2016-01-01 18:44:00,0.764
2016-01-01 18:45:00,0.7066666666666667
2016-01-01 18:46:00,0.635
2016-01-01 18:47:00,0.5419999999999999
2016-01-01 18:48:00,0.5
2016-01-01 18:49:00,0.506
2016-01-01 18:50:00,0.529
2016-01-01 18:51:00,0.5333333333333333
2016-01-01 18:52:00,0.544
2016-01-01 18:53:00,0.5646666666666665
2016-01-01 18:54:00,0.6313333333333334
2016-01-01 18:55:00,0.69
2016-01-01 18:56:00,0.7333333333333333
2016-01-01 18:57:00,0.792
2016-01-01 18:58:00,0.809
2016-01-01 18:59:00,0.8006666666666667
2016-01-01 19:00:00,0.8096666666666668
2016-01-01 19:01:00,0.8003333333333333
2016-01-01 19:02:00,0.8140000000000001
2016-01-01 19:03:00,0.863
2016-01-01 19:04:00,0.792
2016-01-01 19:05:00,0.7216666666666666
2016-01-01 19:06:00,0.616
2016-01-01 19:07:00,0.5506666666666667
2016-01-01 19:08:00,0.5093333333333334
2016-01-01 19:09:00,0.483
2016-01-01 19:10:00,0.4933333333333333
2016-01-01 19:11:00,0.522
2016-01-01 19:12:00,0.5760000000000001
2016-01-01 19:13:00,0.6173333333333333
2016-01-01 19:14:00,0.6493333333333333
2016-01-01 19:15:00,0.675
2016-01-01 19:16:00,0.7006666666666667
2016-01-01 19:17:00,0.7156666666666667
2016-01-01 19:18:00,0.7260000000000001
2016-01-01 19:19:00,0.73
2016-01-01 19:20:00,0.7433333333333334
2016-01-01 19:21:00,0.771
2016-01-01 19:22:00,0.7873333333333333
2016-01-01 19:23:00,0.7976666666666666
2016-01-01 19:24:00,0.8160000000000001
2016-01-01 19:25:00,0.8283333333333333
2016-01-01 19:26:00,0.8386666666666667
2016-01-01 19:27:00,0.8130000000000001
2016-01-01 19:28:00,0.7073333333333333
2016-01-01 19:29:00,0.555
2016-01-01 19:30:00,0.4776666666666667
2016-01-01 19:31:00,0.4093333333333333
2016-01-01 19:32:00,0.398
2016-01-01 19:33:00,0.3813333333333333
2016-01-01 19:34:00,0.4066666666666667
2016-01-01 19:35:00,0.514
2016-01-01 19:36:00,0.631
2016-01-01 19:37:00,0.708
2016-01-01 19:38:00,0.712
2016-01-01 19:39:00,0.67
2016-01-01 19:40:00,0.6773333333333333
2016-01-01 19:41:00,0.6940000000000001
2016-01-01 19:42:00,0.7043333333333333
2016-01-01 19:43:00,0.7053333333333334
2016-01-01 19:44:00,0.7
2016-01-01 19:45:00,0.6946666666666667
2016-01-01 19:46:00,0.6673333333333333
2016-01-01 19:47:00,0.62
2016-01-01 19:48:00,0.5683333333333334
2016-01-01 19:49:00,0.4966666666666667
2016-01-01 19:50:00,0.428
2016-01-01 19:51:00,0.4026666666666667
2016-01-01 19:52:00,0.4766666666666667
2016-01-01 19:53:00,0.588
2016-01-01 19:54:00,0.6516666666666667
2016-01-01 19:55:00,0.738
2016-01-01 19:56:00,0.768
2016-01-01 19:57:00,0.7886666666666666
2016-01-01 19:58:00,0.8190000000000001
2016-01-01 19:59:00,0.8496666666666666
2016-01-01 20:00:00,0.8406666666666667
2016-01-01 20:01:00,0.8510000000000001
2016-01-01 20:02:00,0.8586666666666666
2016-01-01 20:03:00,0.8483333333333333
2016-01-01 20:04:00,0.84
2016-01-01 20:05:00,0.8353333333333333
2016-01-01 20:06:00,0.8146666666666665
2016-01-01 20:07:00,0.794
2016-01-01 20:08:00,0.7933333333333333
2016-01-01 20:09:00,0.8236666666666665
2016-01-01 20:10:00,0.83
2016-01-01 20:11:00,0.83
2016-01-01 20:12:00,0.8253333333333333
2016-01-01 20:13:00,0.81
2016-01-01 20:14:00,0.7626666666666666
2016-01-01 20:15:00,0.713
2016-01-01 20:16:00,0.682
2016-01-01 20:17:00,0.6573333333333334
2016-01-01 20:18:00,0.6433333333333333
2016-01-01 20:19:00,0.619
2016-01-01 20:20:00,0.6173333333333333
2016-01-01 20:21:00,0.6506666666666666
2016-01-01 20:22:00,0.724
2016-01-01 20:23:00,0.7900000000000001
2016-01-01 20:24:00,0.8173333333333334
2016-01-01 20:25:00,0.829
2016-01-01 20:26:00,0.83
2016-01-01 20:27:00,0.83
2016-01-01 20:28:00,0.8406666666666667
2016-01-01 20:29:00,0.8593333333333334
2016-01-01 20:30:00,0.8510000000000001
2016-01-01 20:31:00,0.8613333333333333
2016-01-01 20:32:00,0.87
2016-01-01 20:33:00,0.872
2016-01-01 20:34:00,0.8823333333333333
2016-01-01 20:35:00,0.8926666666666667
2016-01-01 20:36:00,0.9
2016-01-01 20:37:00,0.8966666666666667
2016-01-01 20:38:00,0.8753333333333334
2016-01-01 20:39:00,0.83
2016-01-01 20:40:00,0.7913333333333334
2016-01-01 20:41:00,0.766
2016-01-01 20:42:00,0.755
2016-01-01 20:43:00,0.7546666666666667
2016-01-01 20:44:00,0.7273333333333334
2016-01-01 20:45:00,0.7099999999999999
2016-01-01 20:46:00,0.7036666666666667
2016-01-01 20:47:00,0.7066666666666667
2016-01-01 20:48:00,0.703
2016-01-01 20:49:00,0.6853333333333335
2016-01-01 20:50:00,0.6646666666666667
2016-01-01 20:51:00,0.668
2016-01-01 20:52:00,0.6616666666666667
2016-01-01 20:53:00,0.6426666666666667
2016-01-01 20:54:00,0.658
2016-01-01 20:55:00,0.6506666666666666
2016-01-01 20:56:00,0.65
2016-01-01 20:57:00,0.65
2016-01-01 20:58:00,0.648
2016-01-01 20:59:00,0.6140000000000001
2016-01-01 21:00:00,0.5533333333333333
2016-01-01 21:01:00,0.4983333333333333
2016-01-01 21:02:00,0.4459999999999999
2016-01-01 21:03:00,0.4723333333333333
2016-01-01 21:04:00,0.472
2016-01-01 21:05:00,0.4589999999999999
2016-01-01 21:06:00,0.4799999999999999
2016-01-01 21:07:00,0.4726666666666667
2016-01-01 21:08:00,0.472
2016-01-01 21:09:00,0.49
2016-01-01 21:10:00,0.4946666666666666
2016-01-01 21:11:00,0.5
2016-01-01 21:12:00,0.5
2016-01-01 21:13:00,0.4943333333333333
2016-01-01 21:14:00,0.508
2016-01-01 21:15:00,0.5263333333333333
2016-01-01 21:16:00,0.5433333333333333
2016-01-01 21:17:00,0.557
2016-01-01 21:18:00,0.5820000000000001
2016-01-01 21:19:00,0.6206666666666667
2016-01-01 21:20:00,0.67
2016-01-01 21:21:00,0.6883333333333332
2016-01-01 21:22:00,0.7073333333333333
2016-01-01 21:23:00,0.629
2016-01-01 21:24:00,0.5266666666666667
2016-01-01 21:25:00,0.491
2016-01-01 21:26:00,0.4586666666666666
2016-01-01 21:27:00,0.418
2016-01-01 21:28:00,0.389
2016-01-01 21:29:00,0.3813333333333333
2016-01-01 21:30:00,0.3933333333333333
2016-01-01 21:31:00,0.418
2016-01-01 21:32:00,0.4523333333333333
2016-01-01 21:33:00,0.468
2016-01-01 21:34:00,0.502
2016-01-01 21:35:00,0.5533333333333333
2016-01-01 21:36:00,0.6256666666666667
2016-01-01 21:37:00,0.6940000000000001
2016-01-01 21:38:00,0.7343333333333334
2016-01-01 21:39:00,0.7586666666666667
2016-01-01 21:40:00,0.76
2016-01-01 21:41:00,0.756
2016-01-01 21:42:00,0.77
2016-01-01 21:43:00,0.77
2016-01-01 21:44:00,0.7446666666666667
2016-01-01 21:45:00,0.7099999999999999
2016-01-01 21:46:00,0.56
2016-01-01 21:47:00,0.4413333333333333
2016-01-01 21:48:00,0.4123333333333333
2016-01-01 21:49:00,0.402
2016-01-01 21:50:00,0.4
2016-01-01 21:51:00,0.3826666666666666
2016-01-01 21:52:00,0.38
2016-01-01 21:53:00,0.3986666666666666
2016-01-01 21:54:00,0.3903333333333333
2016-01-01 21:55:00,0.3903333333333333
2016-01-01 21:56:00,0.4
2016-01-01 21:57:00,0.404
2016-01-01 21:58:00,0.4426666666666666
2016-01-01 21:59:00,0.4533333333333333
2016-01-01 22:00:00,0.422
2016-01-01 22:01:00,0.4276666666666667
2016-01-01 22:02:00,0.4226666666666666
2016-01-01 22:03:00,0.433
2016-01-01 22:04:00,0.44
2016-01-01 22:05:00,0.4436666666666667
2016-01-01 22:06:00,0.454
2016-01-01 22:07:00,0.4686666666666667
2016-01-01 22:08:00,0.4753333333333333
2016-01-01 22:09:00,0.4599999999999999
2016-01-01 22:10:00,0.434
2016-01-01 22:11:00,0.4029999999999999
2016-01-01 22:12:00,0.384
2016-01-01 22:13:00,0.361
2016-01-01 22:14:00,0.3366666666666666
2016-01-01 22:15:00,0.316
2016-01-01 22:16:00,0.31
2016-01-01 22:17:00,0.3176666666666666
2016-01-01 22:18:00,0.344
2016-01-01 22:19:00,0.375
2016-01-01 22:20:00,0.4146666666666666
2016-01-01 22:21:00,0.483
2016-01-01 22:22:00,0.5366666666666667
2016-01-01 22:23:00,0.5883333333333333
2016-01-01 22:24:00,0.6506666666666666
2016-01-01 22:25:00,0.67
2016-01-01 22:26:00,0.675
2016-01-01 22:27:00,0.7173333333333333
2016-01-01 22:28:00,0.7033333333333333
2016-01-01 22:29:00,0.724
2016-01-01 22:30:00,0.7353333333333333
2016-01-01 22:31:00,0.7173333333333333
2016-01-01 22:32:00,0.689
2016-01-01 22:33:00,0.6066666666666667
2016-01-01 22:34:00,0.5106666666666667
2016-01-01 22:35:00,0.484
2016-01-01 22:36:00,0.572
2016-01-01 22:37:00,0.6586666666666667
2016-01-01 22:38:00,0.685
2016-01-01 22:39:00,0.7113333333333334
2016-01-01 22:40:00,0.7526666666666666
2016-01-01 22:41:00,0.776
2016-01-01 22:42:00,0.7926666666666667
2016-01-01 22:43:00,0.8133333333333332
2016-01-01 22:44:00,0.827
2016-01-01 22:45:00,0.8373333333333333
2016-01-01 22:46:00,0.8476666666666667
2016-01-01 22:47:00,0.866
2016-01-01 22:48:00,0.8783333333333334
2016-01-01 22:49:00,0.8886666666666667
2016-01-01 22:50:00,0.8989999999999999
2016-01-01 22:51:00,0.8813333333333334
2016-01-01 22:52:00,0.8993333333333333
2016-01-01 22:53:00,0.92
2016-01-01 22:54:00,0.9193333333333334
2016-01-01 22:55:00,0.908
2016-01-01 22:56:00,0.8886666666666667
2016-01-01 22:57:00,0.8816666666666666
2016-01-01 22:58:00,0.888
2016-01-01 22:59:00,0.873
2016-01-01 23:00:00,0.8473333333333333
2016-01-01 23:01:00,0.849
2016-01-01 23:02:00,0.8766666666666667
2016-01-01 23:03:00,0.8863333333333333
2016-01-01 23:04:00,0.884
2016-01-01 23:05:00,0.89
2016-01-01 23:06:00,0.89
2016-01-01 23:07:00,0.8450000000000001
2016-01-01 23:08:00,0.768
2016-01-01 23:09:00,0.7286666666666667
2016-01-01 23:10:00,0.714
2016-01-01 23:11:00,0.7099999999999999
2016-01-01 23:12:00,0.7099999999999999
2016-01-01 23:13:00,0.724
2016-01-01 23:14:00,0.7226666666666667
2016-01-01 23:15:00,0.72
2016-01-01 23:16:00,0.704
2016-01-01 23:17:00,0.7083333333333334
2016-01-01 23:18:00,0.6926666666666665
2016-01-01 23:19:00,0.6809999999999999
2016-01-01 23:20:00,0.6613333333333333
2016-01-01 23:21:00,0.6406666666666666
2016-01-01 23:22:00,0.6196666666666667
2016-01-01 23:23:00,0.61
2016-01-01 23:24:00,0.609
2016-01-01 23:25:00,0.6013333333333333
2016-01-01 23:26:00,0.6083333333333333
2016-01-01 23:27:00,0.604
2016-01-01 23:28:00,0.6246666666666666
2016-01-01 23:29:00,0.6426666666666667
2016-01-01 23:30:00,0.656
2016-01-01 23:31:00,0.67
2016-01-01 23:32:00,0.6773333333333333
2016-01-01 23:33:00,0.702
2016-01-01 23:34:00,0.6983333333333334
2016-01-01 23:35:00,0.6466666666666667
2016-01-01 23:36:00,0.59
2016-01-01 23:37:00,0.5493333333333333
2016-01-01 23:38:00,0.5513333333333335
2016-01-01 23:39:00,0.56
2016-01-01 23:40:00,0.5790000000000001
2016-01-01 23:41:00,0.5633333333333334
2016-01-01 23:42:00,0.536
2016-01-01 23:43:00,0.5006666666666667
2016-01-01 23:44:00,0.4516666666666667
2016-01-01 23:45:00,0.416
2016-01-01 23:46:00,0.385
2016-01-01 23:47:00,0.3626666666666666
2016-01-01 23:48:00,0.3419999999999999
2016-01-01 23:49:00,0.34
2016-01-01 23:50:00,0.3303333333333333
2016-01-01 23:51:00,0.3506666666666666
2016-01-01 23:52:00,0.3713333333333333
2016-01-01 23:53:00,0.391
2016-01-01 23:54:00,0.4013333333333334
2016-01-01 23:55:00,0.415
2016-01-01 23:56:00,0.45
2016-01-01 23:57:00,0.504
2016-01-01 23:58:00,0.558
2016-01-01 23:59:00,0.589
2016-01-02 00:00:00,0.6233333333333333
2016-01-02 00:01:00,0.6683333333333333
2016-01-02 00:02:00,0.708
2016-01-02 00:03:00,0.7243333333333334
2016-01-02 00:04:00,0.6926666666666667
2016-01-02 00:05:00,0.5800000000000001
2016-01-02 00:06:00,0.4619999999999999
2016-01-02 00:07:00,0.3746666666666666
2016-01-02 00:08:00,0.31
2016-01-02 00:09:00,0.2836666666666667
2016-01-02 00:10:00,0.2733333333333334
2016-01-02 00:11:00,0.2700000000000001
2016-01-02 00:12:00,0.2700000000000001
2016-01-02 00:13:00,0.2853333333333333
2016-01-02 00:14:00,0.33
2016-01-02 00:15:00,0.3733333333333333
2016-01-02 00:16:00,0.4579999999999999
2016-01-02 00:17:00,0.524
2016-01-02 00:18:00,0.6140000000000001
2016-01-02 00:19:00,0.6973333333333332
2016-01-02 00:20:00,0.731
2016-01-02 00:21:00,0.7626666666666666
2016-01-02 00:22:00,0.799
2016-01-02 00:23:00,0.7873333333333333
2016-01-02 00:24:00,0.7683333333333333
2016-01-02 00:25:00,0.764
2016-01-02 00:26:00,0.7776666666666667
2016-01-02 00:27:00,0.7673333333333333
2016-01-02 00:28:00,0.745
2016-01-02 00:29:00,0.6799999999999999
2016-01-02 00:30:00,0.5833333333333334
2016-01-02 00:31:00,0.488
2016-01-02 00:32:00,0.4183333333333333
2016-01-02 00:33:00,0.3713333333333333
2016-01-02 00:34:00,0.3399999999999999
2016-01-02 00:35:00,0.3353333333333333
2016-01-02 00:36:00,0.3513333333333334
2016-01-02 00:37:00,0.3899999999999999
2016-01-02 00:38:00,0.429
2016-01-02 00:39:00,0.4533333333333333
2016-01-02 00:40:00,0.481
2016-01-02 00:41:00,0.5046666666666667
2016-01-02 00:42:00,0.5176666666666667
2016-01-02 00:43:00,0.5599999999999999
2016-01-02 00:44:00,0.6116666666666667
2016-01-02 00:45:00,0.6806666666666666
2016-01-02 00:46:00,0.708
2016-01-02 00:47:00,0.6913333333333332
2016-01-02 00:48:00,0.6706666666666667
2016-01-02 00:49:00,0.6513333333333333
2016-01-02 00:50:00,0.6873333333333332
2016-01-02 00:51:00,0.644
2016-01-02 00:52:00,0.5833333333333334
2016-01-02 00:53:00,0.535
2016-01-02 00:54:00,0.506
2016-01-02 00:55:00,0.4853333333333333
2016-01-02 00:56:00,0.4673333333333333
2016-01-02 00:57:00,0.46
2016-01-02 00:58:00,0.4633333333333333
2016-01-02 00:59:00,0.481
2016-01-02 01:00:00,0.524
2016-01-02 01:01:00,0.5816666666666667
2016-01-02 01:02:00,0.6193333333333333
2016-01-02 01:03:00,0.635
2016-01-02 01:04:00,0.6506666666666666
2016-01-02 01:05:00,0.6713333333333333
2016-01-02 01:06:00,0.692
2016-01-02 01:07:00,0.7253333333333333
2016-01-02 01:08:00,0.7466666666666666
2016-01-02 01:09:00,0.75
2016-01-02 01:10:00,0.7353333333333333
2016-01-02 01:11:00,0.7453333333333333
2016-01-02 01:12:00,0.766
2016-01-02 01:13:00,0.7783333333333334
2016-01-02 01:14:00,0.7366666666666667
2016-01-02 01:15:00,0.5680000000000001
2016-01-02 01:16:00,0.5033333333333333
2016-01-02 01:17:00,0.442
2016-01-02 01:18:00,0.3986666666666666
2016-01-02 01:19:00,0.3586666666666666
2016-01-02 01:20:00,0.338
2016-01-02 01:21:00,0.3186666666666667
2016-01-02 01:22:00,0.3133333333333333
2016-01-02 01:23:00,0.336
2016-01-02 01:24:00,0.3716666666666667
2016-01-02 01:25:00,0.4313333333333333
2016-01-02 01:26:00,0.505
2016-01-02 01:27:00,0.5566666666666666
2016-01-02 01:28:00,0.59
2016-01-02 01:29:00,0.606
2016-01-02 01:30:00,0.63
2016-01-02 01:31:00,0.6253333333333334
2016-01-02 01:32:00,0.62
2016-01-02 01:33:00,0.6146666666666667
2016-01-02 01:34:00,0.5873333333333333
2016-01-02 01:35:00,0.57
2016-01-02 01:36:00,0.5636666666666666
2016-01-02 01:37:00,0.5400000000000001
2016-01-02 01:38:00,0.516
2016-01-02 01:39:00,0.4953333333333333
2016-01-02 01:40:00,0.49
2016-01-02 01:41:00,0.49
2016-01-02 01:42:00,0.4816666666666666
2016-01-02 01:43:00,0.4973333333333333
2016-01-02 01:44:00,0.527
2016-01-02 01:45:00,0.5766666666666665
2016-01-02 01:46:00,0.6476666666666666
2016-01-02 01:47:00,0.7213333333333334
2016-01-02 01:48:00,0.7653333333333333
2016-01-02 01:49:00,0.843
2016-01-02 01:50:00,0.8686666666666666
2016-01-02 01:51:00,0.86
2016-01-02 01:52:00,0.86
2016-01-02 01:53:00,0.8623333333333334
2016-01-02 01:54:00,0.878
2016-01-02 01:55:00,0.897
2016-01-02 01:56:00,0.8933333333333333
2016-01-02 01:57:00,0.9
2016-01-02 01:58:00,0.9
2016-01-02 01:59:00,0.9
2016-01-02 02:00:00,0.9
2016-01-02 02:01:00,0.9
2016-01-02 02:02:00,0.9053333333333332
2016-01-02 02:03:00,0.9043333333333334
2016-01-02 02:04:00,0.894
2016-01-02 02:05:00,0.8963333333333333
2016-01-02 02:06:00,0.9133333333333334
2016-01-02 02:07:00,0.913
2016-01-02 02:08:00,0.91
2016-01-02 02:09:00,0.91
2016-01-02 02:10:00,0.918
2016-01-02 02:11:00,0.9283333333333332
2016-01-02 02:12:00,0.93
2016-01-02 02:13:00,0.921
2016-01-02 02:14:00,0.9293333333333336
2016-01-02 02:15:00,0.9203333333333332
2016-01-02 02:16:00,0.8996666666666667
2016-01-02 02:17:00,0.8893333333333333
2016-01-02 02:18:00,0.88
2016-01-02 02:19:00,0.8773333333333333
2016-01-02 02:20:00,0.8633333333333333
2016-01-02 02:21:00,0.88
2016-01-02 02:22:00,0.8753333333333334
2016-01-02 02:23:00,0.852
2016-01-02 02:24:00,0.8059999999999999
2016-01-02 02:25:00,0.7266666666666667
2016-01-02 02:26:00,0.6763333333333335
2016-01-02 02:27:00,0.674
2016-01-02 02:28:00,0.706
2016-01-02 02:29:00,0.7633333333333333
2016-01-02 02:30:00,0.77
2016-01-02 02:31:00,0.7553333333333333
2016-01-02 02:32:00,0.7656666666666666
2016-01-02 02:33:00,0.782
2016-01-02 02:34:00,0.7963333333333333
2016-01-02 02:35:00,0.7933333333333333
2016-01-02 02:36:00,0.783
2016-01-02 02:37:00,0.7433333333333334
2016-01-02 02:38:00,0.7453333333333333
2016-01-02 02:39:00,0.7099999999999999
2016-01-02 02:40:00,0.6666666666666666
2016-01-02 02:41:00,0.66
2016-01-02 02:42:00,0.66
2016-01-02 02:43:00,0.632
2016-01-02 02:44:00,0.6106666666666667
2016-01-02 02:45:00,0.6096666666666667
2016-01-02 02:46:00,0.5986666666666667
2016-01-02 02:47:00,0.574
2016-01-02 02:48:00,0.512
2016-01-02 02:49:00,0.4533333333333333
2016-01-02 02:50:00,0.412
2016-01-02 02:51:00,0.3753333333333333
2016-01-02 02:52:00,0.3546666666666667
2016-01-02 02:53:00,0.334
2016-01-02 02:54:00,0.32
2016-01-02 02:55:00,0.32
2016-01-02 02:56:00,0.328
2016-01-02 02:57:00,0.3573333333333333
2016-01-02 02:58:00,0.394
2016-01-02 02:59:00,0.43
2016-01-02 03:00:00,0.4713333333333333
2016-01-02 03:01:00,0.507
2016-01-02 03:02:00,0.526
2016-01-02 03:03:00,0.5553333333333333
2016-01-02 03:04:00,0.5766666666666665
2016-01-02 03:05:00,0.587
2016-01-02 03:06:00,0.5973333333333333
2016-01-02 03:07:00,0.6153333333333334
2016-01-02 03:08:00,0.66
2016-01-02 03:09:00,0.7116666666666666
2016-01-02 03:10:00,0.6246666666666666
2016-01-02 03:11:00,0.547
2016-01-02 03:12:00,0.4933333333333333
2016-01-02 03:13:00,0.4706666666666666
2016-01-02 03:14:00,0.439
2016-01-02 03:15:00,0.408
2016-01-02 03:16:00,0.378
2016-01-02 03:17:00,0.3586666666666666
2016-01-02 03:18:00,0.3549999999999999
2016-01-02 03:19:00,0.3899999999999999
2016-01-02 03:20:00,0.4393333333333333
2016-01-02 03:21:00,0.4726666666666667
2016-01-02 03:22:00,0.486
2016-01-02 03:23:00,0.5033333333333333
2016-01-02 03:24:00,0.5136666666666667
2016-01-02 03:25:00,0.524
2016-01-02 03:26:00,0.53
2016-01-02 03:27:00,0.53
2016-01-02 03:28:00,0.535
2016-01-02 03:29:00,0.5453333333333333
2016-01-02 03:30:00,0.5670000000000001
2016-01-02 03:31:00,0.598
2016-01-02 03:32:00,0.6353333333333333
2016-01-02 03:33:00,0.6166666666666667
2016-01-02 03:34:00,0.551
2016-01-02 03:35:00,0.486
2016-01-02 03:36:00,0.447
2016-01-02 03:37:00,0.416
2016-01-02 03:38:00,0.385
2016-01-02 03:39:00,0.354
2016-01-02 03:40:00,0.341
2016-01-02 03:41:00,0.3493333333333333
2016-01-02 03:42:00,0.3596666666666666
2016-01-02 03:43:00,0.401
2016-01-02 03:44:00,0.4333333333333333
2016-01-02 03:45:00,0.484
2016-01-02 03:46:00,0.5253333333333334
2016-01-02 03:47:00,0.5616666666666668
2016-01-02 03:48:00,0.576
2016-01-02 03:49:00,0.607
2016-01-02 03:50:00,0.638
2016-01-02 03:51:00,0.66
2016-01-02 03:52:00,0.6666666666666666
2016-01-02 03:53:00,0.6910000000000001
2016-01-02 03:54:00,0.718
2016-01-02 03:55:00,0.73
2016-01-02 03:56:00,0.6973333333333334
2016-01-02 03:57:00,0.62
2016-01-02 03:58:00,0.5533333333333333
2016-01-02 03:59:00,0.5413333333333334
2016-01-02 04:00:00,0.634
2016-01-02 04:01:00,0.747
2016-01-02 04:02:00,0.7666666666666667
2016-01-02 04:03:00,0.683
2016-01-02 04:04:00,0.5986666666666667
2016-01-02 04:05:00,0.557
2016-01-02 04:06:00,0.558
2016-01-02 04:07:00,0.6183333333333334
2016-01-02 04:08:00,0.708
2016-01-02 04:09:00,0.738
2016-01-02 04:10:00,0.7026666666666667
2016-01-02 04:11:00,0.6516666666666667
2016-01-02 04:12:00,0.5686666666666667
2016-01-02 04:13:00,0.53
2016-01-02 04:14:00,0.529
2016-01-02 04:15:00,0.516
2016-01-02 04:16:00,0.4816666666666666
2016-01-02 04:17:00,0.438
2016-01-02 04:18:00,0.4276666666666667
2016-01-02 04:19:00,0.4093333333333333
2016-01-02 04:20:00,0.3709999999999999
2016-01-02 04:21:00,0.3433333333333333
2016-01-02 04:22:00,0.3153333333333333
2016-01-02 04:23:00,0.282
2016-01-02 04:24:00,0.2613333333333333
2016-01-02 04:25:00,0.2313333333333333
2016-01-02 04:26:00,0.205
2016-01-02 04:27:00,0.2
2016-01-02 04:28:00,0.2056666666666666
2016-01-02 04:29:00,0.246
2016-01-02 04:30:00,0.3333333333333333
2016-01-02 04:31:00,0.3966666666666666
2016-01-02 04:32:00,0.438
2016-01-02 04:33:00,0.5086666666666667
2016-01-02 04:34:00,0.622
2016-01-02 04:35:00,0.778
2016-01-02 04:36:00,0.8516666666666667
2016-01-02 04:37:00,0.8773333333333333
2016-01-02 04:38:00,0.916
2016-01-02 04:39:00,0.92
2016-01-02 04:40:00,0.9103333333333334
2016-01-02 04:41:00,0.9193333333333334
2016-01-02 04:42:00,0.898
2016-01-02 04:43:00,0.86
2016-01-02 04:44:00,0.762
2016-01-02 04:45:00,0.6966666666666667
2016-01-02 04:46:00,0.612
2016-01-02 04:47:00,0.5213333333333333
2016-01-02 04:48:00,0.4546666666666666
2016-01-02 04:49:00,0.44
2016-01-02 04:50:00,0.4433333333333333
2016-01-02 04:51:00,0.461
2016-01-02 04:52:00,0.4959999999999999
2016-01-02 04:53:00,0.5243333333333333
2016-01-02 04:54:00,0.53
2016-01-02 04:55:00,0.52
2016-01-02 04:56:00,0.51
2016-01-02 04:57:00,0.5043333333333334
2016-01-02 04:58:00,0.512
2016-01-02 04:59:00,0.5263333333333333
2016-01-02 05:00:00,0.5566666666666666
2016-01-02 05:01:00,0.584
2016-01-02 05:02:00,0.5826666666666667
2016-01-02 05:03:00,0.5646666666666668
2016-01-02 05:04:00,0.568
2016-01-02 05:05:00,0.5616666666666668
2016-01-02 05:06:00,0.508
2016-01-02 05:07:00,0.455
2016-01-02 05:08:00,0.4126666666666666
2016-01-02 05:09:00,0.3713333333333333
2016-01-02 05:10:00,0.3393333333333334
2016-01-02 05:11:00,0.3173333333333333
2016-01-02 05:12:00,0.2779999999999999
2016-01-02 05:13:00,0.2573333333333333
2016-01-02 05:14:00,0.2433333333333333
2016-01-02 05:15:00,0.268
2016-01-02 05:16:00,0.3186666666666667
2016-01-02 05:17:00,0.388
2016-01-02 05:18:00,0.419
2016-01-02 05:19:00,0.46
2016-01-02 05:20:00,0.5036666666666666
2016-01-02 05:21:00,0.534
2016-01-02 05:22:00,0.57
2016-01-02 05:23:00,0.5746666666666667
2016-01-02 05:24:00,0.565
2016-01-02 05:25:00,0.5660000000000001
2016-01-02 05:26:00,0.5856666666666667
2016-01-02 05:27:00,0.602
2016-01-02 05:28:00,0.6163333333333333
2016-01-02 05:29:00,0.5866666666666666
2016-01-02 05:30:00,0.626
2016-01-02 05:31:00,0.6793333333333333
2016-01-02 05:32:00,0.6823333333333335
2016-01-02 05:33:00,0.64
2016-01-02 05:34:00,0.5716666666666668
2016-01-02 05:35:00,0.534
2016-01-02 05:36:00,0.521
2016-01-02 05:37:00,0.52
2016-01-02 05:38:00,0.5393333333333333
2016-01-02 05:39:00,0.5813333333333333
2016-01-02 05:40:00,0.622
2016-01-02 05:41:00,0.651
2016-01-02 05:42:00,0.6626666666666667
2016-01-02 05:43:00,0.6833333333333333
2016-01-02 05:44:00,0.698
2016-01-02 05:45:00,0.6876666666666666
2016-01-02 05:46:00,0.6666666666666666
2016-01-02 05:47:00,0.6330000000000001
2016-01-02 05:48:00,0.64
2016-01-02 05:49:00,0.6363333333333333
2016-01-02 05:50:00,0.626
2016-01-02 05:51:00,0.607
2016-01-02 05:52:00,0.5433333333333333
2016-01-02 05:53:00,0.445
2016-01-02 05:54:00,0.3733333333333333
2016-01-02 05:55:00,0.3273333333333333
2016-01-02 05:56:00,0.304
2016-01-02 05:57:00,0.2873333333333334
2016-01-02 05:58:00,0.2666666666666666
2016-01-02 05:59:00,0.253
2016-01-02 06:00:00,0.25
2016-01-02 06:01:00,0.2576666666666666
2016-01-02 06:02:00,0.292
2016-01-02 06:03:00,0.375
2016-01-02 06:04:00,0.4246666666666667
2016-01-02 06:05:00,0.484
2016-01-02 06:06:00,0.5086666666666667
2016-01-02 06:07:00,0.539
2016-01-02 06:08:00,0.559
2016-01-02 06:09:00,0.5346666666666666
2016-01-02 06:10:00,0.598
2016-01-02 06:11:00,0.5853333333333333
2016-01-02 06:12:00,0.625
2016-01-02 06:13:00,0.654
2016-01-02 06:14:00,0.6746666666666667
2016-01-02 06:15:00,0.6526666666666666
2016-01-02 06:16:00,0.511
2016-01-02 06:17:00,0.3966666666666666
2016-01-02 06:18:00,0.339
2016-01-02 06:19:00,0.312
2016-01-02 06:20:00,0.2913333333333333
2016-01-02 06:21:00,0.2753333333333334
2016-01-02 06:22:00,0.265
2016-01-02 06:23:00,0.26
2016-01-02 06:24:00,0.2656666666666666
2016-01-02 06:25:00,0.312
2016-01-02 06:26:00,0.4096666666666667
2016-01-02 06:27:00,0.5166666666666667
2016-01-02 06:28:00,0.5850000000000001
2016-01-02 06:29:00,0.6293333333333333
2016-01-02 06:30:00,0.6553333333333333
2016-01-02 06:31:00,0.692
2016-01-02 06:32:00,0.7083333333333334
2016-01-02 06:33:00,0.7099999999999999
2016-01-02 06:34:00,0.737
2016-01-02 06:35:00,0.74
2016-01-02 06:36:00,0.74
2016-01-02 06:37:00,0.759
2016-01-02 06:38:00,0.7246666666666666
2016-01-02 06:39:00,0.646
2016-01-02 06:40:00,0.6033333333333334
2016-01-02 06:41:00,0.5516666666666666
2016-01-02 06:42:00,0.504
2016-01-02 06:43:00,0.4706666666666666
2016-01-02 06:44:00,0.4346666666666666
2016-01-02 06:45:00,0.42
2016-01-02 06:46:00,0.4266666666666666
2016-01-02 06:47:00,0.4509999999999999
2016-01-02 06:48:00,0.494
2016-01-02 06:49:00,0.5473333333333332
2016-01-02 06:50:00,0.5886666666666667
2016-01-02 06:51:00,0.63
2016-01-02 06:52:00,0.666
2016-01-02 06:53:00,0.697
2016-01-02 06:54:00,0.722
2016-01-02 06:55:00,0.768
2016-01-02 06:56:00,0.8166666666666667
2016-01-02 06:57:00,0.837
2016-01-02 06:58:00,0.8326666666666667
2016-01-02 06:59:00,0.8376666666666667
2016-01-02 07:00:00,0.856
2016-01-02 07:01:00,0.86
2016-01-02 07:02:00,0.7733333333333333
2016-01-02 07:03:00,0.661
2016-01-02 07:04:00,0.5660000000000001
2016-01-02 07:05:00,0.5213333333333333
2016-01-02 07:06:00,0.4793333333333333
2016-01-02 07:07:00,0.458
2016-01-02 07:08:00,0.43
2016-01-02 07:09:00,0.4286666666666666
2016-01-02 07:10:00,0.425
2016-01-02 07:11:00,0.466
2016-01-02 07:12:00,0.5416666666666666
2016-01-02 07:13:00,0.588
2016-01-02 07:14:00,0.622
2016-01-02 07:15:00,0.6533333333333334
2016-01-02 07:16:00,0.6783333333333333
2016-01-02 07:17:00,0.714
2016-01-02 07:18:00,0.733
2016-01-02 07:19:00,0.7593333333333334
2016-01-02 07:20:00,0.785
2016-01-02 07:21:00,0.8053333333333333
2016-01-02 07:22:00,0.8213333333333334
2016-01-02 07:23:00,0.842
2016-01-02 07:24:00,0.8626666666666666
2016-01-02 07:25:00,0.8166666666666667
2016-01-02 07:26:00,0.706
2016-01-02 07:27:00,0.5746666666666668
2016-01-02 07:28:00,0.4556666666666666
2016-01-02 07:29:00,0.3739999999999999
2016-01-02 07:30:00,0.3183333333333333
2016-01-02 07:31:00,0.2666666666666666
2016-01-02 07:32:00,0.242
2016-01-02 07:33:00,0.2399999999999999
2016-01-02 07:34:00,0.2496666666666666
2016-01-02 07:35:00,0.3223333333333333
2016-01-02 07:36:00,0.39
2016-01-02 07:37:00,0.391
2016-01-02 07:38:00,0.404
2016-01-02 07:39:00,0.4316666666666666
2016-01-02 07:40:00,0.45
2016-01-02 07:41:00,0.497
2016-01-02 07:42:00,0.5359999999999999
2016-01-02 07:43:00,0.586
2016-01-02 07:44:00,0.6133333333333333
2016-01-02 07:45:00,0.64
2016-01-02 07:46:00,0.652
2016-01-02 07:47:00,0.6786666666666666
2016-01-02 07:48:00,0.6806666666666666
2016-01-02 07:49:00,0.65
2016-01-02 07:50:00,0.6246666666666666
2016-01-02 07:51:00,0.5973333333333333
2016-01-02 07:52:00,0.58
2016-01-02 07:53:00,0.6433333333333333
2016-01-02 07:54:00,0.7
2016-01-02 07:55:00,0.731
2016-01-02 07:56:00,0.7766666666666667
2016-01-02 07:57:00,0.8206666666666667
2016-01-02 07:58:00,0.8140000000000001
2016-01-02 07:59:00,0.8350000000000001
2016-01-02 08:00:00,0.8573333333333333
2016-01-02 08:01:00,0.8510000000000001
2016-01-02 08:02:00,0.8593333333333334
2016-01-02 08:03:00,0.8503333333333333
2016-01-02 08:04:00,0.8510000000000001
2016-01-02 08:05:00,0.882
2016-01-02 08:06:00,0.912
2016-01-02 08:07:00,0.9286666666666668
2016-01-02 08:08:00,0.915
2016-01-02 08:09:00,0.894
2016-01-02 08:10:00,0.8866666666666667
2016-01-02 08:11:00,0.7913333333333334
2016-01-02 08:12:00,0.728
2016-01-02 08:13:00,0.69
2016-01-02 08:14:00,0.637
2016-01-02 08:15:00,0.568
2016-01-02 08:16:00,0.5196666666666666
2016-01-02 08:17:00,0.4613333333333333
2016-01-02 08:18:00,0.435
2016-01-02 08:19:00,0.4246666666666667
2016-01-02 08:20:00,0.4313333333333333
2016-01-02 08:21:00,0.47
2016-01-02 08:22:00,0.5216666666666667
2016-01-02 08:23:00,0.56
2016-01-02 08:24:00,0.591
2016-01-02 08:25:00,0.6366666666666667
2016-01-02 08:26:00,0.6806666666666666
2016-01-02 08:27:00,0.738
2016-01-02 08:28:00,0.7916666666666666
2016-01-02 08:29:00,0.826
2016-01-02 08:30:00,0.839
2016-01-02 08:31:00,0.84
2016-01-02 08:32:00,0.8786666666666666
2016-01-02 08:33:00,0.8603333333333333
2016-01-02 08:34:00,0.866
2016-01-02 08:35:00,0.795
2016-01-02 08:36:00,0.6426666666666667
2016-01-02 08:37:00,0.515
2016-01-02 08:38:00,0.426
2016-01-02 08:39:00,0.356
2016-01-02 08:40:00,0.3046666666666667
2016-01-02 08:41:00,0.29
2016-01-02 08:42:00,0.2933333333333333
2016-01-02 08:43:00,0.3183333333333333
2016-01-02 08:44:00,0.378
2016-01-02 08:45:00,0.4589999999999999
2016-01-02 08:46:00,0.5193333333333333
2016-01-02 08:47:00,0.535
2016-01-02 08:48:00,0.5559999999999999
2016-01-02 08:49:00,0.587
2016-01-02 08:50:00,0.588
2016-01-02 08:51:00,0.5736666666666665
2016-01-02 08:52:00,0.5833333333333334
2016-01-02 08:53:00,0.513
2016-01-02 08:54:00,0.502
2016-01-02 08:55:00,0.51
2016-01-02 08:56:00,0.534
2016-01-02 08:57:00,0.5233333333333333
2016-01-02 08:58:00,0.4593333333333333
2016-01-02 08:59:00,0.3869999999999999
2016-01-02 09:00:00,0.324
2016-01-02 09:01:00,0.262
2016-01-02 09:02:00,0.229
2016-01-02 09:03:00,0.1986666666666666
2016-01-02 09:04:00,0.179
2016-01-02 09:05:00,0.17
2016-01-02 09:06:00,0.1733333333333333
2016-01-02 09:07:00,0.198
2016-01-02 09:08:00,0.2463333333333333
2016-01-02 09:09:00,0.3186666666666667
2016-01-02 09:10:00,0.373
2016-01-02 09:11:00,0.3766666666666667
2016-01-02 09:12:00,0.3516666666666667
2016-01-02 09:13:00,0.312
2016-01-02 09:14:00,0.3086666666666666
2016-01-02 09:15:00,0.3386666666666666
2016-01-02 09:16:00,0.35
2016-01-02 09:17:00,0.3506666666666666
2016-01-02 09:18:00,0.4166666666666667
2016-01-02 09:19:00,0.514
2016-01-02 09:20:00,0.5943333333333334
2016-01-02 09:21:00,0.6733333333333333
2016-01-02 09:22:00,0.7419999999999999
2016-01-02 09:23:00,0.782
2016-01-02 09:24:00,0.8053333333333333
2016-01-02 09:25:00,0.818
2016-01-02 09:26:00,0.82
2016-01-02 09:27:00,0.8026666666666668
2016-01-02 09:28:00,0.809
2016-01-02 09:29:00,0.8286666666666667
2016-01-02 09:30:00,0.859
2016-01-02 09:31:00,0.87
2016-01-02 09:32:00,0.87
2016-01-02 09:33:00,0.87
2016-01-02 09:34:00,0.8713333333333334
2016-01-02 09:35:00,0.8833333333333333
2016-01-02 09:36:00,0.898
2016-01-02 09:37:00,0.8923333333333333
2016-01-02 09:38:00,0.8973333333333334
2016-01-02 09:39:00,0.89
2016-01-02 09:40:00,0.89
2016-01-02 09:41:00,0.89
2016-01-02 09:42:00,0.89
2016-01-02 09:43:00,0.89
2016-01-02 09:44:00,0.8853333333333333
2016-01-02 09:45:00,0.875
2016-01-02 09:46:00,0.87
2016-01-02 09:47:00,0.8643333333333333
2016-01-02 09:48:00,0.848
2016-01-02 09:49:00,0.8273333333333334
2016-01-02 09:50:00,0.8066666666666666
2016-01-02 09:51:00,0.779
2016-01-02 09:52:00,0.7846666666666666
2016-01-02 09:53:00,0.8053333333333333
2016-01-02 09:54:00,0.81
2016-01-02 09:55:00,0.81
2016-01-02 09:56:00,0.8186666666666667
2016-01-02 09:57:00,0.811
2016-01-02 09:58:00,0.81
2016-01-02 09:59:00,0.8196666666666667
2016-01-02 10:00:00,0.82
2016-01-02 10:01:00,0.82
2016-01-02 10:02:00,0.821
2016-01-02 10:03:00,0.8286666666666667
2016-01-02 10:04:00,0.8266666666666665
2016-01-02 10:05:00,0.866
2016-01-02 10:06:00,0.8853333333333333
2016-01-02 10:07:00,0.8433333333333334
2016-01-02 10:08:00,0.746
2016-01-02 10:09:00,0.6733333333333333
2016-01-02 10:10:00,0.618
2016-01-02 10:11:00,0.568
2016-01-02 10:12:00,0.5413333333333334
2016-01-02 10:13:00,0.5206666666666667
2016-01-02 10:14:00,0.505
2016-01-02 10:15:00,0.5053333333333333
2016-01-02 10:16:00,0.527
2016-01-02 10:17:00,0.606
2016-01-02 10:18:00,0.745
2016-01-02 10:19:00,0.8466666666666666
2016-01-02 10:20:00,0.856
2016-01-02 10:21:00,0.85
2016-01-02 10:22:00,0.8653333333333334
2016-01-02 10:23:00,0.902
2016-01-02 10:24:00,0.935
2016-01-02 10:25:00,0.9313333333333332
2016-01-02 10:26:00,0.957
2016-01-02 10:27:00,0.9506666666666668
2016-01-02 10:28:00,0.95
2016-01-02 10:29:00,0.9406666666666668
2016-01-02 10:30:00,0.9593333333333331
2016-01-02 10:31:00,0.942
2016-01-02 10:32:00,0.8566666666666667
2016-01-02 10:33:00,0.7433333333333334
2016-01-02 10:34:00,0.564
2016-01-02 10:35:00,0.38
2016-01-02 10:36:00,0.3826666666666666
2016-01-02 10:37:00,0.423
2016-01-02 10:38:00,0.5466666666666666
2016-01-02 10:39:00,0.6253333333333334
2016-01-02 10:40:00,0.628
2016-01-02 10:41:00,0.6916666666666667
2016-01-02 10:42:00,0.7433333333333334
2016-01-02 10:43:00,0.765
2016-01-02 10:44:00,0.7546666666666667
2016-01-02 10:45:00,0.733
2016-01-02 10:46:00,0.75
2016-01-02 10:47:00,0.7953333333333333
2016-01-02 10:48:00,0.7966666666666667
2016-01-02 10:49:00,0.7900000000000001
2016-01-02 10:50:00,0.7386666666666667
2016-01-02 10:51:00,0.7506666666666667
2016-01-02 10:52:00,0.768
2016-01-02 10:53:00,0.7283333333333333
2016-01-02 10:54:00,0.6246666666666666
2016-01-02 10:55:00,0.5650000000000001
2016-01-02 10:56:00,0.532
2016-01-02 10:57:00,0.5106666666666667
2016-01-02 10:58:00,0.491
2016-01-02 10:59:00,0.526
2016-01-02 11:00:00,0.606
2016-01-02 11:01:00,0.57
2016-01-02 11:02:00,0.5666666666666667
2016-01-02 11:03:00,0.554
2016-01-02 11:04:00,0.5723333333333332
2016-01-02 11:05:00,0.5693333333333332
2016-01-02 11:06:00,0.5400000000000001
2016-01-02 11:07:00,0.5433333333333333
2016-01-02 11:08:00,0.539
2016-01-02 11:09:00,0.508
2016-01-02 11:10:00,0.4986666666666667
2016-01-02 11:11:00,0.5146666666666667
2016-01-02 11:12:00,0.52
2016-01-02 11:13:00,0.5413333333333334
2016-01-02 11:14:00,0.5656666666666667
2016-01-02 11:15:00,0.5640000000000001
2016-01-02 11:16:00,0.541
2016-01-02 11:17:00,0.4433333333333333
2016-01-02 11:18:00,0.372
2016-01-02 11:19:00,0.3306666666666666
2016-01-02 11:20:00,0.297
2016-01-02 11:21:00,0.274
2016-01-02 11:22:00,0.245
2016-01-02 11:23:00,0.2313333333333333
2016-01-02 11:24:00,0.221
2016-01-02 11:25:00,0.22
2016-01-02 11:26:00,0.2296666666666666
2016-01-02 11:27:00,0.262
2016-01-02 11:28:00,0.3259999999999999
2016-01-02 11:29:00,0.417
2016-01-02 11:30:00,0.4813333333333333
2016-01-02 11:31:00,0.4933333333333333
2016-01-02 11:32:00,0.502
2016-01-02 11:33:00,0.4653333333333333
2016-01-02 11:34:00,0.4633333333333333
2016-01-02 11:35:00,0.491
2016-01-02 11:36:00,0.4799999999999999
2016-01-02 11:37:00,0.5146666666666667
2016-01-02 11:38:00,0.5519999999999999
2016-01-02 11:39:00,0.5483333333333333
2016-01-02 11:40:00,0.478
2016-01-02 11:41:00,0.41
2016-01-02 11:42:00,0.374
2016-01-02 11:43:00,0.343
2016-01-02 11:44:00,0.318
2016-01-02 11:45:00,0.3036666666666666
2016-01-02 11:46:00,0.2933333333333333
2016-01-02 11:47:00,0.283
2016-01-02 11:48:00,0.2873333333333333
2016-01-02 11:49:00,0.3053333333333333
2016-01-02 11:50:00,0.35
2016-01-02 11:51:00,0.41
2016-01-02 11:52:00,0.4806666666666667
2016-01-02 11:53:00,0.526
2016-01-02 11:54:00,0.6233333333333333
2016-01-02 11:55:00,0.6976666666666667
2016-01-02 11:56:00,0.7606666666666667
2016-01-02 11:57:00,0.782
2016-01-02 11:58:00,0.8160000000000001
2016-01-02 11:59:00,0.87
2016-01-02 12:00:00,0.87
2016-01-02 12:01:00,0.872
2016-01-02 12:02:00,0.8776666666666666
2016-01-02 12:03:00,0.8646666666666667
2016-01-02 12:04:00,0.8320000000000001
2016-01-02 12:05:00,0.7533333333333334
2016-01-02 12:06:00,0.647
2016-01-02 12:07:00,0.55
2016-01-02 12:08:00,0.4163333333333333
2016-01-02 12:09:00,0.2826666666666667
2016-01-02 12:10:00,0.235
2016-01-02 12:11:00,0.2353333333333333
2016-01-02 12:12:00,0.2626666666666667
2016-01-02 12:13:00,0.322
2016-01-02 12:14:00,0.3753333333333333
2016-01-02 12:15:00,0.4166666666666667
2016-01-02 12:16:00,0.451
2016-01-02 12:17:00,0.4893333333333333
2016-01-02 12:18:00,0.546
2016-01-02 12:19:00,0.6
2016-01-02 12:20:00,0.61
2016-01-02 12:21:00,0.6013333333333333
2016-01-02 12:22:00,0.591
2016-01-02 12:23:00,0.59
2016-01-02 12:24:00,0.59
2016-01-02 12:25:00,0.589
2016-01-02 12:26:00,0.5553333333333333
2016-01-02 12:27:00,0.484
2016-01-02 12:28:00,0.422
2016-01-02 12:29:00,0.3633333333333333
2016-01-02 12:30:00,0.324
2016-01-02 12:31:00,0.293
2016-01-02 12:32:00,0.2673333333333333
2016-01-02 12:33:00,0.263
2016-01-02 12:34:00,0.2733333333333334
2016-01-02 12:35:00,0.2836666666666667
2016-01-02 12:36:00,0.3179999999999999
2016-01-02 12:37:00,0.399
2016-01-02 12:38:00,0.4873333333333333
2016-01-02 12:39:00,0.545
2016-01-02 12:40:00,0.5760000000000001
2016-01-02 12:41:00,0.6013333333333333
2016-01-02 12:42:00,0.61
2016-01-02 12:43:00,0.6036666666666667
2016-01-02 12:44:00,0.6
2016-01-02 12:45:00,0.607
2016-01-02 12:46:00,0.5953333333333333
2016-01-02 12:47:00,0.59
2016-01-02 12:48:00,0.598
2016-01-02 12:49:00,0.6083333333333333
2016-01-02 12:50:00,0.6013333333333333
2016-01-02 12:51:00,0.573
2016-01-02 12:52:00,0.5233333333333333
2016-01-02 12:53:00,0.462
2016-01-02 12:54:00,0.409
2016-01-02 12:55:00,0.3793333333333333
2016-01-02 12:56:00,0.3709999999999999
2016-01-02 12:57:00,0.3826666666666666
2016-01-02 12:58:00,0.4083333333333333
2016-01-02 12:59:00,0.458
2016-01-02 13:00:00,0.5016666666666667
2016-01-02 13:01:00,0.5559999999999999
2016-01-02 13:02:00,0.609
2016-01-02 13:03:00,0.6333333333333333
2016-01-02 13:04:00,0.6436666666666667
2016-01-02 13:05:00,0.65
2016-01-02 13:06:00,0.6456666666666667
2016-01-02 13:07:00,0.6306666666666667
2016-01-02 13:08:00,0.62
2016-01-02 13:09:00,0.6146666666666667
2016-01-02 13:10:00,0.6213333333333334
2016-01-02 13:11:00,0.612
2016-01-02 13:12:00,0.5746666666666668
2016-01-02 13:13:00,0.5400000000000001
2016-01-02 13:14:00,0.502
2016-01-02 13:15:00,0.4606666666666666
2016-01-02 13:16:00,0.4346666666666666
2016-01-02 13:17:00,0.43
2016-01-02 13:18:00,0.43
2016-01-02 13:19:00,0.4473333333333333
2016-01-02 13:20:00,0.495
2016-01-02 13:21:00,0.5373333333333333
2016-01-02 13:22:00,0.6076666666666667
2016-01-02 13:23:00,0.682
2016-01-02 13:24:00,0.7413333333333333
2016-01-02 13:25:00,0.764
2016-01-02 13:26:00,0.8026666666666668
2016-01-02 13:27:00,0.825
2016-01-02 13:28:00,0.858
2016-01-02 13:29:00,0.8923333333333333
2016-01-02 13:30:00,0.9026666666666668
2016-01-02 13:31:00,0.913
2016-01-02 13:32:00,0.9233333333333336
2016-01-02 13:33:00,0.93
2016-01-02 13:34:00,0.93
2016-01-02 13:35:00,0.9343333333333332
2016-01-02 13:36:00,0.9353333333333332
2016-01-02 13:37:00,0.925
2016-01-02 13:38:00,0.9253333333333332
2016-01-02 13:39:00,0.9243333333333332
2016-01-02 13:40:00,0.914
2016-01-02 13:41:00,0.91
2016-01-02 13:42:00,0.8833333333333333
2016-01-02 13:43:00,0.8210000000000001
2016-01-02 13:44:00,0.778
2016-01-02 13:45:00,0.7086666666666666
2016-01-02 13:46:00,0.6739999999999999
2016-01-02 13:47:00,0.6283333333333334
2016-01-02 13:48:00,0.62
2016-01-02 13:49:00,0.629
2016-01-02 13:50:00,0.6486666666666667
2016-01-02 13:51:00,0.6693333333333334
2016-01-02 13:52:00,0.6903333333333332
2016-01-02 13:53:00,0.7
2016-01-02 13:54:00,0.701
2016-01-02 13:55:00,0.706
2016-01-02 13:56:00,0.68
2016-01-02 13:57:00,0.68
2016-01-02 13:58:00,0.6776666666666668
2016-01-02 13:59:00,0.6646666666666667
2016-01-02 14:00:00,0.644
2016-01-02 14:01:00,0.62
2016-01-02 14:02:00,0.5853333333333333
2016-01-02 14:03:00,0.552
2016-01-02 14:04:00,0.527
2016-01-02 14:05:00,0.5006666666666667
2016-01-02 14:06:00,0.475
2016-01-02 14:07:00,0.4493333333333333
2016-01-02 14:08:00,0.4456666666666667
2016-01-02 14:09:00,0.48
2016-01-02 14:10:00,0.5760000000000001
2016-01-02 14:11:00,0.7066666666666667
2016-01-02 14:12:00,0.743
2016-01-02 14:13:00,0.762
2016-01-02 14:14:00,0.7776666666666667
2016-01-02 14:15:00,0.804
2016-01-02 14:16:00,0.8266666666666667
2016-01-02 14:17:00,0.856
2016-01-02 14:18:00,0.86
2016-01-02 14:19:00,0.8506666666666667
2016-01-02 14:20:00,0.85
2016-01-02 14:21:00,0.83
2016-01-02 14:22:00,0.8293333333333333
2016-01-02 14:23:00,0.817
2016-01-02 14:24:00,0.786
2016-01-02 14:25:00,0.7533333333333334
2016-01-02 14:26:00,0.708
2016-01-02 14:27:00,0.6436666666666667
2016-01-02 14:28:00,0.574
2016-01-02 14:29:00,0.521
2016-01-02 14:30:00,0.49
2016-01-02 14:31:00,0.4773333333333333
2016-01-02 14:32:00,0.51
2016-01-02 14:33:00,0.5746666666666668
2016-01-02 14:34:00,0.6433333333333333
2016-01-02 14:35:00,0.69
2016-01-02 14:36:00,0.7260000000000001
2016-01-02 14:37:00,0.7456666666666667
2016-01-02 14:38:00,0.756
2016-01-02 14:39:00,0.7536666666666666
2016-01-02 14:40:00,0.75
2016-01-02 14:41:00,0.757
2016-01-02 14:42:00,0.76
2016-01-02 14:43:00,0.7906666666666667
2016-01-02 14:44:00,0.8480000000000001
2016-01-02 14:45:00,0.885
2016-01-02 14:46:00,0.89
2016-01-02 14:47:00,0.8989999999999999
2016-01-02 14:48:00,0.9093333333333332
2016-01-02 14:49:00,0.9196666666666666
2016-01-02 14:50:00,0.91
2016-01-02 14:51:00,0.9093333333333332
2016-01-02 14:52:00,0.8989999999999999
2016-01-02 14:53:00,0.886
2016-01-02 14:54:00,0.86
2016-01-02 14:55:00,0.864
2016-01-02 14:56:00,0.88
2016-01-02 14:57:00,0.864
2016-01-02 14:58:00,0.784
2016-01-02 14:59:00,0.69
2016-01-02 15:00:00,0.6773333333333333
2016-01-02 15:01:00,0.6739999999999999
2016-01-02 15:02:00,0.65
2016-01-02 15:03:00,0.65
2016-01-02 15:04:00,0.65
2016-01-02 15:05:00,0.6393333333333333
2016-01-02 15:06:00,0.6356666666666667
2016-01-02 15:07:00,0.634
2016-01-02 15:08:00,0.63
2016-01-02 15:09:00,0.61
2016-01-02 15:10:00,0.579
2016-01-02 15:11:00,0.548
2016-01-02 15:12:00,0.5093333333333334
2016-01-02 15:13:00,0.46
2016-01-02 15:14:00,0.4166666666666667
2016-01-02 15:15:00,0.3666666666666666
2016-01-02 15:16:00,0.3419999999999999
2016-01-02 15:17:00,0.3213333333333333
2016-01-02 15:18:00,0.32
2016-01-02 15:19:00,0.3406666666666667
2016-01-02 15:20:00,0.3613333333333333
2016-01-02 15:21:00,0.381
2016-01-02 15:22:00,0.3926666666666667
2016-01-02 15:23:00,0.4166666666666667
2016-01-02 15:24:00,0.466
2016-01-02 15:25:00,0.5463333333333333
2016-01-02 15:26:00,0.608
2016-01-02 15:27:00,0.642
2016-01-02 15:28:00,0.6799999999999999
2016-01-02 15:29:00,0.7146666666666666
2016-01-02 15:30:00,0.744
2016-01-02 15:31:00,0.7283333333333333
2016-01-02 15:32:00,0.6066666666666667
2016-01-02 15:33:00,0.45
2016-01-02 15:34:00,0.3573333333333333
2016-01-02 15:35:00,0.2973333333333333
2016-01-02 15:36:00,0.262
2016-01-02 15:37:00,0.2309999999999999
2016-01-02 15:38:00,0.2133333333333333
2016-01-02 15:39:00,0.2029999999999999
2016-01-02 15:40:00,0.2073333333333333
2016-01-02 15:41:00,0.2329999999999999
2016-01-02 15:42:00,0.272
2016-01-02 15:43:00,0.3383333333333333
2016-01-02 15:44:00,0.4193333333333333
2016-01-02 15:45:00,0.493
2016-01-02 15:46:00,0.5559999999999999
2016-01-02 15:47:00,0.5793333333333333
2016-01-02 15:48:00,0.5703333333333334
2016-01-02 15:49:00,0.58
2016-01-02 15:50:00,0.578
2016-01-02 15:51:00,0.5613333333333334
2016-01-02 15:52:00,0.57
2016-01-02 15:53:00,0.582
2016-01-02 15:54:00,0.6323333333333333
2016-01-02 15:55:00,0.6293333333333333
2016-01-02 15:56:00,0.591
2016-01-02 15:57:00,0.5566666666666666
2016-01-02 15:58:00,0.519
2016-01-02 15:59:00,0.492
2016-01-02 16:00:00,0.4713333333333333
2016-01-02 16:01:00,0.446
2016-01-02 16:02:00,0.435
2016-01-02 16:03:00,0.4506666666666666
2016-01-02 16:04:00,0.4826666666666667
2016-01-02 16:05:00,0.518
2016-01-02 16:06:00,0.5616666666666666
2016-01-02 16:07:00,0.6066666666666667
2016-01-02 16:08:00,0.648
2016-01-02 16:09:00,0.6893333333333334
2016-01-02 16:10:00,0.7153333333333334
2016-01-02 16:11:00,0.76
2016-01-02 16:12:00,0.795
2016-01-02 16:13:00,0.826
2016-01-02 16:14:00,0.839
2016-01-02 16:15:00,0.8306666666666666
2016-01-02 16:16:00,0.859
2016-01-02 16:17:00,0.85
2016-01-02 16:18:00,0.8493333333333334
2016-01-02 16:19:00,0.84
2016-01-02 16:20:00,0.8373333333333333
2016-01-02 16:21:00,0.82
2016-01-02 16:22:00,0.814
2016-01-02 16:23:00,0.776
2016-01-02 16:24:00,0.7246666666666666
2016-01-02 16:25:00,0.707
2016-01-02 16:26:00,0.7033333333333333
2016-01-02 16:27:00,0.721
2016-01-02 16:28:00,0.752
2016-01-02 16:29:00,0.77
2016-01-02 16:30:00,0.7326666666666667
2016-01-02 16:31:00,0.64
2016-01-02 16:32:00,0.5793333333333333
2016-01-02 16:33:00,0.57
2016-01-02 16:34:00,0.57
2016-01-02 16:35:00,0.589
2016-01-02 16:36:00,0.62
2016-01-02 16:37:00,0.637
2016-01-02 16:38:00,0.6693333333333334
2016-01-02 16:39:00,0.6876666666666666
2016-01-02 16:40:00,0.714
2016-01-02 16:41:00,0.745
2016-01-02 16:42:00,0.724
2016-01-02 16:43:00,0.8190000000000001
2016-01-02 16:44:00,0.8393333333333334
2016-01-02 16:45:00,0.8496666666666666
2016-01-02 16:46:00,0.8496666666666666
2016-01-02 16:47:00,0.8353333333333333
2016-01-02 16:48:00,0.769
2016-01-02 16:49:00,0.7613333333333333
2016-01-02 16:50:00,0.7683333333333333
2016-01-02 16:51:00,0.756
2016-01-02 16:52:00,0.754
2016-01-02 16:53:00,0.808
2016-01-02 16:54:00,0.83
2016-01-02 16:55:00,0.84
2016-01-02 16:56:00,0.86
2016-01-02 16:57:00,0.856
2016-01-02 16:58:00,0.8716666666666666
2016-01-02 16:59:00,0.8953333333333333
2016-01-02 17:00:00,0.91
2016-01-02 17:01:00,0.93
2016-01-02 17:02:00,0.9186666666666669
2016-01-02 17:03:00,0.874
2016-01-02 17:04:00,0.8056666666666668
2016-01-02 17:05:00,0.72
2016-01-02 17:06:00,0.6199999999999999
2016-01-02 17:07:00,0.568
2016-01-02 17:08:00,0.5446666666666666
2016-01-02 17:09:00,0.524
2016-01-02 17:10:00,0.4616666666666666
2016-01-02 17:11:00,0.4066666666666667
2016-01-02 17:12:00,0.391
2016-01-02 17:13:00,0.3713333333333333
2016-01-02 17:14:00,0.3313333333333333
2016-01-02 17:15:00,0.3506666666666666
2016-01-02 17:16:00,0.3713333333333333
2016-01-02 17:17:00,0.393
2016-01-02 17:18:00,0.4226666666666666
2016-01-02 17:19:00,0.45
2016-01-02 17:20:00,0.506
2016-01-02 17:21:00,0.5416666666666666
2016-01-02 17:22:00,0.5933333333333334
2016-01-02 17:23:00,0.636
2016-01-02 17:24:00,0.7
2016-01-02 17:25:00,0.8183333333333334
2016-01-02 17:26:00,0.85
2016-01-02 17:27:00,0.85
2016-01-02 17:28:00,0.836
2016-01-02 17:29:00,0.825
2016-01-02 17:30:00,0.83
2016-01-02 17:31:00,0.8413333333333333
2016-01-02 17:32:00,0.85
2016-01-02 17:33:00,0.8373333333333333
2016-01-02 17:34:00,0.8366666666666666
2016-01-02 17:35:00,0.826
2016-01-02 17:36:00,0.8053333333333333
2016-01-02 17:37:00,0.7846666666666666
2016-01-02 17:38:00,0.78
2016-01-02 17:39:00,0.78
2016-01-02 17:40:00,0.7626666666666666
2016-01-02 17:41:00,0.7419999999999999
2016-01-02 17:42:00,0.7493333333333333
2016-01-02 17:43:00,0.7403333333333334
2016-01-02 17:44:00,0.7496666666666666
2016-01-02 17:45:00,0.7393333333333333
2016-01-02 17:46:00,0.727
2016-01-02 17:47:00,0.6946666666666667
2016-01-02 17:48:00,0.6516666666666667
2016-01-02 17:49:00,0.604
2016-01-02 17:50:00,0.5753333333333333
2016-01-02 17:51:00,0.5413333333333334
2016-01-02 17:52:00,0.469
2016-01-02 17:53:00,0.41
2016-01-02 17:54:00,0.379
2016-01-02 17:55:00,0.356
2016-01-02 17:56:00,0.3456666666666666
2016-01-02 17:57:00,0.3306666666666666
2016-01-02 17:58:00,0.315
2016-01-02 17:59:00,0.2993333333333333
2016-01-02 18:00:00,0.2956666666666666
2016-01-02 18:01:00,0.312
2016-01-02 18:02:00,0.339
2016-01-02 18:03:00,0.3833333333333333
2016-01-02 18:04:00,0.4489999999999999
2016-01-02 18:05:00,0.4553333333333333
2016-01-02 18:06:00,0.4806666666666667
2016-01-02 18:07:00,0.514
2016-01-02 18:08:00,0.5533333333333333
2016-01-02 18:09:00,0.5686666666666667
2016-01-02 18:10:00,0.6330000000000001
2016-01-02 18:11:00,0.6866666666666666
2016-01-02 18:12:00,0.7093333333333333
2016-01-02 18:13:00,0.727
2016-01-02 18:14:00,0.6306666666666667
2016-01-02 18:15:00,0.491
2016-01-02 18:16:00,0.4033333333333333
2016-01-02 18:17:00,0.3516666666666666
2016-01-02 18:18:00,0.306
2016-01-02 18:19:00,0.2853333333333333
2016-01-02 18:20:00,0.2753333333333333
2016-01-02 18:21:00,0.296
2016-01-02 18:22:00,0.3233333333333333
2016-01-02 18:23:00,0.372
2016-01-02 18:24:00,0.434
2016-01-02 18:25:00,0.4873333333333333
2016-01-02 18:26:00,0.5286666666666667
2016-01-02 18:27:00,0.575
2016-01-02 18:28:00,0.6213333333333334
2016-01-02 18:29:00,0.6683333333333333
2016-01-02 18:30:00,0.714
2016-01-02 18:31:00,0.768
2016-01-02 18:32:00,0.8033333333333333
2016-01-02 18:33:00,0.824
2016-01-02 18:34:00,0.8226666666666667
2016-01-02 18:35:00,0.82
2016-01-02 18:36:00,0.7959999999999999
2016-01-02 18:37:00,0.765
2016-01-02 18:38:00,0.7426666666666667
2016-01-02 18:39:00,0.776
2016-01-02 18:40:00,0.7613333333333333
2016-01-02 18:41:00,0.8276666666666667
2016-01-02 18:42:00,0.8603333333333333
2016-01-02 18:43:00,0.87
2016-01-02 18:44:00,0.87
2016-01-02 18:45:00,0.87
2016-01-02 18:46:00,0.8666666666666667
2016-01-02 18:47:00,0.848
2016-01-02 18:48:00,0.8376666666666667
2016-01-02 18:49:00,0.8246666666666667
2016-01-02 18:50:00,0.825
2016-01-02 18:51:00,0.8633333333333333
2016-01-02 18:52:00,0.881
2016-01-02 18:53:00,0.912
2016-01-02 18:54:00,0.9256666666666667
2016-01-02 18:55:00,0.9106666666666666
2016-01-02 18:56:00,0.875
2016-01-02 18:57:00,0.818
2016-01-02 18:58:00,0.7843333333333333
2016-01-02 18:59:00,0.786
2016-01-02 19:00:00,0.7773333333333333
2016-01-02 19:01:00,0.7566666666666666
2016-01-02 19:02:00,0.729
2016-01-02 19:03:00,0.676
2016-01-02 19:04:00,0.5833333333333334
2016-01-02 19:05:00,0.536
2016-01-02 19:06:00,0.505
2016-01-02 19:07:00,0.474
2016-01-02 19:08:00,0.4429999999999999
2016-01-02 19:09:00,0.4586666666666666
2016-01-02 19:10:00,0.489
2016-01-02 19:11:00,0.4806666666666667
2016-01-02 19:12:00,0.5013333333333333
2016-01-02 19:13:00,0.523
2016-01-02 19:14:00,0.5526666666666668
2016-01-02 19:15:00,0.5766666666666665
2016-01-02 19:16:00,0.616
2016-01-02 19:17:00,0.647
2016-01-02 19:18:00,0.6806666666666668
2016-01-02 19:19:00,0.725
2016-01-02 19:20:00,0.7633333333333333
2016-01-02 19:21:00,0.7736666666666667
2016-01-02 19:22:00,0.792
2016-01-02 19:23:00,0.7796666666666667
2016-01-02 19:24:00,0.6699999999999999
2016-01-02 19:25:00,0.56
2016-01-02 19:26:00,0.482
2016-01-02 19:27:00,0.4173333333333333
2016-01-02 19:28:00,0.388
2016-01-02 19:29:00,0.3673333333333333
2016-01-02 19:30:00,0.3466666666666667
2016-01-02 19:31:00,0.34
2016-01-02 19:32:00,0.3326666666666666
2016-01-02 19:33:00,0.3376666666666666
2016-01-02 19:34:00,0.356
2016-01-02 19:35:00,0.36
2016-01-02 19:36:00,0.3686666666666667
2016-01-02 19:37:00,0.379
2016-01-02 19:38:00,0.3986666666666666
2016-01-02 19:39:00,0.429
2016-01-02 19:40:00,0.4513333333333333
2016-01-02 19:41:00,0.4913333333333333
2016-01-02 19:42:00,0.511
2016-01-02 19:43:00,0.5213333333333333
2016-01-02 19:44:00,0.5333333333333333
2016-01-02 19:45:00,0.548
2016-01-02 19:46:00,0.526
2016-01-02 19:47:00,0.4586666666666666
2016-01-02 19:48:00,0.382
2016-01-02 19:49:00,0.33
2016-01-02 19:50:00,0.3026666666666667
2016-01-02 19:51:00,0.2779999999999999
2016-01-02 19:52:00,0.2426666666666666
2016-01-02 19:53:00,0.2153333333333333
2016-01-02 19:54:00,0.205
2016-01-02 19:55:00,0.2053333333333333
2016-01-02 19:56:00,0.21
2016-01-02 19:57:00,0.228
2016-01-02 19:58:00,0.3033333333333333
2016-01-02 19:59:00,0.3866666666666666
2016-01-02 20:00:00,0.445
2016-01-02 20:01:00,0.482
2016-01-02 20:02:00,0.5053333333333333
2016-01-02 20:03:00,0.518
2016-01-02 20:04:00,0.545
2016-01-02 20:05:00,0.576
2016-01-02 20:06:00,0.589
2016-01-02 20:07:00,0.5993333333333334
2016-01-02 20:08:00,0.6869999999999999
2016-01-02 20:09:00,0.7506666666666667
2016-01-02 20:10:00,0.7693333333333334
2016-01-02 20:11:00,0.756
2016-01-02 20:12:00,0.712
2016-01-02 20:13:00,0.6516666666666667
2016-01-02 20:14:00,0.608
2016-01-02 20:15:00,0.5976666666666667
2016-01-02 20:16:00,0.5766666666666667
2016-01-02 20:17:00,0.525
2016-01-02 20:18:00,0.4933333333333333
2016-01-02 20:19:00,0.5036666666666666
2016-01-02 20:20:00,0.55
2016-01-02 20:21:00,0.636
2016-01-02 20:22:00,0.6839999999999999
2016-01-02 20:23:00,0.7599999999999999
2016-01-02 20:24:00,0.836
2016-01-02 20:25:00,0.85
2016-01-02 20:26:00,0.85
2016-01-02 20:27:00,0.8373333333333333
2016-01-02 20:28:00,0.8166666666666667
2016-01-02 20:29:00,0.803
2016-01-02 20:30:00,0.8073333333333335
2016-01-02 20:31:00,0.8406666666666667
2016-01-02 20:32:00,0.866
2016-01-02 20:33:00,0.8783333333333334
2016-01-02 20:34:00,0.8886666666666667
2016-01-02 20:35:00,0.872
2016-01-02 20:36:00,0.8326666666666667
2016-01-02 20:37:00,0.772
2016-01-02 20:38:00,0.697
2016-01-02 20:39:00,0.6053333333333334
2016-01-02 20:40:00,0.532
2016-01-02 20:41:00,0.4533333333333333
2016-01-02 20:42:00,0.4066666666666666
2016-01-02 20:43:00,0.394
2016-01-02 20:44:00,0.417
2016-01-02 20:45:00,0.448
2016-01-02 20:46:00,0.482
2016-01-02 20:47:00,0.53
2016-01-02 20:48:00,0.5993333333333334
2016-01-02 20:49:00,0.67
2016-01-02 20:50:00,0.7260000000000001
2016-01-02 20:51:00,0.746
2016-01-02 20:52:00,0.745
2016-01-02 20:53:00,0.7706666666666667
2016-01-02 20:54:00,0.8083333333333333
2016-01-02 20:55:00,0.824
2016-01-02 20:56:00,0.744
2016-01-02 20:57:00,0.6133333333333333
2016-01-02 20:58:00,0.521
2016-01-02 20:59:00,0.4633333333333333
2016-01-02 21:00:00,0.4116666666666667
2016-01-02 21:01:00,0.376
2016-01-02 21:02:00,0.345
2016-01-02 21:03:00,0.314
2016-01-02 21:04:00,0.301
2016-01-02 21:05:00,0.2813333333333334
2016-01-02 21:06:00,0.28
2016-01-02 21:07:00,0.3043333333333333
2016-01-02 21:08:00,0.4366666666666666
2016-01-02 21:09:00,0.532
2016-01-02 21:10:00,0.554
2016-01-02 21:11:00,0.58
2016-01-02 21:12:00,0.586
2016-01-02 21:13:00,0.6146666666666667
2016-01-02 21:14:00,0.638
2016-01-02 21:15:00,0.66
2016-01-02 21:16:00,0.6533333333333334
2016-01-02 21:17:00,0.6546666666666667
2016-01-02 21:18:00,0.68
2016-01-02 21:19:00,0.6150000000000001
2016-01-02 21:20:00,0.4786666666666666
2016-01-02 21:21:00,0.3949999999999999
2016-01-02 21:22:00,0.354
2016-01-02 21:23:00,0.3173333333333333
2016-01-02 21:24:00,0.288
2016-01-02 21:25:00,0.261
2016-01-02 21:26:00,0.2433333333333333
2016-01-02 21:27:00,0.226
2016-01-02 21:28:00,0.2126666666666666
2016-01-02 21:29:00,0.2023333333333333
2016-01-02 21:30:00,0.216
2016-01-02 21:31:00,0.295
2016-01-02 21:32:00,0.414
2016-01-02 21:33:00,0.493
2016-01-02 21:34:00,0.5933333333333334
2016-01-02 21:35:00,0.6483333333333333
2016-01-02 21:36:00,0.711
2016-01-02 21:37:00,0.7419999999999999
2016-01-02 21:38:00,0.773
2016-01-02 21:39:00,0.8
2016-01-02 21:40:00,0.8
2016-01-02 21:41:00,0.792
2016-01-02 21:42:00,0.7273333333333334
2016-01-02 21:43:00,0.5586666666666668
2016-01-02 21:44:00,0.354
2016-01-02 21:45:00,0.26
2016-01-02 21:46:00,0.2363333333333333
2016-01-02 21:47:00,0.222
2016-01-02 21:48:00,0.2056666666666666
2016-01-02 21:49:00,0.1953333333333333
2016-01-02 21:50:00,0.185
2016-01-02 21:51:00,0.1746666666666666
2016-01-02 21:52:00,0.17
2016-01-02 21:53:00,0.182
2016-01-02 21:54:00,0.228
2016-01-02 21:55:00,0.3566666666666666
2016-01-02 21:56:00,0.48
2016-01-02 21:57:00,0.5539999999999999
2016-01-02 21:58:00,0.5546666666666666
2016-01-02 21:59:00,0.59
2016-01-02 22:00:00,0.675
2016-01-02 22:01:00,0.69
2016-01-02 22:02:00,0.7260000000000001
2016-01-02 22:03:00,0.73
2016-01-02 22:04:00,0.7106666666666667
2016-01-02 22:05:00,0.6336666666666667
2016-01-02 22:06:00,0.44
2016-01-02 22:07:00,0.294
2016-01-02 22:08:00,0.236
2016-01-02 22:09:00,0.2066666666666666
2016-01-02 22:10:00,0.186
2016-01-02 22:11:00,0.1653333333333333
2016-01-02 22:12:00,0.1473333333333333
2016-01-02 22:13:00,0.137
2016-01-02 22:14:00,0.13
2016-01-02 22:15:00,0.1336666666666666
2016-01-02 22:16:00,0.148
2016-01-02 22:17:00,0.1903333333333333
2016-01-02 22:18:00,0.286
2016-01-02 22:19:00,0.3849999999999999
2016-01-02 22:20:00,0.4679999999999999
2016-01-02 22:21:00,0.5496666666666666
2016-01-02 22:22:00,0.622
2016-01-02 22:23:00,0.6943333333333332
2016-01-02 22:24:00,0.7266666666666667
2016-01-02 22:25:00,0.7580000000000001
2016-01-02 22:26:00,0.77
2016-01-02 22:27:00,0.7776666666666667
2016-01-02 22:28:00,0.78
2016-01-02 22:29:00,0.6383333333333333
2016-01-02 22:30:00,0.4539999999999999
2016-01-02 22:31:00,0.34
2016-01-02 22:32:00,0.274
2016-01-02 22:33:00,0.2313333333333333
2016-01-02 22:34:00,0.1993333333333333
2016-01-02 22:35:00,0.18
2016-01-02 22:36:00,0.18
2016-01-02 22:37:00,0.1813333333333333
2016-01-02 22:38:00,0.19
2016-01-02 22:39:00,0.2
2016-01-02 22:40:00,0.261
2016-01-02 22:41:00,0.3673333333333333
2016-01-02 22:42:00,0.482
2016-01-02 22:43:00,0.5133333333333333
2016-01-02 22:44:00,0.5456666666666667
2016-01-02 22:45:00,0.602
2016-01-02 22:46:00,0.6373333333333334
2016-01-02 22:47:00,0.6880000000000001
2016-01-02 22:48:00,0.74
2016-01-02 22:49:00,0.7813333333333333
2016-01-02 22:50:00,0.8056666666666668
2016-01-02 22:51:00,0.804
2016-01-02 22:52:00,0.7176666666666667
2016-01-02 22:53:00,0.5366666666666667
2016-01-02 22:54:00,0.372
2016-01-02 22:55:00,0.264
2016-01-02 22:56:00,0.2246666666666666
2016-01-02 22:57:00,0.204
2016-01-02 22:58:00,0.2
2016-01-02 22:59:00,0.2
2016-01-02 23:00:00,0.2
2016-01-02 23:01:00,0.2093333333333333
2016-01-02 23:02:00,0.2196666666666666
2016-01-02 23:03:00,0.2616666666666666
2016-01-02 23:04:00,0.3133333333333333
2016-01-02 23:05:00,0.363
2016-01-02 23:06:00,0.3953333333333333
2016-01-02 23:07:00,0.4333333333333333
2016-01-02 23:08:00,0.456
2016-01-02 23:09:00,0.487
2016-01-02 23:10:00,0.5153333333333333
2016-01-02 23:11:00,0.542
2016-01-02 23:12:00,0.5933333333333334
2016-01-02 23:13:00,0.6583333333333333
2016-01-02 23:14:00,0.69
2016-01-02 23:15:00,0.6683333333333333
2016-01-02 23:16:00,0.626
2016-01-02 23:17:00,0.61
2016-01-02 23:18:00,0.578
2016-01-02 23:19:00,0.5216666666666667
2016-01-02 23:20:00,0.458
2016-01-02 23:21:00,0.392
2016-01-02 23:22:00,0.3233333333333333
2016-01-02 23:23:00,0.2579999999999999
2016-01-02 23:24:00,0.2326666666666667
2016-01-02 23:25:00,0.2223333333333333
2016-01-02 23:26:00,0.212
2016-01-02 23:27:00,0.235
2016-01-02 23:28:00,0.266
2016-01-02 23:29:00,0.306
2016-01-02 23:30:00,0.3566666666666666
2016-01-02 23:31:00,0.3986666666666666
2016-01-02 23:32:00,0.4413333333333333
2016-01-02 23:33:00,0.482
2016-01-02 23:34:00,0.509
2016-01-02 23:35:00,0.5013333333333333
2016-01-02 23:36:00,0.5066666666666666
2016-01-02 23:37:00,0.48
2016-01-02 23:38:00,0.419
2016-01-02 23:39:00,0.3313333333333333
2016-01-02 23:40:00,0.265
2016-01-02 23:41:00,0.2266666666666666
2016-01-02 23:42:00,0.2163333333333333
2016-01-02 23:43:00,0.2019999999999999
2016-01-02 23:44:00,0.1813333333333333
2016-01-02 23:45:00,0.1653333333333333
2016-01-02 23:46:00,0.155
2016-01-02 23:47:00,0.1446666666666666
2016-01-02 23:48:00,0.14
2016-01-02 23:49:00,0.158
2016-01-02 23:50:00,0.2333333333333333
2016-01-02 23:51:00,0.3633333333333333
2016-01-02 23:52:00,0.4519999999999999
2016-01-02 23:53:00,0.514
2016-01-02 23:54:00,0.5913333333333333
2016-01-02 23:55:00,0.65
2016-01-02 23:56:00,0.7100000000000001
2016-01-02 23:57:00,0.746
2016-01-02 23:58:00,0.804
2016-01-02 23:59:00,0.8286666666666667
2016-01-03 00:00:00,0.8396666666666666
2016-01-03 00:01:00,0.8346666666666667
2016-01-03 00:02:00,0.6706666666666667
2016-01-03 00:03:00,0.528
2016-01-03 00:04:00,0.4066666666666666
2016-01-03 00:05:00,0.3116666666666666
2016-01-03 00:06:00,0.258
2016-01-03 00:07:00,0.2006666666666666
2016-01-03 00:08:00,0.17
2016-01-03 00:09:00,0.173
2016-01-03 00:10:00,0.1866666666666666
2016-01-03 00:11:00,0.2146666666666666
2016-01-03 00:12:00,0.26
2016-01-03 00:13:00,0.3203333333333333
2016-01-03 00:14:00,0.3833333333333333
2016-01-03 00:15:00,0.435
2016-01-03 00:16:00,0.4866666666666666
2016-01-03 00:17:00,0.527
2016-01-03 00:18:00,0.5579999999999999
2016-01-03 00:19:00,0.589
2016-01-03 00:20:00,0.6133333333333333
2016-01-03 00:21:00,0.662
2016-01-03 00:22:00,0.6946666666666667
2016-01-03 00:23:00,0.723
2016-01-03 00:24:00,0.73
2016-01-03 00:25:00,0.6633333333333334
2016-01-03 00:26:00,0.624
2016-01-03 00:27:00,0.5660000000000001
2016-01-03 00:28:00,0.504
2016-01-03 00:29:00,0.4613333333333333
2016-01-03 00:30:00,0.4296666666666667
2016-01-03 00:31:00,0.4213333333333333
2016-01-03 00:32:00,0.461
2016-01-03 00:33:00,0.6593333333333333
2016-01-03 00:34:00,0.7216666666666666
2016-01-03 00:35:00,0.736
2016-01-03 00:36:00,0.7716666666666667
2016-01-03 00:37:00,0.818
2016-01-03 00:38:00,0.843
2016-01-03 00:39:00,0.8633333333333333
2016-01-03 00:40:00,0.89
2016-01-03 00:41:00,0.894
2016-01-03 00:42:00,0.9
2016-01-03 00:43:00,0.9046666666666668
2016-01-03 00:44:00,0.91
2016-01-03 00:45:00,0.9046666666666668
2016-01-03 00:46:00,0.9
2016-01-03 00:47:00,0.882
2016-01-03 00:48:00,0.8446666666666667
2016-01-03 00:49:00,0.7699999999999999
2016-01-03 00:50:00,0.6910000000000001
2016-01-03 00:51:00,0.626
2016-01-03 00:52:00,0.5563333333333333
2016-01-03 00:53:00,0.5
2016-01-03 00:54:00,0.4483333333333333
2016-01-03 00:55:00,0.4053333333333333
2016-01-03 00:56:00,0.364
2016-01-03 00:57:00,0.3413333333333333
2016-01-03 00:58:00,0.311
2016-01-03 00:59:00,0.2803333333333333
2016-01-03 01:00:00,0.2913333333333333
2016-01-03 01:01:00,0.311
2016-01-03 01:02:00,0.324
2016-01-03 01:03:00,0.3566666666666666
2016-01-03 01:04:00,0.396
2016-01-03 01:05:00,0.4316666666666666
2016-01-03 01:06:00,0.4673333333333333
2016-01-03 01:07:00,0.472
2016-01-03 01:08:00,0.5166666666666667
2016-01-03 01:09:00,0.572
2016-01-03 01:10:00,0.598
2016-01-03 01:11:00,0.4846666666666666
2016-01-03 01:12:00,0.3319999999999999
2016-01-03 01:13:00,0.285
2016-01-03 01:14:00,0.254
2016-01-03 01:15:00,0.2229999999999999
2016-01-03 01:16:00,0.1979999999999999
2016-01-03 01:17:00,0.1646666666666666
2016-01-03 01:18:00,0.1433333333333333
2016-01-03 01:19:00,0.14
2016-01-03 01:20:00,0.14
2016-01-03 01:21:00,0.1553333333333333
2016-01-03 01:22:00,0.176
2016-01-03 01:23:00,0.2299999999999999
2016-01-03 01:24:00,0.3266666666666667
2016-01-03 01:25:00,0.421
2016-01-03 01:26:00,0.4766666666666666
2016-01-03 01:27:00,0.4993333333333333
2016-01-03 01:28:00,0.5006666666666667
2016-01-03 01:29:00,0.522
2016-01-03 01:30:00,0.548
2016-01-03 01:31:00,0.53
2016-01-03 01:32:00,0.5333333333333333
2016-01-03 01:33:00,0.55
2016-01-03 01:34:00,0.529
2016-01-03 01:35:00,0.444
2016-01-03 01:36:00,0.373
2016-01-03 01:37:00,0.2966666666666667
2016-01-03 01:38:00,0.2626666666666667
2016-01-03 01:39:00,0.25
2016-01-03 01:40:00,0.2586666666666666
2016-01-03 01:41:00,0.2700000000000001
2016-01-03 01:42:00,0.275
2016-01-03 01:43:00,0.2853333333333333
2016-01-03 01:44:00,0.3013333333333333
2016-01-03 01:45:00,0.328
2016-01-03 01:46:00,0.3716666666666667
2016-01-03 01:47:00,0.41
2016-01-03 01:48:00,0.4549999999999999
2016-01-03 01:49:00,0.5213333333333333
2016-01-03 01:50:00,0.5706666666666667
2016-01-03 01:51:00,0.612
2016-01-03 01:52:00,0.62
2016-01-03 01:53:00,0.6113333333333333
2016-01-03 01:54:00,0.628
2016-01-03 01:55:00,0.602
2016-01-03 01:56:00,0.5516666666666666
2016-01-03 01:57:00,0.572
2016-01-03 01:58:00,0.6346666666666666
2016-01-03 01:59:00,0.707
2016-01-03 02:00:00,0.7793333333333333
2016-01-03 02:01:00,0.845
2016-01-03 02:02:00,0.868
2016-01-03 02:03:00,0.86
2016-01-03 02:04:00,0.8573333333333333
2016-01-03 02:05:00,0.847
2016-01-03 02:06:00,0.83
2016-01-03 02:07:00,0.8173333333333334
2016-01-03 02:08:00,0.834
2016-01-03 02:09:00,0.8356666666666667
2016-01-03 02:10:00,0.8346666666666667
2016-01-03 02:11:00,0.8349999999999999
2016-01-03 02:12:00,0.8353333333333333
2016-01-03 02:13:00,0.8513333333333333
2016-01-03 02:14:00,0.86
2016-01-03 02:15:00,0.8726666666666667
2016-01-03 02:16:00,0.9066666666666666
2016-01-03 02:17:00,0.92
2016-01-03 02:18:00,0.9126666666666668
2016-01-03 02:19:00,0.933
2016-01-03 02:20:00,0.916
2016-01-03 02:21:00,0.86
2016-01-03 02:22:00,0.746
2016-01-03 02:23:00,0.595
2016-01-03 02:24:00,0.44
2016-01-03 02:25:00,0.3623333333333333
2016-01-03 02:26:00,0.319
2016-01-03 02:27:00,0.2886666666666667
2016-01-03 02:28:00,0.269
2016-01-03 02:29:00,0.26
2016-01-03 02:30:00,0.26
2016-01-03 02:31:00,0.266
2016-01-03 02:32:00,0.304
2016-01-03 02:33:00,0.3713333333333333
2016-01-03 02:34:00,0.445
2016-01-03 02:35:00,0.4599999999999999
2016-01-03 02:36:00,0.4163333333333333
2016-01-03 02:37:00,0.4059999999999999
2016-01-03 02:38:00,0.413
2016-01-03 02:39:00,0.458
2016-01-03 02:40:00,0.515
2016-01-03 02:41:00,0.5826666666666667
2016-01-03 02:42:00,0.654
2016-01-03 02:43:00,0.668
2016-01-03 02:44:00,0.5143333333333333
2016-01-03 02:45:00,0.3566666666666666
2016-01-03 02:46:00,0.292
2016-01-03 02:47:00,0.258
2016-01-03 02:48:00,0.2269999999999999
2016-01-03 02:49:00,0.22
2016-01-03 02:50:00,0.2116666666666666
2016-01-03 02:51:00,0.21
2016-01-03 02:52:00,0.219
2016-01-03 02:53:00,0.2386666666666666
2016-01-03 02:54:00,0.269
2016-01-03 02:55:00,0.3533333333333333
2016-01-03 02:56:00,0.4526666666666666
2016-01-03 02:57:00,0.493
2016-01-03 02:58:00,0.5253333333333334
2016-01-03 02:59:00,0.5650000000000001
2016-01-03 03:00:00,0.592
2016-01-03 03:01:00,0.6023333333333334
2016-01-03 03:02:00,0.61
2016-01-03 03:03:00,0.619
2016-01-03 03:04:00,0.6466666666666667
2016-01-03 03:05:00,0.6489999999999999
2016-01-03 03:06:00,0.622
2016-01-03 03:07:00,0.6013333333333333
2016-01-03 03:08:00,0.5760000000000001
2016-01-03 03:09:00,0.53
2016-01-03 03:10:00,0.4786666666666666
2016-01-03 03:11:00,0.443
2016-01-03 03:12:00,0.424
2016-01-03 03:13:00,0.4073333333333334
2016-01-03 03:14:00,0.3933333333333333
2016-01-03 03:15:00,0.39
2016-01-03 03:16:00,0.4046666666666666
2016-01-03 03:17:00,0.4176666666666666
2016-01-03 03:18:00,0.436
2016-01-03 03:19:00,0.4649999999999999
2016-01-03 03:20:00,0.4873333333333333
2016-01-03 03:21:00,0.517
2016-01-03 03:22:00,0.52
2016-01-03 03:23:00,0.5586666666666668
2016-01-03 03:24:00,0.5816666666666667
2016-01-03 03:25:00,0.6326666666666667
2016-01-03 03:26:00,0.675
2016-01-03 03:27:00,0.7253333333333333
2016-01-03 03:28:00,0.765
2016-01-03 03:29:00,0.782
2016-01-03 03:30:00,0.743
2016-01-03 03:31:00,0.696
2016-01-03 03:32:00,0.603
2016-01-03 03:33:00,0.5133333333333333
2016-01-03 03:34:00,0.4453333333333333
2016-01-03 03:35:00,0.408
2016-01-03 03:36:00,0.377
2016-01-03 03:37:00,0.3646666666666666
2016-01-03 03:38:00,0.37
2016-01-03 03:39:00,0.37
2016-01-03 03:40:00,0.3756666666666666
2016-01-03 03:41:00,0.3979999999999999
2016-01-03 03:42:00,0.448
2016-01-03 03:43:00,0.51
2016-01-03 03:44:00,0.551
2016-01-03 03:45:00,0.56
2016-01-03 03:46:00,0.5983333333333333
2016-01-03 03:47:00,0.634
2016-01-03 03:48:00,0.6650000000000001
2016-01-03 03:49:00,0.67
2016-01-03 03:50:00,0.688
2016-01-03 03:51:00,0.69
2016-01-03 03:52:00,0.6996666666666667
2016-01-03 03:53:00,0.6783333333333333
2016-01-03 03:54:00,0.6293333333333333
2016-01-03 03:55:00,0.625
2016-01-03 03:56:00,0.6686666666666667
2016-01-03 03:57:00,0.65
2016-01-03 03:58:00,0.61
2016-01-03 03:59:00,0.6523333333333333
2016-01-03 04:00:00,0.6626666666666667
2016-01-03 04:01:00,0.676
2016-01-03 04:02:00,0.7099999999999999
2016-01-03 04:03:00,0.761
2016-01-03 04:04:00,0.788
2016-01-03 04:05:00,0.8086666666666668
2016-01-03 04:06:00,0.82
2016-01-03 04:07:00,0.825
2016-01-03 04:08:00,0.8406666666666667
2016-01-03 04:09:00,0.8783333333333334
2016-01-03 04:10:00,0.906
2016-01-03 04:11:00,0.91
2016-01-03 04:12:00,0.9166666666666666
2016-01-03 04:13:00,0.92
2016-01-03 04:14:00,0.92
2016-01-03 04:15:00,0.92
2016-01-03 04:16:00,0.912
2016-01-03 04:17:00,0.8933333333333333
2016-01-03 04:18:00,0.89
2016-01-03 04:19:00,0.89
2016-01-03 04:20:00,0.918
2016-01-03 04:21:00,0.9103333333333334
2016-01-03 04:22:00,0.8903333333333333
2016-01-03 04:23:00,0.9
2016-01-03 04:24:00,0.8989999999999999
2016-01-03 04:25:00,0.89
2016-01-03 04:26:00,0.8883333333333333
2016-01-03 04:27:00,0.88
2016-01-03 04:28:00,0.887
2016-01-03 04:29:00,0.9153333333333332
2016-01-03 04:30:00,0.93
2016-01-03 04:31:00,0.93
2016-01-03 04:32:00,0.9336666666666668
2016-01-03 04:33:00,0.94
2016-01-03 04:34:00,0.94
2016-01-03 04:35:00,0.94
2016-01-03 04:36:00,0.945
2016-01-03 04:37:00,0.95
2016-01-03 04:38:00,0.9443333333333332
2016-01-03 04:39:00,0.934
2016-01-03 04:40:00,0.93
2016-01-03 04:41:00,0.9166666666666666
2016-01-03 04:42:00,0.896
2016-01-03 04:43:00,0.868
2016-01-03 04:44:00,0.86
2016-01-03 04:45:00,0.86
2016-01-03 04:46:00,0.8266666666666665
2016-01-03 04:47:00,0.82
2016-01-03 04:48:00,0.802
2016-01-03 04:49:00,0.7906666666666667
2016-01-03 04:50:00,0.8093333333333333
2016-01-03 04:51:00,0.8213333333333332
2016-01-03 04:52:00,0.8613333333333333
2016-01-03 04:53:00,0.881
2016-01-03 04:54:00,0.894
2016-01-03 04:55:00,0.92
2016-01-03 04:56:00,0.918
2016-01-03 04:57:00,0.9076666666666668
2016-01-03 04:58:00,0.892
2016-01-03 04:59:00,0.87
2016-01-03 05:00:00,0.8733333333333333
2016-01-03 05:01:00,0.8763333333333333
2016-01-03 05:02:00,0.866
2016-01-03 05:03:00,0.8383333333333334
2016-01-03 05:04:00,0.8053333333333333
2016-01-03 05:05:00,0.805
2016-01-03 05:06:00,0.81
2016-01-03 05:07:00,0.81
2016-01-03 05:08:00,0.804
2016-01-03 05:09:00,0.8
2016-01-03 05:10:00,0.7733333333333333
2016-01-03 05:11:00,0.788
2016-01-03 05:12:00,0.8
2016-01-03 05:13:00,0.8153333333333334
2016-01-03 05:14:00,0.8119999999999999
2016-01-03 05:15:00,0.8266666666666667
2016-01-03 05:16:00,0.856
2016-01-03 05:17:00,0.8510000000000001
2016-01-03 05:18:00,0.8593333333333334
2016-01-03 05:19:00,0.8406666666666667
2016-01-03 05:20:00,0.83
2016-01-03 05:21:00,0.8306666666666666
2016-01-03 05:22:00,0.84
2016-01-03 05:23:00,0.8386666666666667
2016-01-03 05:24:00,0.8316666666666667
2016-01-03 05:25:00,0.838
2016-01-03 05:26:00,0.8253333333333333
2016-01-03 05:27:00,0.8073333333333335
2016-01-03 05:28:00,0.797
2016-01-03 05:29:00,0.7766666666666667
2016-01-03 05:30:00,0.7426666666666667
2016-01-03 05:31:00,0.718
2016-01-03 05:32:00,0.6913333333333332
2016-01-03 05:33:00,0.68
2016-01-03 05:34:00,0.685
2016-01-03 05:35:00,0.7006666666666667
2016-01-03 05:36:00,0.7156666666666667
2016-01-03 05:37:00,0.7260000000000001
2016-01-03 05:38:00,0.7553333333333333
2016-01-03 05:39:00,0.7833333333333333
2016-01-03 05:40:00,0.804
2016-01-03 05:41:00,0.7953333333333333
2016-01-03 05:42:00,0.7976666666666666
2016-01-03 05:43:00,0.792
2016-01-03 05:44:00,0.7983333333333335
2016-01-03 05:45:00,0.8
2016-01-03 05:46:00,0.791
2016-01-03 05:47:00,0.8086666666666668
2016-01-03 05:48:00,0.8293333333333333
2016-01-03 05:49:00,0.799
2016-01-03 05:50:00,0.768
2016-01-03 05:51:00,0.737
2016-01-03 05:52:00,0.7033333333333333
2016-01-03 05:53:00,0.6533333333333334
2016-01-03 05:54:00,0.614
2016-01-03 05:55:00,0.59
2016-01-03 05:56:00,0.6033333333333333
2016-01-03 05:57:00,0.673
2016-01-03 05:58:00,0.7733333333333333
2016-01-03 05:59:00,0.831
2016-01-03 06:00:00,0.862
2016-01-03 06:01:00,0.8843333333333334
2016-01-03 06:02:00,0.89
2016-01-03 06:03:00,0.895
2016-01-03 06:04:00,0.9
2016-01-03 06:05:00,0.8943333333333334
2016-01-03 06:06:00,0.896
2016-01-03 06:07:00,0.9063333333333332
2016-01-03 06:08:00,0.9233333333333336
2016-01-03 06:09:00,0.93
2016-01-03 06:10:00,0.9153333333333332
2016-01-03 06:11:00,0.9023333333333332
2016-01-03 06:12:00,0.9
2016-01-03 06:13:00,0.8916666666666667
2016-01-03 06:14:00,0.8813333333333334
2016-01-03 06:15:00,0.853
2016-01-03 06:16:00,0.85
2016-01-03 06:17:00,0.8306666666666666
2016-01-03 06:18:00,0.83
2016-01-03 06:19:00,0.8306666666666666
2016-01-03 06:20:00,0.839
2016-01-03 06:21:00,0.83
2016-01-03 06:22:00,0.8283333333333333
2016-01-03 06:23:00,0.824
2016-01-03 06:24:00,0.8493333333333334
2016-01-03 06:25:00,0.88
2016-01-03 06:26:00,0.8830000000000001
2016-01-03 06:27:00,0.8966666666666667
2016-01-03 06:28:00,0.9136666666666666
2016-01-03 06:29:00,0.924
2016-01-03 06:30:00,0.9256666666666667
2016-01-03 06:31:00,0.92
2016-01-03 06:32:00,0.91
2016-01-03 06:33:00,0.8946666666666666
2016-01-03 06:34:00,0.8956666666666667
2016-01-03 06:35:00,0.876
2016-01-03 06:36:00,0.86
2016-01-03 06:37:00,0.8733333333333333
2016-01-03 06:38:00,0.894
2016-01-03 06:39:00,0.878
2016-01-03 06:40:00,0.8546666666666667
2016-01-03 06:41:00,0.722
2016-01-03 06:42:00,0.5483333333333333
2016-01-03 06:43:00,0.3986666666666666
2016-01-03 06:44:00,0.3259999999999999
2016-01-03 06:45:00,0.3106666666666667
2016-01-03 06:46:00,0.3196666666666666
2016-01-03 06:47:00,0.3413333333333333
2016-01-03 06:48:00,0.3826666666666666
2016-01-03 06:49:00,0.426
2016-01-03 06:50:00,0.4866666666666666
2016-01-03 06:51:00,0.5399999999999999
2016-01-03 06:52:00,0.594
2016-01-03 06:53:00,0.6146666666666667
2016-01-03 06:54:00,0.646
2016-01-03 06:55:00,0.693
2016-01-03 06:56:00,0.7066666666666667
2016-01-03 06:57:00,0.7163333333333333
2016-01-03 06:58:00,0.6940000000000001
2016-01-03 06:59:00,0.644
2016-01-03 07:00:00,0.5586666666666666
2016-01-03 07:01:00,0.455
2016-01-03 07:02:00,0.3833333333333333
2016-01-03 07:03:00,0.343
2016-01-03 07:04:00,0.306
2016-01-03 07:05:00,0.2836666666666667
2016-01-03 07:06:00,0.2666666666666666
2016-01-03 07:07:00,0.246
2016-01-03 07:08:00,0.2399999999999999
2016-01-03 07:09:00,0.2476666666666666
2016-01-03 07:10:00,0.274
2016-01-03 07:11:00,0.305
2016-01-03 07:12:00,0.3446666666666667
2016-01-03 07:13:00,0.386
2016-01-03 07:14:00,0.4273333333333333
2016-01-03 07:15:00,0.4976666666666666
2016-01-03 07:16:00,0.5733333333333334
2016-01-03 07:17:00,0.6733333333333335
2016-01-03 07:18:00,0.725
2016-01-03 07:19:00,0.7726666666666666
2016-01-03 07:20:00,0.7900000000000001
2016-01-03 07:21:00,0.782
2016-01-03 07:22:00,0.6963333333333334
2016-01-03 07:23:00,0.4853333333333333
2016-01-03 07:24:00,0.369
2016-01-03 07:25:00,0.3066666666666667
2016-01-03 07:26:00,0.269
2016-01-03 07:27:00,0.246
2016-01-03 07:28:00,0.2356666666666666
2016-01-03 07:29:00,0.2253333333333333
2016-01-03 07:30:00,0.22
2016-01-03 07:31:00,0.22
2016-01-03 07:32:00,0.22
2016-01-03 07:33:00,0.238
2016-01-03 07:34:00,0.2816666666666666
2016-01-03 07:35:00,0.4066666666666667
2016-01-03 07:36:00,0.523
2016-01-03 07:37:00,0.594
2016-01-03 07:38:00,0.6406666666666666
2016-01-03 07:39:00,0.6819999999999999
2016-01-03 07:40:00,0.7066666666666667
2016-01-03 07:41:00,0.7273333333333334
2016-01-03 07:42:00,0.802
2016-01-03 07:43:00,0.838
2016-01-03 07:44:00,0.8593333333333334
2016-01-03 07:45:00,0.7936666666666667
2016-01-03 07:46:00,0.5993333333333334
2016-01-03 07:47:00,0.438
2016-01-03 07:48:00,0.3233333333333333
2016-01-03 07:49:00,0.2766666666666666
2016-01-03 07:50:00,0.254
2016-01-03 07:51:00,0.2253333333333333
2016-01-03 07:52:00,0.2046666666666666
2016-01-03 07:53:00,0.187
2016-01-03 07:54:00,0.1766666666666666
2016-01-03 07:55:00,0.17
2016-01-03 07:56:00,0.178
2016-01-03 07:57:00,0.2246666666666666
2016-01-03 07:58:00,0.3166666666666666
2016-01-03 07:59:00,0.42
2016-01-03 08:00:00,0.5233333333333333
2016-01-03 08:01:00,0.587
2016-01-03 08:02:00,0.648
2016-01-03 08:03:00,0.6863333333333334
2016-01-03 08:04:00,0.6966666666666667
2016-01-03 08:05:00,0.728
2016-01-03 08:06:00,0.762
2016-01-03 08:07:00,0.747
2016-01-03 08:08:00,0.6920000000000001
2016-01-03 08:09:00,0.555
2016-01-03 08:10:00,0.3913333333333333
2016-01-03 08:11:00,0.28
2016-01-03 08:12:00,0.2326666666666667
2016-01-03 08:13:00,0.2106666666666666
2016-01-03 08:14:00,0.2
2016-01-03 08:15:00,0.2
2016-01-03 08:16:00,0.2
2016-01-03 08:17:00,0.2
2016-01-03 08:18:00,0.2016666666666666
2016-01-03 08:19:00,0.218
2016-01-03 08:20:00,0.2663333333333333
2016-01-03 08:21:00,0.3386666666666666
2016-01-03 08:22:00,0.408
2016-01-03 08:23:00,0.4733333333333334
2016-01-03 08:24:00,0.5456666666666667
2016-01-03 08:25:00,0.618
2016-01-03 08:26:00,0.6773333333333333
2016-01-03 08:27:00,0.7233333333333333
2016-01-03 08:28:00,0.755
2016-01-03 08:29:00,0.7706666666666667
2016-01-03 08:30:00,0.7856666666666666
2016-01-03 08:31:00,0.76
2016-01-03 08:32:00,0.7020000000000001
2016-01-03 08:33:00,0.6666666666666666
2016-01-03 08:34:00,0.66
2016-01-03 08:35:00,0.6453333333333333
2016-01-03 08:36:00,0.6553333333333333
2016-01-03 08:37:00,0.644
2016-01-03 08:38:00,0.6566666666666666
2016-01-03 08:39:00,0.712
2016-01-03 08:40:00,0.747
2016-01-03 08:41:00,0.8806666666666667
2016-01-03 08:42:00,0.919
2016-01-03 08:43:00,0.9303333333333332
2016-01-03 08:44:00,0.9393333333333334
2016-01-03 08:45:00,0.932
2016-01-03 08:46:00,0.9473333333333332
2016-01-03 08:47:00,0.9316666666666666
2016-01-03 08:48:00,0.938
2016-01-03 08:49:00,0.9253333333333332
2016-01-03 08:50:00,0.9153333333333332
2016-01-03 08:51:00,0.927
2016-01-03 08:52:00,0.93
2016-01-03 08:53:00,0.9463333333333332
2016-01-03 08:54:00,0.924
2016-01-03 08:55:00,0.8826666666666667
2016-01-03 08:56:00,0.7853333333333333
2016-01-03 08:57:00,0.65
2016-01-03 08:58:00,0.5466666666666666
2016-01-03 08:59:00,0.4773333333333333
2016-01-03 09:00:00,0.43
2016-01-03 09:01:00,0.391
2016-01-03 09:02:00,0.3733333333333333
2016-01-03 09:03:00,0.391
2016-01-03 09:04:00,0.4366666666666666
2016-01-03 09:05:00,0.473
2016-01-03 09:06:00,0.52
2016-01-03 09:07:00,0.5883333333333333
2016-01-03 09:08:00,0.756
2016-01-03 09:09:00,0.852
2016-01-03 09:10:00,0.8786666666666666
2016-01-03 09:11:00,0.8316666666666667
2016-01-03 09:12:00,0.8076666666666666
2016-01-03 09:13:00,0.738
2016-01-03 09:14:00,0.708
2016-01-03 09:15:00,0.69
2016-01-03 09:16:00,0.69
2016-01-03 09:17:00,0.6819999999999999
2016-01-03 09:18:00,0.6336666666666667
2016-01-03 09:19:00,0.564
2016-01-03 09:20:00,0.502
2016-01-03 09:21:00,0.4466666666666666
2016-01-03 09:22:00,0.409
2016-01-03 09:23:00,0.374
2016-01-03 09:24:00,0.3586666666666666
2016-01-03 09:25:00,0.3653333333333333
2016-01-03 09:26:00,0.37
2016-01-03 09:27:00,0.3906666666666666
2016-01-03 09:28:00,0.4283333333333333
2016-01-03 09:29:00,0.4679999999999999
2016-01-03 09:30:00,0.4926666666666666
2016-01-03 09:31:00,0.52
2016-01-03 09:32:00,0.544
2016-01-03 09:33:00,0.55
2016-01-03 09:34:00,0.5576666666666666
2016-01-03 09:35:00,0.552
2016-01-03 09:36:00,0.55
2016-01-03 09:37:00,0.55
2016-01-03 09:38:00,0.559
2016-01-03 09:39:00,0.5506666666666667
2016-01-03 09:40:00,0.5403333333333333
2016-01-03 09:41:00,0.5186666666666667
2016-01-03 09:42:00,0.478
2016-01-03 09:43:00,0.449
2016-01-03 09:44:00,0.436
2016-01-03 09:45:00,0.4066666666666666
2016-01-03 09:46:00,0.382
2016-01-03 09:47:00,0.3429999999999999
2016-01-03 09:48:00,0.312
2016-01-03 09:49:00,0.2809999999999999
2016-01-03 09:50:00,0.2533333333333333
2016-01-03 09:51:00,0.2399999999999999
2016-01-03 09:52:00,0.26
2016-01-03 09:53:00,0.3116666666666666
2016-01-03 09:54:00,0.368
2016-01-03 09:55:00,0.42
2016-01-03 09:56:00,0.488
2016-01-03 09:57:00,0.5583333333333333
2016-01-03 09:58:00,0.64
2016-01-03 09:59:00,0.7053333333333334
2016-01-03 10:00:00,0.7466666666666666
2016-01-03 10:01:00,0.7739999999999999
2016-01-03 10:02:00,0.7653333333333333
2016-01-03 10:03:00,0.7523333333333333
2016-01-03 10:04:00,0.7260000000000001
2016-01-03 10:05:00,0.6199999999999999
2016-01-03 10:06:00,0.548
2016-01-03 10:07:00,0.486
2016-01-03 10:08:00,0.424
2016-01-03 10:09:00,0.3813333333333333
2016-01-03 10:10:00,0.33
2016-01-03 10:11:00,0.3306666666666666
2016-01-03 10:12:00,0.34
2016-01-03 10:13:00,0.3413333333333333
2016-01-03 10:14:00,0.3516666666666666
2016-01-03 10:15:00,0.366
2016-01-03 10:16:00,0.3993333333333334
2016-01-03 10:17:00,0.4433333333333333
2016-01-03 10:18:00,0.489
2016-01-03 10:19:00,0.52
2016-01-03 10:20:00,0.5583333333333333
2016-01-03 10:21:00,0.594
2016-01-03 10:22:00,0.6476666666666666
2016-01-03 10:23:00,0.7333333333333333
2016-01-03 10:24:00,0.775
2016-01-03 10:25:00,0.8006666666666667
2016-01-03 10:26:00,0.7986666666666667
2016-01-03 10:27:00,0.73
2016-01-03 10:28:00,0.614
2016-01-03 10:29:00,0.5366666666666667
2016-01-03 10:30:00,0.478
2016-01-03 10:31:00,0.416
2016-01-03 10:32:00,0.3616666666666666
2016-01-03 10:33:00,0.3339999999999999
2016-01-03 10:34:00,0.3133333333333333
2016-01-03 10:35:00,0.2926666666666666
2016-01-03 10:36:00,0.29
2016-01-03 10:37:00,0.29
2016-01-03 10:38:00,0.3093333333333333
2016-01-03 10:39:00,0.3523333333333333
2016-01-03 10:40:00,0.4246666666666667
2016-01-03 10:41:00,0.4959999999999999
2016-01-03 10:42:00,0.5553333333333333
2016-01-03 10:43:00,0.5933333333333334
2016-01-03 10:44:00,0.614
2016-01-03 10:45:00,0.6416666666666667
2016-01-03 10:46:00,0.6880000000000001
2016-01-03 10:47:00,0.722
2016-01-03 10:48:00,0.7566666666666666
2016-01-03 10:49:00,0.781
2016-01-03 10:50:00,0.796
2016-01-03 10:51:00,0.751
2016-01-03 10:52:00,0.672
2016-01-03 10:53:00,0.61
2016-01-03 10:54:00,0.5533333333333333
2016-01-03 10:55:00,0.4959999999999999
2016-01-03 10:56:00,0.4459999999999999
2016-01-03 10:57:00,0.4236666666666666
2016-01-03 10:58:00,0.4266666666666666
2016-01-03 10:59:00,0.437
2016-01-03 11:00:00,0.4473333333333333
2016-01-03 11:01:00,0.4653333333333333
2016-01-03 11:02:00,0.526
2016-01-03 11:03:00,0.6233333333333333
2016-01-03 11:04:00,0.7353333333333333
2016-01-03 11:05:00,0.786
2016-01-03 11:06:00,0.8366666666666666
2016-01-03 11:07:00,0.898
2016-01-03 11:08:00,0.9103333333333334
2016-01-03 11:09:00,0.9206666666666669
2016-01-03 11:10:00,0.93
2016-01-03 11:11:00,0.9313333333333332
2016-01-03 11:12:00,0.94
2016-01-03 11:13:00,0.938
2016-01-03 11:14:00,0.9206666666666669
2016-01-03 11:15:00,0.8606666666666667
2016-01-03 11:16:00,0.741
2016-01-03 11:17:00,0.6166666666666667
2016-01-03 11:18:00,0.495
2016-01-03 11:19:00,0.384
2016-01-03 11:20:00,0.3513333333333334
2016-01-03 11:21:00,0.326
2016-01-03 11:22:00,0.3
2016-01-03 11:23:00,0.2846666666666667
2016-01-03 11:24:00,0.2856666666666667
2016-01-03 11:25:00,0.302
2016-01-03 11:26:00,0.3986666666666666
2016-01-03 11:27:00,0.5566666666666666
2016-01-03 11:28:00,0.652
2016-01-03 11:29:00,0.7213333333333334
2016-01-03 11:30:00,0.7323333333333333
2016-01-03 11:31:00,0.762
2016-01-03 11:32:00,0.8033333333333333
2016-01-03 11:33:00,0.8273333333333334
2016-01-03 11:34:00,0.866
2016-01-03 11:35:00,0.8793333333333333
2016-01-03 11:36:00,0.8993333333333333
2016-01-03 11:37:00,0.8563333333333334
2016-01-03 11:38:00,0.7386666666666667
2016-01-03 11:39:00,0.572
2016-01-03 11:40:00,0.4959999999999999
2016-01-03 11:41:00,0.4649999999999999
2016-01-03 11:42:00,0.434
2016-01-03 11:43:00,0.4029999999999999
2016-01-03 11:44:00,0.3773333333333333
2016-01-03 11:45:00,0.367
2016-01-03 11:46:00,0.3633333333333333
2016-01-03 11:47:00,0.3846666666666666
2016-01-03 11:48:00,0.422
2016-01-03 11:49:00,0.4573333333333333
2016-01-03 11:50:00,0.5126666666666667
2016-01-03 11:51:00,0.575
2016-01-03 11:52:00,0.6373333333333334
2016-01-03 11:53:00,0.6926666666666667
2016-01-03 11:54:00,0.722
2016-01-03 11:55:00,0.749
2016-01-03 11:56:00,0.76
2016-01-03 11:57:00,0.767
2016-01-03 11:58:00,0.7846666666666666
2016-01-03 11:59:00,0.7976666666666666
2016-01-03 12:00:00,0.792
2016-01-03 12:01:00,0.74
2016-01-03 12:02:00,0.678
2016-01-03 12:03:00,0.625
2016-01-03 12:04:00,0.5733333333333334
2016-01-03 12:05:00,0.5313333333333333
2016-01-03 12:06:00,0.488
2016-01-03 12:07:00,0.428
2016-01-03 12:08:00,0.4
2016-01-03 12:09:00,0.3986666666666666
2016-01-03 12:10:00,0.3966666666666666
2016-01-03 12:11:00,0.438
2016-01-03 12:12:00,0.4933333333333333
2016-01-03 12:13:00,0.6126666666666666
2016-01-03 12:14:00,0.751
2016-01-03 12:15:00,0.8133333333333334
2016-01-03 12:16:00,0.8546666666666667
2016-01-03 12:17:00,0.884
2016-01-03 12:18:00,0.903
2016-01-03 12:19:00,0.92
2016-01-03 12:20:00,0.925
2016-01-03 12:21:00,0.93
2016-01-03 12:22:00,0.9356666666666666
2016-01-03 12:23:00,0.922
2016-01-03 12:24:00,0.8466666666666668
2016-01-03 12:25:00,0.7233333333333334
2016-01-03 12:26:00,0.6169999999999999
2016-01-03 12:27:00,0.5093333333333333
2016-01-03 12:28:00,0.434
2016-01-03 12:29:00,0.38
2016-01-03 12:30:00,0.3283333333333333
2016-01-03 12:31:00,0.294
2016-01-03 12:32:00,0.281
2016-01-03 12:33:00,0.28
2016-01-03 12:34:00,0.2993333333333333
2016-01-03 12:35:00,0.332
2016-01-03 12:36:00,0.3933333333333333
2016-01-03 12:37:00,0.446
2016-01-03 12:38:00,0.5053333333333333
2016-01-03 12:39:00,0.5483333333333333
2016-01-03 12:40:00,0.612
2016-01-03 12:41:00,0.7186666666666667
2016-01-03 12:42:00,0.7959999999999999
2016-01-03 12:43:00,0.849
2016-01-03 12:44:00,0.87
2016-01-03 12:45:00,0.8773333333333333
2016-01-03 12:46:00,0.894
2016-01-03 12:47:00,0.9
2016-01-03 12:48:00,0.8906666666666666
2016-01-03 12:49:00,0.885
2016-01-03 12:50:00,0.8633333333333333
2016-01-03 12:51:00,0.8116666666666668
2016-01-03 12:52:00,0.766
2016-01-03 12:53:00,0.731
2016-01-03 12:54:00,0.7133333333333333
2016-01-03 12:55:00,0.724
2016-01-03 12:56:00,0.7153333333333334
2016-01-03 12:57:00,0.7099999999999999
2016-01-03 12:58:00,0.7260000000000001
2016-01-03 12:59:00,0.78
2016-01-03 13:00:00,0.8766666666666667
2016-01-03 13:01:00,0.917
2016-01-03 13:02:00,0.9386666666666666
2016-01-03 13:03:00,0.9303333333333332
2016-01-03 13:04:00,0.9593333333333331
2016-01-03 13:05:00,0.9406666666666668
2016-01-03 13:06:00,0.951
2016-01-03 13:07:00,0.96
2016-01-03 13:08:00,0.96
2016-01-03 13:09:00,0.96
2016-01-03 13:10:00,0.9506666666666668
2016-01-03 13:11:00,0.8800000000000001
2016-01-03 13:12:00,0.728
2016-01-03 13:13:00,0.56
2016-01-03 13:14:00,0.3943333333333333
2016-01-03 13:15:00,0.3259999999999999
2016-01-03 13:16:00,0.2726666666666666
2016-01-03 13:17:00,0.2453333333333333
2016-01-03 13:18:00,0.245
2016-01-03 13:19:00,0.266
2016-01-03 13:20:00,0.3083333333333333
2016-01-03 13:21:00,0.348
2016-01-03 13:22:00,0.3916666666666666
2016-01-03 13:23:00,0.49
2016-01-03 13:24:00,0.5790000000000001
2016-01-03 13:25:00,0.6586666666666667
2016-01-03 13:26:00,0.703
2016-01-03 13:27:00,0.7419999999999999
2016-01-03 13:28:00,0.8166666666666667
2016-01-03 13:29:00,0.83
2016-01-03 13:30:00,0.857
2016-01-03 13:31:00,0.8786666666666666
2016-01-03 13:32:00,0.8896666666666667
2016-01-03 13:33:00,0.8266666666666665
2016-01-03 13:34:00,0.7213333333333334
2016-01-03 13:35:00,0.594
2016-01-03 13:36:00,0.5306666666666667
2016-01-03 13:37:00,0.4633333333333332
2016-01-03 13:38:00,0.422
2016-01-03 13:39:00,0.383
2016-01-03 13:40:00,0.3573333333333333
2016-01-03 13:41:00,0.347
2016-01-03 13:42:00,0.34
2016-01-03 13:43:00,0.3473333333333333
2016-01-03 13:44:00,0.3799999999999999
2016-01-03 13:45:00,0.4403333333333333
2016-01-03 13:46:00,0.5219999999999999
2016-01-03 13:47:00,0.58
2016-01-03 13:48:00,0.6166666666666667
2016-01-03 13:49:00,0.6513333333333333
2016-01-03 13:50:00,0.666
2016-01-03 13:51:00,0.6763333333333335
2016-01-03 13:52:00,0.6933333333333334
2016-01-03 13:53:00,0.735
2016-01-03 13:54:00,0.7793333333333334
2016-01-03 13:55:00,0.7823333333333334
2016-01-03 13:56:00,0.772
2016-01-03 13:57:00,0.6950000000000001
2016-01-03 13:58:00,0.628
2016-01-03 13:59:00,0.584
2016-01-03 14:00:00,0.5426666666666667
2016-01-03 14:01:00,0.5206666666666667
2016-01-03 14:02:00,0.5093333333333334
2016-01-03 14:03:00,0.4906666666666666
2016-01-03 14:04:00,0.497
2016-01-03 14:05:00,0.4793333333333333
2016-01-03 14:06:00,0.5516666666666666
2016-01-03 14:07:00,0.618
2016-01-03 14:08:00,0.657
2016-01-03 14:09:00,0.6906666666666668
2016-01-03 14:10:00,0.7260000000000001
2016-01-03 14:11:00,0.7533333333333334
2016-01-03 14:12:00,0.7836666666666667
2016-01-03 14:13:00,0.8059999999999999
2016-01-03 14:14:00,0.8386666666666667
2016-01-03 14:15:00,0.8546666666666667
2016-01-03 14:16:00,0.87
2016-01-03 14:17:00,0.88
2016-01-03 14:18:00,0.8913333333333334
2016-01-03 14:19:00,0.87
2016-01-03 14:20:00,0.8246666666666668
2016-01-03 14:21:00,0.77
2016-01-03 14:22:00,0.708
2016-01-03 14:23:00,0.6313333333333333
2016-01-03 14:24:00,0.5486666666666667
2016-01-03 14:25:00,0.482
2016-01-03 14:26:00,0.4366666666666666
2016-01-03 14:27:00,0.4213333333333333
2016-01-03 14:28:00,0.429
2016-01-03 14:29:00,0.458
2016-01-03 14:30:00,0.489
2016-01-03 14:31:00,0.5226666666666666
2016-01-03 14:32:00,0.6046666666666667
2016-01-03 14:33:00,0.676
2016-01-03 14:34:00,0.734
2016-01-03 14:35:00,0.7633333333333333
2016-01-03 14:36:00,0.786
2016-01-03 14:37:00,0.8146666666666668
2016-01-03 14:38:00,0.838
2016-01-03 14:39:00,0.869
2016-01-03 14:40:00,0.89
2016-01-03 14:41:00,0.8936666666666667
2016-01-03 14:42:00,0.872
2016-01-03 14:43:00,0.7953333333333333
2016-01-03 14:44:00,0.736
2016-01-03 14:45:00,0.705
2016-01-03 14:46:00,0.6793333333333333
2016-01-03 14:47:00,0.6473333333333334
2016-01-03 14:48:00,0.612
2016-01-03 14:49:00,0.5873333333333333
2016-01-03 14:50:00,0.5933333333333334
2016-01-03 14:51:00,0.614
2016-01-03 14:52:00,0.62
2016-01-03 14:53:00,0.62
2016-01-03 14:54:00,0.652
2016-01-03 14:55:00,0.7183333333333334
2016-01-03 14:56:00,0.7646666666666667
2016-01-03 14:57:00,0.788
2016-01-03 14:58:00,0.7993333333333333
2016-01-03 14:59:00,0.8193333333333332
2016-01-03 15:00:00,0.832
2016-01-03 15:01:00,0.892
2016-01-03 15:02:00,0.921
2016-01-03 15:03:00,0.93
2016-01-03 15:04:00,0.9316666666666666
2016-01-03 15:05:00,0.94
2016-01-03 15:06:00,0.9376666666666666
2016-01-03 15:07:00,0.9246666666666667
2016-01-03 15:08:00,0.907
2016-01-03 15:09:00,0.8833333333333333
2016-01-03 15:10:00,0.839
2016-01-03 15:11:00,0.7959999999999999
2016-01-03 15:12:00,0.734
2016-01-03 15:13:00,0.6813333333333333
2016-01-03 15:14:00,0.65
2016-01-03 15:15:00,0.6453333333333333
2016-01-03 15:16:00,0.6613333333333333
2016-01-03 15:17:00,0.6940000000000001
2016-01-03 15:18:00,0.7733333333333333
2016-01-03 15:19:00,0.83
2016-01-03 15:20:00,0.826
2016-01-03 15:21:00,0.8566666666666667
2016-01-03 15:22:00,0.893
2016-01-03 15:23:00,0.908
2016-01-03 15:24:00,0.9183333333333332
2016-01-03 15:25:00,0.9286666666666668
2016-01-03 15:26:00,0.948
2016-01-03 15:27:00,0.9313333333333332
2016-01-03 15:28:00,0.9396666666666664
2016-01-03 15:29:00,0.8643333333333333
2016-01-03 15:30:00,0.6906666666666667
2016-01-03 15:31:00,0.553
2016-01-03 15:32:00,0.482
2016-01-03 15:33:00,0.4216666666666667
2016-01-03 15:34:00,0.374
2016-01-03 15:35:00,0.3429999999999999
2016-01-03 15:36:00,0.32
2016-01-03 15:37:00,0.32
2016-01-03 15:38:00,0.32
2016-01-03 15:39:00,0.3273333333333333
2016-01-03 15:40:00,0.352
2016-01-03 15:41:00,0.3916666666666666
2016-01-03 15:42:00,0.4526666666666666
2016-01-03 15:43:00,0.525
2016-01-03 15:44:00,0.6186666666666667
2016-01-03 15:45:00,0.6926666666666667
2016-01-03 15:46:00,0.728
2016-01-03 15:47:00,0.7716666666666667
2016-01-03 15:48:00,0.8166666666666667
2016-01-03 15:49:00,0.844
2016-01-03 15:50:00,0.85
2016-01-03 15:51:00,0.85
2016-01-03 15:52:00,0.778
2016-01-03 15:53:00,0.6683333333333333
2016-01-03 15:54:00,0.5806666666666666
2016-01-03 15:55:00,0.525
2016-01-03 15:56:00,0.492
2016-01-03 15:57:00,0.4416666666666666
2016-01-03 15:58:00,0.409
2016-01-03 15:59:00,0.3806666666666666
2016-01-03 16:00:00,0.389
2016-01-03 16:01:00,0.384
2016-01-03 16:02:00,0.415
2016-01-03 16:03:00,0.4459999999999999
2016-01-03 16:04:00,0.4816666666666666
2016-01-03 16:05:00,0.5333333333333333
2016-01-03 16:06:00,0.5849999999999999
2016-01-03 16:07:00,0.6366666666666667
2016-01-03 16:08:00,0.6920000000000001
2016-01-03 16:09:00,0.746
2016-01-03 16:10:00,0.7916666666666666
2016-01-03 16:11:00,0.834
2016-01-03 16:12:00,0.84
2016-01-03 16:13:00,0.8513333333333333
2016-01-03 16:14:00,0.87
2016-01-03 16:15:00,0.834
2016-01-03 16:16:00,0.7593333333333334
2016-01-03 16:17:00,0.69
2016-01-03 16:18:00,0.628
2016-01-03 16:19:00,0.5660000000000001
2016-01-03 16:20:00,0.527
2016-01-03 16:21:00,0.4959999999999999
2016-01-03 16:22:00,0.4816666666666666
2016-01-03 16:23:00,0.4626666666666666
2016-01-03 16:24:00,0.469
2016-01-03 16:25:00,0.47
2016-01-03 16:26:00,0.4796666666666666
2016-01-03 16:27:00,0.5513333333333335
2016-01-03 16:28:00,0.594
2016-01-03 16:29:00,0.656
2016-01-03 16:30:00,0.7153333333333334
2016-01-03 16:31:00,0.7533333333333334
2016-01-03 16:32:00,0.772
2016-01-03 16:33:00,0.7823333333333334
2016-01-03 16:34:00,0.7900000000000001
2016-01-03 16:35:00,0.7989999999999999
2016-01-03 16:36:00,0.82
2016-01-03 16:37:00,0.8273333333333334
2016-01-03 16:38:00,0.844
2016-01-03 16:39:00,0.8586666666666666
2016-01-03 16:40:00,0.856
2016-01-03 16:41:00,0.8349999999999999
2016-01-03 16:42:00,0.8140000000000001
2016-01-03 16:43:00,0.7886666666666666
2016-01-03 16:44:00,0.768
2016-01-03 16:45:00,0.7536666666666666
2016-01-03 16:46:00,0.75
2016-01-03 16:47:00,0.75
2016-01-03 16:48:00,0.75
2016-01-03 16:49:00,0.7576666666666667
2016-01-03 16:50:00,0.776
2016-01-03 16:51:00,0.805
2016-01-03 16:52:00,0.836
2016-01-03 16:53:00,0.8669999999999999
2016-01-03 16:54:00,0.8793333333333333
2016-01-03 16:55:00,0.8896666666666667
2016-01-03 16:56:00,0.9
2016-01-03 16:57:00,0.902
2016-01-03 16:58:00,0.931
2016-01-03 16:59:00,0.9386666666666666
2016-01-03 17:00:00,0.9333333333333332
2016-01-03 17:01:00,0.946
2016-01-03 17:02:00,0.9183333333333332
2016-01-03 17:03:00,0.8613333333333333
2016-01-03 17:04:00,0.7710000000000001
2016-01-03 17:05:00,0.6433333333333333
2016-01-03 17:06:00,0.537
2016-01-03 17:07:00,0.4679999999999999
2016-01-03 17:08:00,0.4413333333333333
2016-01-03 17:09:00,0.4253333333333333
2016-01-03 17:10:00,0.42
2016-01-03 17:11:00,0.42
2016-01-03 17:12:00,0.4143333333333333
2016-01-03 17:13:00,0.4459999999999999
2016-01-03 17:14:00,0.5523333333333333
2016-01-03 17:15:00,0.6599999999999999
2016-01-03 17:16:00,0.739
2016-01-03 17:17:00,0.7673333333333333
2016-01-03 17:18:00,0.8083333333333333
2016-01-03 17:19:00,0.828
2016-01-03 17:20:00,0.8466666666666666
2016-01-03 17:21:00,0.8673333333333333
2016-01-03 17:22:00,0.87
2016-01-03 17:23:00,0.9073333333333334
2016-01-03 17:24:00,0.9196666666666666
2016-01-03 17:25:00,0.9296666666666666
2016-01-03 17:26:00,0.9193333333333334
2016-01-03 17:27:00,0.908
2016-01-03 17:28:00,0.8873333333333334
2016-01-03 17:29:00,0.8633333333333333
2016-01-03 17:30:00,0.82
2016-01-03 17:31:00,0.7823333333333334
2016-01-03 17:32:00,0.8193333333333334
2016-01-03 17:33:00,0.9
2016-01-03 17:34:00,0.9033333333333334
2016-01-03 17:35:00,0.9173333333333332
2016-01-03 17:36:00,0.938
2016-01-03 17:37:00,0.9456666666666664
2016-01-03 17:38:00,0.9353333333333332
2016-01-03 17:39:00,0.935
2016-01-03 17:40:00,0.9506666666666668
2016-01-03 17:41:00,0.943
2016-01-03 17:42:00,0.936
2016-01-03 17:43:00,0.94
2016-01-03 17:44:00,0.94
2016-01-03 17:45:00,0.94
2016-01-03 17:46:00,0.94
2016-01-03 17:47:00,0.94
2016-01-03 17:48:00,0.94
2016-01-03 17:49:00,0.8566666666666667
2016-01-03 17:50:00,0.736
2016-01-03 17:51:00,0.603
2016-01-03 17:52:00,0.5433333333333333
2016-01-03 17:53:00,0.482
2016-01-03 17:54:00,0.4296666666666667
2016-01-03 17:55:00,0.418
2016-01-03 17:56:00,0.388
2016-01-03 17:57:00,0.3726666666666666
2016-01-03 17:58:00,0.39
2016-01-03 17:59:00,0.396
2016-01-03 18:00:00,0.448
2016-01-03 18:01:00,0.5613333333333334
2016-01-03 18:02:00,0.653
2016-01-03 18:03:00,0.75
2016-01-03 18:04:00,0.8083333333333333
2016-01-03 18:05:00,0.844
2016-01-03 18:06:00,0.863
2016-01-03 18:07:00,0.8893333333333333
2016-01-03 18:08:00,0.905
2016-01-03 18:09:00,0.8993333333333333
2016-01-03 18:10:00,0.8956666666666667
2016-01-03 18:11:00,0.882
2016-01-03 18:12:00,0.8320000000000001
2016-01-03 18:13:00,0.7633333333333333
2016-01-03 18:14:00,0.6910000000000001
2016-01-03 18:15:00,0.604
2016-01-03 18:16:00,0.534
2016-01-03 18:17:00,0.488
2016-01-03 18:18:00,0.4883333333333333
2016-01-03 18:19:00,0.464
2016-01-03 18:20:00,0.478
2016-01-03 18:21:00,0.4986666666666667
2016-01-03 18:22:00,0.5193333333333333
2016-01-03 18:23:00,0.682
2016-01-03 18:24:00,0.74
2016-01-03 18:25:00,0.739
2016-01-03 18:26:00,0.7286666666666667
2016-01-03 18:27:00,0.715
2016-01-03 18:28:00,0.69
2016-01-03 18:29:00,0.69
2016-01-03 18:30:00,0.6926666666666665
2016-01-03 18:31:00,0.703
2016-01-03 18:32:00,0.7099999999999999
2016-01-03 18:33:00,0.7136666666666667
2016-01-03 18:34:00,0.7040000000000001
2016-01-03 18:35:00,0.6626666666666667
2016-01-03 18:36:00,0.6213333333333334
2016-01-03 18:37:00,0.5800000000000001
2016-01-03 18:38:00,0.544
2016-01-03 18:39:00,0.53
2016-01-03 18:40:00,0.53
2016-01-03 18:41:00,0.5743333333333334
2016-01-03 18:42:00,0.6066666666666667
2016-01-03 18:43:00,0.596
2016-01-03 18:44:00,0.59
2016-01-03 18:45:00,0.5593333333333333
2016-01-03 18:46:00,0.542
2016-01-03 18:47:00,0.5400000000000001
2016-01-03 18:48:00,0.5486666666666667
2016-01-03 18:49:00,0.568
2016-01-03 18:50:00,0.5886666666666667
2016-01-03 18:51:00,0.5996666666666666
2016-01-03 18:52:00,0.6206666666666667
2016-01-03 18:53:00,0.6413333333333334
2016-01-03 18:54:00,0.659
2016-01-03 18:55:00,0.65
2016-01-03 18:56:00,0.6483333333333333
2016-01-03 18:57:00,0.636
2016-01-03 18:58:00,0.613
2016-01-03 18:59:00,0.5820000000000001
2016-01-03 19:00:00,0.551
2016-01-03 19:01:00,0.52
2016-01-03 19:02:00,0.4926666666666666
2016-01-03 19:03:00,0.4679999999999999
2016-01-03 19:04:00,0.4326666666666667
2016-01-03 19:05:00,0.3959999999999999
2016-01-03 19:06:00,0.37
2016-01-03 19:07:00,0.36
2016-01-03 19:08:00,0.3656666666666666
2016-01-03 19:09:00,0.37
2016-01-03 19:10:00,0.389
2016-01-03 19:11:00,0.4266666666666667
2016-01-03 19:12:00,0.461
2016-01-03 19:13:00,0.4993333333333333
2016-01-03 19:14:00,0.5406666666666667
2016-01-03 19:15:00,0.5820000000000001
2016-01-03 19:16:00,0.6066666666666667
2016-01-03 19:17:00,0.61
2016-01-03 19:18:00,0.619
2016-01-03 19:19:00,0.6573333333333334
2016-01-03 19:20:00,0.6503333333333334
2016-01-03 19:21:00,0.6076666666666667
2016-01-03 19:22:00,0.536
2016-01-03 19:23:00,0.477
2016-01-03 19:24:00,0.446
2016-01-03 19:25:00,0.4183333333333333
2016-01-03 19:26:00,0.4019999999999999
2016-01-03 19:27:00,0.3676666666666666
2016-01-03 19:28:00,0.3546666666666667
2016-01-03 19:29:00,0.337
2016-01-03 19:30:00,0.3266666666666667
2016-01-03 19:31:00,0.32
2016-01-03 19:32:00,0.328
2016-01-03 19:33:00,0.3616666666666667
2016-01-03 19:34:00,0.46
2016-01-03 19:35:00,0.575
2016-01-03 19:36:00,0.6579999999999999
2016-01-03 19:37:00,0.6773333333333333
2016-01-03 19:38:00,0.696
2016-01-03 19:39:00,0.7263333333333333
2016-01-03 19:40:00,0.7766666666666667
2016-01-03 19:41:00,0.8
2016-01-03 19:42:00,0.8513333333333333
2016-01-03 19:43:00,0.8546666666666667
2016-01-03 19:44:00,0.802
2016-01-03 19:45:00,0.7066666666666667
2016-01-03 19:46:00,0.6726666666666666
2016-01-03 19:47:00,0.607
2016-01-03 19:48:00,0.5813333333333333
2016-01-03 19:49:00,0.725
2016-01-03 19:50:00,0.8403333333333334
2016-01-03 19:51:00,0.8493333333333334
2016-01-03 19:52:00,0.836
2016-01-03 19:53:00,0.8026666666666668
2016-01-03 19:54:00,0.8183333333333334
2016-01-03 19:55:00,0.8119999999999999
2016-01-03 19:56:00,0.827
2016-01-03 19:57:00,0.866
2016-01-03 19:58:00,0.916
2016-01-03 19:59:00,0.9333333333333332
2016-01-03 20:00:00,0.9436666666666668
2016-01-03 20:01:00,0.946
2016-01-03 20:02:00,0.9486666666666664
2016-01-03 20:03:00,0.96
2016-01-03 20:04:00,0.95
2016-01-03 20:05:00,0.9346666666666666
2016-01-03 20:06:00,0.8903333333333333
2016-01-03 20:07:00,0.854
2016-01-03 20:08:00,0.7993333333333333
2016-01-03 20:09:00,0.6366666666666666
2016-01-03 20:10:00,0.528
2016-01-03 20:11:00,0.4733333333333334
2016-01-03 20:12:00,0.437
2016-01-03 20:13:00,0.43
2016-01-03 20:14:00,0.4633333333333332
2016-01-03 20:15:00,0.5046666666666667
2016-01-03 20:16:00,0.528
2016-01-03 20:17:00,0.5206666666666667
2016-01-03 20:18:00,0.549
2016-01-03 20:19:00,0.5506666666666666
2016-01-03 20:20:00,0.5706666666666665
2016-01-03 20:21:00,0.58
2016-01-03 20:22:00,0.5813333333333333
2016-01-03 20:23:00,0.5933333333333334
2016-01-03 20:24:00,0.614
2016-01-03 20:25:00,0.637
2016-01-03 20:26:00,0.6626666666666667
2016-01-03 20:27:00,0.676
2016-01-03 20:28:00,0.69
2016-01-03 20:29:00,0.6936666666666667
2016-01-03 20:30:00,0.692
2016-01-03 20:31:00,0.6583333333333333
2016-01-03 20:32:00,0.6206666666666667
2016-01-03 20:33:00,0.59
2016-01-03 20:34:00,0.5593333333333333
2016-01-03 20:35:00,0.5386666666666666
2016-01-03 20:36:00,0.524
2016-01-03 20:37:00,0.5136666666666667
2016-01-03 20:38:00,0.5033333333333333
2016-01-03 20:39:00,0.507
2016-01-03 20:40:00,0.51
2016-01-03 20:41:00,0.533
2016-01-03 20:42:00,0.572
2016-01-03 20:43:00,0.605
2016-01-03 20:44:00,0.6446666666666666
2016-01-03 20:45:00,0.677
2016-01-03 20:46:00,0.708
2016-01-03 20:47:00,0.7293333333333333
2016-01-03 20:48:00,0.761
2016-01-03 20:49:00,0.7886666666666666
2016-01-03 20:50:00,0.769
2016-01-03 20:51:00,0.7626666666666666
2016-01-03 20:52:00,0.7783333333333334
2016-01-03 20:53:00,0.7580000000000001
2016-01-03 20:54:00,0.6913333333333332
2016-01-03 20:55:00,0.606
2016-01-03 20:56:00,0.522
2016-01-03 20:57:00,0.4666666666666667
2016-01-03 20:58:00,0.429
2016-01-03 20:59:00,0.3979999999999999
2016-01-03 21:00:00,0.3713333333333333
2016-01-03 21:01:00,0.3506666666666666
2016-01-03 21:02:00,0.34
2016-01-03 21:03:00,0.34
2016-01-03 21:04:00,0.3456666666666666
2016-01-03 21:05:00,0.356
2016-01-03 21:06:00,0.4043333333333333
2016-01-03 21:07:00,0.5166666666666667
2016-01-03 21:08:00,0.651
2016-01-03 21:09:00,0.7413333333333333
2016-01-03 21:10:00,0.783
2016-01-03 21:11:00,0.7900000000000001
2016-01-03 21:12:00,0.8066666666666668
2016-01-03 21:13:00,0.8273333333333334
2016-01-03 21:14:00,0.839
2016-01-03 21:15:00,0.8493333333333334
2016-01-03 21:16:00,0.85
2016-01-03 21:17:00,0.7846666666666667
2016-01-03 21:18:00,0.6226666666666667
2016-01-03 21:19:00,0.515
2016-01-03 21:20:00,0.4619999999999999
2016-01-03 21:21:00,0.4016666666666666
2016-01-03 21:22:00,0.354
2016-01-03 21:23:00,0.3253333333333333
2016-01-03 21:24:00,0.31
2016-01-03 21:25:00,0.307
2016-01-03 21:26:00,0.3
2016-01-03 21:27:00,0.3036666666666666
2016-01-03 21:28:00,0.322
2016-01-03 21:29:00,0.3963333333333333
2016-01-03 21:30:00,0.554
2016-01-03 21:31:00,0.685
2016-01-03 21:32:00,0.7253333333333333
2016-01-03 21:33:00,0.7526666666666666
2016-01-03 21:34:00,0.794
2016-01-03 21:35:00,0.81
2016-01-03 21:36:00,0.83
2016-01-03 21:37:00,0.84
2016-01-03 21:38:00,0.84
2016-01-03 21:39:00,0.8323333333333333
2016-01-03 21:40:00,0.7899999999999999
2016-01-03 21:41:00,0.7216666666666666
2016-01-03 21:42:00,0.6493333333333333
2016-01-03 21:43:00,0.577
2016-01-03 21:44:00,0.4953333333333333
2016-01-03 21:45:00,0.4416666666666666
2016-01-03 21:46:00,0.379
2016-01-03 21:47:00,0.35
2016-01-03 21:48:00,0.35
2016-01-03 21:49:00,0.35
2016-01-03 21:50:00,0.3533333333333333
2016-01-03 21:51:00,0.37
2016-01-03 21:52:00,0.4096666666666667
2016-01-03 21:53:00,0.5586666666666668
2016-01-03 21:54:00,0.628
2016-01-03 21:55:00,0.6933333333333334
2016-01-03 21:56:00,0.7436666666666666
2016-01-03 21:57:00,0.734
2016-01-03 21:58:00,0.7013333333333333
2016-01-03 21:59:00,0.6946666666666667
2016-01-03 22:00:00,0.675
2016-01-03 22:01:00,0.666
2016-01-03 22:02:00,0.7026666666666668
2016-01-03 22:03:00,0.66
2016-01-03 22:04:00,0.5883333333333333
2016-01-03 22:05:00,0.53
2016-01-03 22:06:00,0.475
2016-01-03 22:07:00,0.4306666666666666
2016-01-03 22:08:00,0.3893333333333333
2016-01-03 22:09:00,0.364
2016-01-03 22:10:00,0.335
2016-01-03 22:11:00,0.3213333333333333
2016-01-03 22:12:00,0.311
2016-01-03 22:13:00,0.31
2016-01-03 22:14:00,0.31
2016-01-03 22:15:00,0.3343333333333333
2016-01-03 22:16:00,0.4673333333333333
2016-01-03 22:17:00,0.575
2016-01-03 22:18:00,0.624
2016-01-03 22:19:00,0.655
2016-01-03 22:20:00,0.686
2016-01-03 22:21:00,0.7193333333333333
2016-01-03 22:22:00,0.7606666666666667
2016-01-03 22:23:00,0.796
2016-01-03 22:24:00,0.8200000000000001
2016-01-03 22:25:00,0.8473333333333333
2016-01-03 22:26:00,0.828
2016-01-03 22:27:00,0.728
2016-01-03 22:28:00,0.6226666666666667
2016-01-03 22:29:00,0.52
2016-01-03 22:30:00,0.428
2016-01-03 22:31:00,0.3546666666666667
2016-01-03 22:32:00,0.296
2016-01-03 22:33:00,0.2673333333333333
2016-01-03 22:34:00,0.2533333333333333
2016-01-03 22:35:00,0.25
2016-01-03 22:36:00,0.2573333333333333
2016-01-03 22:37:00,0.2753333333333334
2016-01-03 22:38:00,0.32
2016-01-03 22:39:00,0.4216666666666667
2016-01-03 22:40:00,0.4746666666666667
2016-01-03 22:41:00,0.516
2016-01-03 22:42:00,0.5853333333333333
2016-01-03 22:43:00,0.6286666666666666
2016-01-03 22:44:00,0.6813333333333333
2016-01-03 22:45:00,0.7213333333333334
2016-01-03 22:46:00,0.746
2016-01-03 22:47:00,0.804
2016-01-03 22:48:00,0.8349999999999999
2016-01-03 22:49:00,0.84
2016-01-03 22:50:00,0.7343333333333334
2016-01-03 22:51:00,0.6286666666666666
2016-01-03 22:52:00,0.5579999999999999
2016-01-03 22:53:00,0.52
2016-01-03 22:54:00,0.4853333333333333
2016-01-03 22:55:00,0.448
2016-01-03 22:56:00,0.417
2016-01-03 22:57:00,0.3953333333333333
2016-01-03 22:58:00,0.39
2016-01-03 22:59:00,0.4006666666666666
2016-01-03 23:00:00,0.4213333333333333
2016-01-03 23:01:00,0.448
2016-01-03 23:02:00,0.5043333333333334
2016-01-03 23:03:00,0.5766666666666667
2016-01-03 23:04:00,0.628
2016-01-03 23:05:00,0.6766666666666665
2016-01-03 23:06:00,0.713
2016-01-03 23:07:00,0.752
2016-01-03 23:08:00,0.8016666666666666
2016-01-03 23:09:00,0.836
2016-01-03 23:10:00,0.8669999999999999
2016-01-03 23:11:00,0.8886666666666667
2016-01-03 23:12:00,0.8996666666666667
2016-01-03 23:13:00,0.8670000000000001
2016-01-03 23:14:00,0.776
2016-01-03 23:15:00,0.713
2016-01-03 23:16:00,0.6406666666666666
2016-01-03 23:17:00,0.575
2016-01-03 23:18:00,0.5400000000000001
2016-01-03 23:19:00,0.4906666666666667
2016-01-03 23:20:00,0.4546666666666666
2016-01-03 23:21:00,0.446
2016-01-03 23:22:00,0.4633333333333333
2016-01-03 23:23:00,0.4773333333333333
2016-01-03 23:24:00,0.506
2016-01-03 23:25:00,0.5603333333333332
2016-01-03 23:26:00,0.614
2016-01-03 23:27:00,0.645
2016-01-03 23:28:00,0.6813333333333333
2016-01-03 23:29:00,0.7056666666666666
2016-01-03 23:30:00,0.728
2016-01-03 23:31:00,0.759
2016-01-03 23:32:00,0.7966666666666667
2016-01-03 23:33:00,0.8450000000000001
2016-01-03 23:34:00,0.8746666666666666
2016-01-03 23:35:00,0.8953333333333333
2016-01-03 23:36:00,0.86
2016-01-03 23:37:00,0.775
2016-01-03 23:38:00,0.5953333333333333
2016-01-03 23:39:00,0.471
2016-01-03 23:40:00,0.404
2016-01-03 23:41:00,0.3323333333333333
2016-01-03 23:42:00,0.2996666666666667
2016-01-03 23:43:00,0.2886666666666667
2016-01-03 23:44:00,0.2700000000000001
2016-01-03 23:45:00,0.2713333333333333
2016-01-03 23:46:00,0.2833333333333333
2016-01-03 23:47:00,0.304
2016-01-03 23:48:00,0.3316666666666666
2016-01-03 23:49:00,0.394
2016-01-03 23:50:00,0.487
2016-01-03 23:51:00,0.5733333333333334
2016-01-03 23:52:00,0.6566666666666666
2016-01-03 23:53:00,0.744
2016-01-03 23:54:00,0.7886666666666666
2016-01-03 23:55:00,0.8093333333333333
2016-01-03 23:56:00,0.845
2016-01-03 23:57:00,0.8646666666666667
2016-01-03 23:58:00,0.86
2016-01-03 23:59:00,0.8059999999999999
2016-01-04 00:00:00,0.7066666666666667
2016-01-04 00:01:00,0.63
2016-01-04 00:02:00,0.554
2016-01-04 00:03:00,0.5006666666666667
2016-01-04 00:04:00,0.5053333333333333
2016-01-04 00:05:00,0.502
2016-01-04 00:06:00,0.4583333333333333
2016-01-04 00:07:00,0.372
2016-01-04 00:08:00,0.333
2016-01-04 00:09:00,0.33
2016-01-04 00:10:00,0.33
2016-01-04 00:11:00,0.3513333333333333
2016-01-04 00:12:00,0.3946666666666666
2016-01-04 00:13:00,0.471
2016-01-04 00:14:00,0.5806666666666666
2016-01-04 00:15:00,0.6583333333333333
2016-01-04 00:16:00,0.718
2016-01-04 00:17:00,0.7946666666666666
2016-01-04 00:18:00,0.8206666666666667
2016-01-04 00:19:00,0.85
2016-01-04 00:20:00,0.8566666666666667
2016-01-04 00:21:00,0.8663333333333333
2016-01-04 00:22:00,0.84
2016-01-04 00:23:00,0.7666666666666667
2016-01-04 00:24:00,0.6446666666666666
2016-01-04 00:25:00,0.52
2016-01-04 00:26:00,0.4326666666666667
2016-01-04 00:27:00,0.383
2016-01-04 00:28:00,0.364
2016-01-04 00:29:00,0.36
2016-01-04 00:30:00,0.36
2016-01-04 00:31:00,0.36
2016-01-04 00:32:00,0.3673333333333333
2016-01-04 00:33:00,0.3776666666666666
2016-01-04 00:34:00,0.396
2016-01-04 00:35:00,0.4833333333333333
2016-01-04 00:36:00,0.6213333333333334
2016-01-04 00:37:00,0.6940000000000001
2016-01-04 00:38:00,0.7746666666666667
2016-01-04 00:39:00,0.8186666666666667
2016-01-04 00:40:00,0.8293333333333333
2016-01-04 00:41:00,0.81
2016-01-04 00:42:00,0.812
2016-01-04 00:43:00,0.8313333333333333
2016-01-04 00:44:00,0.84
2016-01-04 00:45:00,0.8260000000000001
2016-01-04 00:46:00,0.7420000000000001
2016-01-04 00:47:00,0.6206666666666667
2016-01-04 00:48:00,0.507
2016-01-04 00:49:00,0.4033333333333333
2016-01-04 00:50:00,0.339
2016-01-04 00:51:00,0.316
2016-01-04 00:52:00,0.3013333333333333
2016-01-04 00:53:00,0.29
2016-01-04 00:54:00,0.285
2016-01-04 00:55:00,0.2853333333333333
2016-01-04 00:56:00,0.307
2016-01-04 00:57:00,0.332
2016-01-04 00:58:00,0.4096666666666667
2016-01-04 00:59:00,0.5299999999999999
2016-01-04 01:00:00,0.605
2016-01-04 01:01:00,0.6493333333333333
2016-01-04 01:02:00,0.706
2016-01-04 01:03:00,0.792
2016-01-04 01:04:00,0.8266666666666667
2016-01-04 01:05:00,0.8473333333333333
2016-01-04 01:06:00,0.877
2016-01-04 01:07:00,0.8893333333333333
2016-01-04 01:08:00,0.8996666666666667
2016-01-04 01:09:00,0.8059999999999999
2016-01-04 01:10:00,0.6819999999999999
2016-01-04 01:11:00,0.563
2016-01-04 01:12:00,0.4906666666666667
2016-01-04 01:13:00,0.4216666666666667
2016-01-04 01:14:00,0.374
2016-01-04 01:15:00,0.3453333333333333
2016-01-04 01:16:00,0.3273333333333333
2016-01-04 01:17:00,0.317
2016-01-04 01:18:00,0.31
2016-01-04 01:19:00,0.3136666666666666
2016-01-04 01:20:00,0.3319999999999999
2016-01-04 01:21:00,0.3976666666666666
2016-01-04 01:22:00,0.4973333333333334
2016-01-04 01:23:00,0.5549999999999999
2016-01-04 01:24:00,0.586
2016-01-04 01:25:00,0.6169999999999999
2016-01-04 01:26:00,0.66
2016-01-04 01:27:00,0.7116666666666667
2016-01-04 01:28:00,0.7566666666666666
2016-01-04 01:29:00,0.8119999999999999
2016-01-04 01:30:00,0.8373333333333333
2016-01-04 01:31:00,0.8553333333333334
2016-01-04 01:32:00,0.788
2016-01-04 01:33:00,0.6866666666666668
2016-01-04 01:34:00,0.5660000000000001
2016-01-04 01:35:00,0.514
2016-01-04 01:36:00,0.4633333333333333
2016-01-04 01:37:00,0.4406666666666667
2016-01-04 01:38:00,0.4086666666666667
2016-01-04 01:39:00,0.3693333333333333
2016-01-04 01:40:00,0.36
2016-01-04 01:41:00,0.364
2016-01-04 01:42:00,0.3949999999999999
2016-01-04 01:43:00,0.4299999999999999
2016-01-04 01:44:00,0.484
2016-01-04 01:45:00,0.5459999999999999
2016-01-04 01:46:00,0.602
2016-01-04 01:47:00,0.6433333333333333
2016-01-04 01:48:00,0.6773333333333333
2016-01-04 01:49:00,0.698
2016-01-04 01:50:00,0.723
2016-01-04 01:51:00,0.7493333333333333
2016-01-04 01:52:00,0.765
2016-01-04 01:53:00,0.7806666666666667
2016-01-04 01:54:00,0.7956666666666667
2016-01-04 01:55:00,0.764
2016-01-04 01:56:00,0.6893333333333334
2016-01-04 01:57:00,0.5866666666666667
2016-01-04 01:58:00,0.473
2016-01-04 01:59:00,0.3886666666666666
2016-01-04 02:00:00,0.3546666666666666
2016-01-04 02:01:00,0.35
2016-01-04 02:02:00,0.375
2016-01-04 02:03:00,0.4233333333333333
2016-01-04 02:04:00,0.4659999999999999
2016-01-04 02:05:00,0.5353333333333334
2016-01-04 02:06:00,0.6076666666666667
2016-01-04 02:07:00,0.6813333333333333
2016-01-04 02:08:00,0.722
2016-01-04 02:09:00,0.752
2016-01-04 02:10:00,0.77
2016-01-04 02:11:00,0.77
2016-01-04 02:12:00,0.778
2016-01-04 02:13:00,0.8240000000000001
2016-01-04 02:14:00,0.8753333333333334
2016-01-04 02:15:00,0.893
2016-01-04 02:16:00,0.9033333333333334
2016-01-04 02:17:00,0.91
2016-01-04 02:18:00,0.906
2016-01-04 02:19:00,0.8956666666666667
2016-01-04 02:20:00,0.8806666666666667
2016-01-04 02:21:00,0.85
2016-01-04 02:22:00,0.8033333333333333
2016-01-04 02:23:00,0.7516666666666667
2016-01-04 02:24:00,0.6940000000000001
2016-01-04 02:25:00,0.651
2016-01-04 02:26:00,0.6466666666666667
2016-01-04 02:27:00,0.671
2016-01-04 02:28:00,0.702
2016-01-04 02:29:00,0.7483333333333333
2016-01-04 02:30:00,0.776
2016-01-04 02:31:00,0.8133333333333332
2016-01-04 02:32:00,0.8546666666666667
2016-01-04 02:33:00,0.878
2016-01-04 02:34:00,0.88
2016-01-04 02:35:00,0.8896666666666667
2016-01-04 02:36:00,0.9003333333333334
2016-01-04 02:37:00,0.9113333333333332
2016-01-04 02:38:00,0.93
2016-01-04 02:39:00,0.93
2016-01-04 02:40:00,0.93
2016-01-04 02:41:00,0.926
2016-01-04 02:42:00,0.8913333333333334
2016-01-04 02:43:00,0.8166666666666667
2016-01-04 02:44:00,0.768
2016-01-04 02:45:00,0.7066666666666667
2016-01-04 02:46:00,0.618
2016-01-04 02:47:00,0.5519999999999999
2016-01-04 02:48:00,0.497
2016-01-04 02:49:00,0.4566666666666666
2016-01-04 02:50:00,0.42
2016-01-04 02:51:00,0.41
2016-01-04 02:52:00,0.4213333333333333
2016-01-04 02:53:00,0.436
2016-01-04 02:54:00,0.4843333333333333
2016-01-04 02:55:00,0.5766666666666667
2016-01-04 02:56:00,0.638
2016-01-04 02:57:00,0.6646666666666667
2016-01-04 02:58:00,0.6853333333333332
2016-01-04 02:59:00,0.698
